GUID;LENGTH (mm)
14taxZlb12TPanlqXt$7V4;5172
0OJ1V$qrn5WA9y$ImDOv3$;6831
3TX0C3kxHCWxV1BzFgTbxd;14100
38jJAWI3z3seZrZB0S1l8r;4976
2RqjJ1qq5E$gBaOIjzcKs$;5871
1IaGjeEHLDyv6fRss3vJ8b;6648
1glH8dMXf4KwYRapHJ3sS2;5016
0yYTp_ENj1jxtAJ1j6b8ej;5936
2x1Z1Ays59$gzrgmBxbVvw;6875
3ZQGt7k1bEQPUur5y7hMwS;6800
3dJLL3Ieb9IvHX4fgxBsp8;6395
2fO48GNXzBNBbtxm$Fz7Qc;6511
2Fl0sFzfz9uO36VYKizLbs;10500
3BZ4xGa4T95Rvh_4Hn2R8u;5236
3v4QxzWUvFFvqFXS8bCEP_;5800
2sheQU5QH9RAkotA2QB83m;4869
3VPg63iWT69hxlbLSpKqzu;11114
3Fq_EGnBD2yvp03_GVxDp6;4869
2hXJ0izqzDhwHJmLlcKF63;5396
058Uci4dL8egjvmcrpBflb;5236
0aql$JZKz3IhUx7ZsVxLHs;5650
1B$MbA6CL5CQRXIsVeLWB0;5400
3T6FiNhkTBWwBSSAalnMCR;5856
0tBA0eThv74O8GSnmcTIEa;5016
3WDz6XBbH3NvcIFJTpcPAC;6368
30k_g8i0v1jfDQrgByekg0;6655
11dwSN9rzDIAmOn2_OWXvL;6431
2fxfK3bgTDS98TkcrFGxmd;6431
3ZkhQSQpHE2hmAnZ2dnV2S;5650
2CPjmIW3X1UwTMVuZnqUpb;5800
3v$QrOIvH3yAV2QXWWNF7Z;5800
0L6SiQE4vAFgBrE14kBS2k;5800
0hEuynkLbBWBuRVXbOACBY;8380
1MKqHdJP1A$fFWnRq7_nGH;8380
2rsYd2GY50XB1$aOmTxrWn;6655
3kmJyNI_50QwluftRyeuQS;5100
1JZNe2YbL7E9si$87PBlDQ;5936
0q_kaq6GbAngcspDq2fuck;6800
1Gx0fMaUf5GBcbBpyd1lPd;5382
2CWtIm1E998vCUPaWV$E6H;6875
05KQK$w$1CJ8rV3lcndcjx;5255
1OXA8eGgzFYBGYIQ2Rb_Ol;6926
3KyZdbN4nFZgMwxL1R24iS;6800
15Q3rG0$vEsAo7mJkJlL3f;5016
1K0OHone147emfgS5QM_u0;4853
1iEBGFlWf0Qg2a3Vd_KAVB;5255
1K_fgqBh50m9n4kb5AszH7;5887
2nmdBX2hn5QOVKCWZb0Obd;6042
2gyL6Y5Gf8URYg3Bquah62;4853
0wkra61Bj2wxD9HkdM_o9G;5016
24B3qof4D9vPZippHrXsyi;6878
0WkfONfgT5YhTDnTVZ36Vk;5792
3nyYpWRIz7mQok940paGP_;6521
12XC_pqO53UgNqsLFTuLbo;5876
0XhnEcRBrDLOBFe7Irn07F;6994
3YI6AEa01ARB1gQEUkAR6O;4942
3dhFzORAH69e7YzIc03iwy;5900
2NWzUQGVj7Yx6V8NMZRlUh;5382
271SCxhnX4tOwM4gFjaAF7;5936
1JzStaLmz32R4hv5otuy_f;8456
2Cd957FxH2Iu4UaFmgKqFV;5792
0gVu8h0Gz4avImTiCqnKd$;5255
3egTI921rA3O0NObX7N4v8;4976
3s1ssSyenBPANmt0TRr5rt;8338
0y5tC4co18g9GjfjXxQ1rN;6875
17XMV8D0LDHun3ITOol9pG;6065
3bP8E5PHr6EePMr_DUMv6m;6218
1h00hqoFT4ZvETKLBB04Lz;5838
3t4dEBEB5EIeGtgB3Pd_Fk;6236
2h5WrNvED6FBHSkJeuvdE6;6521
2dvdn5_Rr5RwcfHxGoGGyZ;6511
29_abVfk55fQNscr1Jd_Uz;11115
2fQ26AQZT9FQvMs1PY9$uA;4853
1oAU8p$l19TPY5xqqKU2uM;6505
0DJtypn2v9b9KA$GXksEg4;5416
0DSvaAtH5ATgdiZz7Dc4a_;5255
0yiBaDUuv3Vg0STFNLwKDC;5382
1FkWx6Jv143R46jTzqYgAa;5382
0XKcuTXpP5ixL8vOxblWON;4942
1QYGJ9qV959unHu7NXYpKb;5936
3dDqGn931DfPksZMRZqrT0;4834
1T1d4wG4X9SBLFmdodz9Ch;11115
0JEOWlU4DBxPF2EyB792m8;5866
28VNMr5Qn4uvMeHTQNsUnR;5416
0Ze22I_N9C9xbvYefb0zNV;5016
2r0VFvHtX4Dv5t0sHb02nK;6416
14siqg0DnAT93UqfOM4AcW;5396
0ZQepUaan93esCSI1VZ76k;5016
2ylmPRaQHFluiNWJh_2U6L;4976
2Pb2EZWOn65er8A1ZBI3$h;5396
1vz2Bfdcj6V9ETNv9JnNdh;5936
2jULNp3_HBMBmUKE$OzkvN;11114
1v4m5yml5DlBtp_ryG$vhP;11115
3xNhEWxSj5LRQ2fhYCmP6b;4976
3W6aAzd1X7Y9zr3ch6M9Pj;5416
0hF9XRFm57bgLbaW7Qr4Kp;5416
2YmD354n5D7uMnNConDoJA;5416
0QmX75ni1EMx7khf_SYVCm;5396
3ZPEkmqVz5Rgsn181SZGBR;5416
38ujImU_jEIgcB33Z2Q1Py;5416
07N_v0GgzFbeHMDoVcfbeR;5016
1dcRi1OEjB5h3oJXOoIrzK;5416
03oVSDoYb5KORmNH_Y6e5n;11114
2sKUFHIFvCGg2LIJqDbY5D;6511
30$TOb5lbCruI6v1MCZYwe;5936
08VuC_worF0hn0iGh4jvqZ;5236
21AAvwonXFcuVb3F2RRPIs;5016
3S3TgKZbv1wPWKmB5Ll7SH;5574
2HX$2NTW9AfAD_NObVXDv7;5438
02JP9xsN58uPkqUbzzmu41;4853
3lrMja60P6V8NT0lGRETuk;4834
3Ap71FFtb1uwr5wmof$bB4;6150
1L2JMtD1n8OeqxiHyv1t$y;5665
3H_B3hSLvC8eU$VCwSWoQR;5415
1pcJTLEu55hQA3QbOR1vdL;5577
1cmp2y3FvCJfBW$N6j7M$b;5403
0XqQAgXsD8uuEBbN9O7RqF;5577
0tXtp02Mn449FUI_cWoQGw;5812
2TrIPLBW13WwwHFvgMQ87D;6170
3mdYglNBb81OOvtRR3pLj6;5000
22zxMNMXDArhIMobBK2sPT;5000
1GEhSOV6L8wBLZCROioGB$;12000
3Z1kGERgfBlQo7zdrRB4H5;7530
2EInbrYhPBthG0GAOMtPc5;7800
0X43iISazA_hkTm3jgxIbC;7800
33_x9bhh53qepBYScNj18o;6926
0DxDveVVz44eTWUUPW_7AU;6025
2Ahnc592z93hUGWkZrIgC5;5793
0vFF6WHnLEqRd7h0Z6_L29;5000
2R9GugnpTAHwdVabVKhKQr;5419
1qFzujUob8y9VAGAPSPZqb;5000
1WJUnjehT8cQsmZOCX2QX7;5000
116MDDwL11j9wl4Qil57de;5000
2JK0kUt_L6lwBhcaY1EiZa;5000
0X9_3uRET5r9KG0tnbUWam;25800
2Q$35$vmf3LeBHutcwp0np;25800
0a02CNDu54mhcEu6TzJeGm;6160
33OUx3S01FvPkyvf8q_B3y;5000
3IkSvMT_j6AfsUm0IXkfBY;9860
3vVLpkJwLDex_vkqHChSBh;5811
0Jmzd5FlnCrgH0BUflsdmL;6835
0MLfRrKCXCQRLCUmj5LXk0;5600
3SSH7JBpj9GhF3V8QV8S_f;5304
21a_a8k_r1vf082MHYEss_;6406
2KZIioUfXDMRjFinDh$vz0;5477
04gb5Op6b0NPJXWBbVh4Ns;6050
3SUvbbfjb1_fRPcOzT30vr;4897
1N5JfD6tjBSestW4mj_84x;5000
1hPjHHlljFNgcBkGW_M6v5;6406
3eYAlyfKD6Gx5D_eu2KPle;5650
1frb3JrB94ahcu$tifxGMG;5061
1XzbuHXdvEhRgDiD5DCng5;5651
1gGCoDmn17ivn4yUX6v17k;6076
0y7z658rbAo8i8h6dt21Xq;5150
3p4KpYE1TDOfK$bmE24Mzd;5000
3BMeGt41L95QDdGI3TjVDp;12820
2$e0N0_Mr1Uv2HbPf7FxBG;6211
2sOiaQhzjC0Rdx9bwP3uOu;6211
3UwbkzUJ9FwBrvFbXiTi9a;5000
3BheyG$af06ebPg6AOl6$j;22297
1$YoJppVbBeBqOaTsYtov6;22297
3sDYmZPCb8LRJJ1nx3Kuzb;10000
3C2PRmi1H9beD7DcpVH16X;10000
1vPv1R59T6ER$bDnZDfnW6;10000
24lCy1qN1BKfF01A1nBomJ;31439
0BbBhqfmT3$QU7ksbivBHV;31439
31HVNKoRHEseBOUQnkAkmK;31695
0Mhah93FT7cfXtaeodfB8P;5600
0mBv2Kx$jAfvOaCSjnqWlb;12760
30TQ3KTz9A8PXIUmzqipdf;24959
2CI$VP055E0Q8DuWC$zbF9;24959
1NVOZiJEr3V87Mta0h1Zbi;12921
0XBs92eOP8t8p$0fhexxZv;12921
39SHjGI6H6pwuLB3aUtRkR;12921
2TIZivcQT5hup4iLKQm9In;12921
2DjGlBWETDnQ3oB__s4B8T;12921
26oiCf3c912xOTVEMMzogn;12921
0JFkPDZ6L3_gMHnhqyUdhQ;12921
2cLG4bgzL61BunUo3luhDn;12921
0vZ38lpQj8_A7MxWrN5VgB;12921
1JqadP6aTEpBx4zYCGKV6X;24200
2fnilS5L16MAiemdm7kdR9;20000
1XXHLJywzCMhxWXu2s3UNJ;12760
1Uhm8AFG5Aaerk2bDUebYB;5000
2b71Dk9$n4ue433pGIpAVl;25142
1NiyB4dIb3JxzvNfTB1GA7;5800
0P0mRmt7H1dwJXAvMV4WHa;5800
1y2zhQKYH77xztcleG0UaE;5800
27fMIIIFb2xPS5KCKWMKD2;24979
2iJDpRFQj0$A1BBr6kxE5D;24979
2acKo6BjP6sfRLDOa1CN3Q;5600
3ZDust_eP0f9Q$5ScbR6eL;7261
2gsAv5smHAmO2tUzQRDle1;7261
1DGa$uvXLDbQJ5ptWNMoJF;5800
3MMeXVryT8ngXf1W3UJfaF;5800
2vkzxOxFTFExEv4ZVjjFBA;5000
2Y6NyFm4rDqutEddJewTUx;37572
0xKAI10xP9yODNZrjtAWv4;37572
29KGJnvNfFIAuAP5gp$xnW;7510
2dVyWTw1P8ie7qhlr_PcCx;7510
2h5tW$kAn4VxDqVFNWbrJC;5000
1VChRIKQ9CwROetruc4a0L;5000
1RsuSoZD9FJwgUvPLY5DfN;17930
1wEvtrb3v9j9VTa2txvfXJ;17930
1sGapTtZb5SP$uy26B3FlF;5000
3LlNH64k53nRLQek49guNu;11166
2O1j6z6v9C$O2dSJTzg3hv;31695
2Imdishgb6WezLsYBgGZr4;32110
0SP1tiydXFlfjv4mIbhskH;6231
2edTDzC5j36h07yqMR320j;6231
2T9A_$f7X1e8G0dJF9tUEL;9090
2$cTxi5rz69BDc046cJ_Qz;9090
3ywxAjFJj9n85aFLS4rEg6;5800
0D7bVleAvAMeafzzhcfafh;5800
3KBYGQMST1aRxokf9x6OZI;31423
22uIhp6uP3pe6YbPooZiVY;37571
3kAztxMYT0be7aQOofXsZE;12746
18qFZrVC93evYfQgJHF7yb;20550
2gJVF2JdX5AwTvNM3huWvR;5786
1jAAmhJWvDHRg5WN_CIFFN;5000
0Lrf_2VL11CuMiUrxarYss;10000
26KgiJgzv1Q9r0bix6Ddpe;10000
21DZ3MNALA9BYKaIqwOfau;5800
0yvJ34ybX3pRe0r5JKPuvm;5000
1zSzEx4FbA6hADgwbviX0d;5650
1grzG6zlP2sP5fFnblkJmZ;5800
3uiTzHoP51YAjpOdXFs27Y;5950
0SIYtG51561Q1ruvK0SQWw;5000
39eC1giNvCKed1MehKjnAd;5166
1C_uXRy6n8qP1tiXNwcrQn;19002
2Mm51TL5TBDR5FqoU8XHDw;19002
00JoAnsSrBG9TDGU19yvVj;19002
1jmmyC7MLFVAGb6ZTq5dCD;7000
3uKOWSIg58guf5H92Np8r4;7000
3_YKwlPHD9ChwYiJ0yjmoK;5938
2dXPFhuozDPOg2PhkEZe$e;19002
2PDzkH0xL7UehMDON7zZBE;7000
3tnMvNDC1D5fwu9PIGHxis;7000
0CqNRxJXT6bgOjnrZlAAKJ;7000
2snuUr0_TFlhFt$Gr91uoW;7870
13ptt6CyX7zRRUKnw5prv8;5284
3Zx_H_qz974xRugg0z3xpL;7860
31q047yNT1wult$_MfZF6u;7860
1Sg43mxnH9teuNIfL1GMy9;9605
2VhswRCyT8W8HDECeAd61Q;12802
2qYrEyFEP97AbeTtuIf_Eu;10525
2BgbnvI2jE4AdhNl6CJf49;12802
0q2cHzqHX1uQTxrtrLYjgy;5490
0$cQzcPTz1yflzX1S9zYud;6180
0UW2ovyKr9wAdkdsfrtWeK;7800
1eV48fmnbAXvvzw5tuaaR6;9860
16iVdmpn9C1f3C8L7f5SKP;8150
2fTX2Az0jFI9r5zukg2EIi;10561
3XenRSBLr8Zh_cm6TmHxzp;5785
0O$z_6kNX57h2f5BnWDJhH;6083
3BbTCxIP99$Qsm9VFcKK5G;7069
1E9hn5s1965g5sQtkBLWMU;5710
2Ido6nN$nEdu_1VgKQdWNa;36889
0Ze2pd6pj1SvPfEXctzJaA;37187
2rbMJRixz8ARwgNNUG0cZF;20000
0V$672NMjBBhojPa9AkQ_K;17080
0z4yP6IdjDSgEmHk0kLMlR;4960
1tzi_ImEHBuRzyJyfRoVSx;25940
29j9TyHNP629caxXuTFASb;6550
0UU3ceQ8rF7v5kK6Ttgm9f;18760
3cAk04LSr8uhjLV_od4TPv;5320
1s3Tij2$n26PuS1CYnYH5s;4992
0VV7SnEx5AvRnwhbm$8kgw;5076
0LZwPvub53vf7gHUxrZxAw;5010
37TkTxoYv9$QCmtUg8ZXdU;4989
2A6kCFPZT8OBG0CcId6mUk;4989
1OrxEF4av6WxMnpyANbwge;5200
04vUTBW85B8ROgeClMwgju;4950
3Ajlqak_f8ExupMc6of3VC;6292
0ocap8H659gRVWCTeGAPqB;4992
06zB0X_f12k8o3aBpK9_Fr;4992
1vc2WLQXLDERKRgHv49Uj1;5596
338vFVx013M8qrsEZr3i2q;5146
0qImv4fdbEGB6_w27s1kzp;5330
0J1rHt1$D8vhyd3Ns7PWDN;5130
32edJkxo55R9vdRPd7Xnqj;5080
0ux$moMmjFavZBOPtN4hEJ;5279
3A08Wjsh9C$fYC$BL952AR;5402
26Gtl37dXEnAmEefBZqjmx;4924
3ocnASAtX8Ewhrn_kxH9Tx;5118
0zeNY7VxPFFAPy3CCS4w4h;5876
1GNmHFtnj9Ow3d7fZLQPGx;4992
0rUvNYBULC5BzqGobyEuBi;4835
1TVBBUgAb5ifWfD_JTkpzd;5000
1HysUyBin1$BLeMA13jmDX;5000
3fqW$eENP2JvsxwpuyBIAR;5000
3F4miHHffAsehVNbeu22in;5000
1AE4PFSGb03uuN8xiQKAav;5000
1bspHXg4r2KPL4_mutvxIA;5300
1iiOcnYFf2qeAfQtKvmXt8;5660
06AAIjqKjCpQQq2Wx6umwF;5395
2Fh5WydKnD481zGYgaBcsk;4900
3RBV9sH6v9mg$lRYFUI0D_;5703
3MRt9bz195IvMaNGFovwD0;5000
1BPC6Z_F19wQcEB7w3GLdp;11552
0CpcH1i3b4eg51PzNgnfRs;5917
18DbZZ$bn5YQvPw3OcTdLX;5871
1XnO$SsDnBeP9wH9ZvoCg_;5872
2gzVX4piH12Rikr4yac_8v;10000
1wGKT_2iP7me3dlXPeH8lc;9889
0h8c2LVa56K9z8xNVUog0$;4950
3lKeWURujAHeH0w$FUYtOp;6416
0kY$5aHHP4MhglG4bjmZUj;6416
3Sq1k3yiz0mxmEG0ZJqexr;4936
1Vv3B7t$DC7Q5ZUNgVUmkO;4936
2QVrbBpXv87OIhiqsPwrii;5400
21VJNvUYD8UQ2dpasFVuEu;5000
3z8G6JZvH4LgHNXNQBhXel;20000
3kA6gK6P9EYQ8eeV9Szvey;5922
0K5sANjqnCSPR$BuEeJN_w;8405
2SzV0sASn04vl5W8k5DubR;5400
1_wPKQSFP57gRWEZrJRz$G;5000
0hPgCSk5rDqhRQ29hmxDkx;5080
2xpxKhgqT6zhwOaKXmisuk;5146
3jAiQ_uxz3Bx4eqvQ8kBTl;11178
3DVlSQs1T7L9$nGPSMvRBN;5086
3eowycTWrANORH5EyMmJbd;6338
1a4v85jbD39w79iJEFrkQI;4839
0AG3Wgyer4k9qZUxjEv3lS;5627
2KWg4$qfD8ERCoSDrVxQwQ;5505
0VMcFK0ozF4gZGu4WGRj9W;5336
3WBSZW5vvDRPiPTm8OotRR;6076
1dMIz3gZb0EPIObTuIZYU2;5614
39xkHHyVb4pvpCppqfArl1;5615
0$L07qh9j92B$g_dlzdV2$;5248
09vWfbD$57xA9I6ygHIgUQ;6725
05dSiJGsTF09FVVjRq_u4z;5000
2SV$NeHc12OBvnFIfo6Bmk;5000
2$Qr$uvNr5g8rp3ggXjGt$;5881
2cFWso2lzAch2zw165KO32;10679
0meVKeSrfFogWNQ44Qsw$m;5508
1UdMdnnEr2l9hzt7jZCNTX;19002
3BWLL1ytL249kevRLnCd9r;19002
2M2g0sEw912BfTT9hNaWf0;5022
163UDu9UfAd8r0fhFindXp;6386
1iTpcuf4nBtvQwcT62EGeh;6386
2ffXG8YIX7m8odCfbFclBq;7870
0LMwIYlVPDrPIPWTO5K2o7;5286
0UM6PXkwDDWvzFghqxYTqm;5000
0RvnpAW8f8FR$MciGiMZnE;5000
16A5Q2yXHCLOOCEn6kjrUa;5000
37yirEu1914hNqce$8nqlR;5000
1RKCv1T6z39wdTxwOYk5Od;5000
0hEGrEaab84RX6WBoujbe9;5000
0BwhLzNV99OOHspHe22Dve;5000
2BvGEj6KzFr8nDRNCDdWxd;5000
32v9Apr2X8iwBr$ywknrPg;5000
1j8$_$l_T66eqmGHbITWEU;5000
1V2uXuH09Bs8p1y0$PjtKh;6338
1onD$z7V9BmwanUWluRqTt;4839
0_xkTinEn1g8KwE1jzX0B8;5186
3vUlW0bC16gP0LIKaUhKoh;5000
0enYHXl69EpvZCH1l76Mw_;7480
3nr216uZ9Ethl6MJ1rp$nQ;5801
3tzVF0Kuf4kOLhAKjtmxd5;4972
0xsbfZ_Q9B7RmtfcjNZlGZ;5500
167ZLGh9z0vfjZ9hKPudfN;5660
18NBOigA980RCUqbV9Nn8s;11680
2WDbHs1Xb2mfZt_t2uHNcm;4995
2gviWXQNrFiQllqmtYVB38;5451
2vGE9ln0bEj9B9QWje3JKU;5473
00c2TUDvT4m96rkHvKA$Bs;5236
3LwsbUAKf3guOuITtqBm$5;4868
2_6jwhOdX1CPPGiR$Hu6ka;6080
1di$Obbmz0qRrD$j5jWUE0;5236
1aF9w4Hsj5W9J4iZDKnAG9;4835
2LfO97WiP2z9yTzOZm6bZJ;5703
2vKBehcInEOfptH2Je$8ls;5147
2x6Eho3GL2bg$QynoCLWwK;10000
0s2czpvl1AaeUhehPMjoxD;10000
1ttHjgWDv5h90pI9EDRgj3;10000
1ZaJ7gjVr8LuQqbzINmOvx;10000
1N$mEC7yn41QIX6ed5wus_;10559
2gC15EIr5588by5gZMrzlV;5151
1sfasX8tz2nwmJBNej7$9F;6160
2Bd9CEW4n53PSsALFeweGe;5086
0YuZBMf_fAqh_lta7bW_fO;7875
3w9Wsbvbv8XfvgTBqQpBq_;5421
3lgxPVmD11oBO8Lg8TvywI;5069
1rhPCmUCDF7xhOokxnA2vT;5312
32m_tso754gwq_Wb9cK6f2;5166
3IuJ9YJNvBj8eQmgkSEFTH;4995
0nfgJ6TUb5whvYkG8NfCXb;10537
04BvsmpDzEkQe_Ukkm6jQQ;5146
1UtXD4R452sgRVH_JfKakw;5097
2hteoTalvD9wdSjYAf2uEv;5286
1QjC6S86zAWhXxQ6f1ssyW;5151
0mKcjKBxfDRe51TqeqoyLv;5473
0qVApLPHXEbhAMlKYaqd5P;5760
3uueHxvSf8dwM57GQvyYtZ;5831
0rhXYCWm1FRfRMF7Pu9CSl;11680
0dGxP5zdLDSg2Piuu0epQH;5841
2Pm$ghSnHBc8xShEOZDlB2;5186
3BXol69gn4q8Hh85xGPuNR;4852
0jc_IYkLLF0RkGlNQWuX4U;5509
0I_AVc2JXDYfDyHFNd7cYK;5647
1966FTjAfET9p3Qe8tvnzN;5460
0U2LpRd_LE4QAAtf1LmlmH;6628
1ISA4MjcL1MBonql2Fs2bA;7870
1zh$iPPMXDBxOZg9Fgzwhx;5472
1J7PhZhUXCD9q40X2neqmX;5465
0CzDk3V4nEuxTNVA6MIxlZ;7870
3lMndcoMv5d9bLbI_6l8Y0;7870
37co$z9jPDBO7UwbuYZSHm;5246
0M3NlPSr5BDRwS9At_q$iA;5036
3cnVXLOyz1ohEDseeRCTQy;5666
0smCXq90b1OhDM82LSAd4D;11680
35t$vZmUX3uxvCSeSeSHAM;5495
0lSwdUDzv9pue84WR3Uxb_;9949
3G89ZwBk502Ayxmslw_zf8;5286
2Wexsi7Wv2yO4ON9cXzBpJ;11329
0IvQ8y_1542wCfKbKZH33d;5236
2iX4pyCUn6iwOqhId3Tk7D;10811
0ZvI2tNd91zfzqHwDG8XRp;10679
3YPgnarq14rQNj1t5xiZrH;10544
1JChAl1sL2WQ34Y9DX6_l8;5460
28DX4fFzf1FBGlTuVtZKWN;5505
0vpAmfkIT8YAmy8XthBiV7;5976
1Pf4KSSZr58ur1zsjD8Zcq;5460
390x56y8L3FfpAEkQ7umNV;5110
3aZ7iM28bF_OF5r_n7IAdf;6560
39hcE8ec1DexmxmUYerK6v;7860
29$2BXhOPFMeZjgYQPhG9P;5451
2YG0y_xmX54gQvU_L9lPd0;5094
33Yg1aOdfEOOVUvnT3ejiN;5067
2Quaq_mJ97ghTPf_R8Bxne;5718
1C3ZPS3O95JQ7gy2APqRdy;5505
1CgjRYLpjDdRxBGtG5uOon;5462
1bK7SHN_DFLvVrk5z_PyIV;6730
3fKWuy8$1CYucXNmzmquL8;5295
0bzYjh3a9CbOTRvnU3if5z;5435
3kcUcL8NvB4e1Ivbv_lUAE;5436
1zdx2QQgf6VupfH92ZTpx8;5483
3n$24Ni0vBuePycYcZ0kR1;5344
1koLE6UB14ovgkM8Fhwlaq;5276
3$LQ2sxMP8ahF7PKWbxnuA;5266
0cfFvPVCv6HhorHPsxGS0C;10826
3uKENXEGfCqg_ebBh35Tn7;5136
0fgAhDPE9B7AAntyh06uoM;11680
27FkjutBjF48A1Vm3TNhSF;5151
17hMtwEJnDde9MUfM23Q5F;5260
2vwyfqebbCF9hUJIFEKzge;5841
3Qpb$zvwPFl98yBijJzZZG;5597
1Oxk2L2kH5ZQNT$$UJWsb1;6094
3roOQbiED1PvN2xIBQfinN;5505
3xsE8xBfbFPRHe5eOcn9Wm;5357
2W$qFPnh946uVCQDnF$uuw;4994
3wNegBgLrECOzuq1cbrvsR;6109
1xTghOA3P2owZ6_NqvWKd8;4959
0Yl4x78IvFqezaNjBahr30;7870
1BlqhMxX54tQfObszxKCpZ;11370
3TJgtFc8z4Bgi3cBzM9qQS;4966
1MAXrB$lv4qgfARE8VEFQK;4916
3GyterTzv619$z55vmw7j7;6110
13Nya71M1FEeTknsIAo6Yx;5505
36C51NLyXDdQjdK56pczB0;10873
2yQH_reM159uvvpHwI$CCc;5505
0u5wGKJCnF69r4JJGzwH_N;5451
2sm7HGFGD4ThMpVyAAbu8W;7870
0O7TleE795yhAEynE2aTQA;5611
0EK1g$MgD9S9G_9EOzsaou;5037
001hr5bVHCg8iq2GGqDqat;6028
1jiwHNWjXCZfDMsswQ_ONE;5426
1_PJ1S8Av3E9soKnmky4mN;5148
3QXdxgZADBn8qcfyf8sPIr;5070
3yiGzqbg54pfj7yqHLbaLv;11375
0S9xwG98963gnLgoaYEYKC;10559
2RnoeJvvL0KRTOmh0qUUC7;5201
13t7VeX4zEwv4S2136G3uI;5251
3WHZ7SqZT8Svu0VNMh_JEP;5251
0mBZ5ejsr78BkjryqPsfys;5332
0AgLniYH19995s5cp6sfnX;6880
1Q0M7BdFf0hPQzJvo4ZObi;6860
0S_lQaY9zE2xVZLd4gdBG5;5110
1v2Ipa86n5K8Sap06bxTOi;5260
3EVaTHP7L5v8Puq6D0gXf9;5460
0xPhvRjZT8iRRcrmKd2qam;5760
1CCYDW9pb22xlFgxU_GjIX;6860
3$J7aFYOv1CRE7487zVCHu;6860
3kkT5i$crD_hmX89zqAXbC;10679
3MraIYB6bF68947Q5UGmwo;8598
3cgV$cyR99sB9$Ni$D4FlZ;7037
36APBgZBT70QZdwTW0WNkS;5469
27uwnUaYD7KOjcmogvZGbw;5068
15_2Fda2jChuCAQ4QiAFGm;5485
2rP7CkGV19Bw9CzvR$Czzz;6160
2Laf0s3SvDyg74Xmct5HX9;5095
3rIPGADOP65QtXWcBJZ$ED;5067
3eIvCt3Cv1Exs55tfnaBZ$;10544
35cQ9eWljAT9wNYhilGeT9;7638
08yuXrvaHF0xhkreQgO9b9;10988
1f4W_dvO13$xwB0azR0w8u;6082
1Wpu9vAAbFsft1nikUTMVk;7860
3_k1v23tPAyRbglMT2FZp1;6082
31TwDjH0D1DhEzeP8Ctvln;5881
2HUvFZpyf1Deh4$CsU9ijA;6265
1ar6jqJA525xsW7nTZHAA8;9949
088gnzjPzB5fDrIM60DcS6;7875
20KzNuuJb8kfUhfywNkQqX;11178
34Jiyy4Pb88uhFiuS2LQfo;7316
2s3B8k9fLAVuctjByQvaal;10327
1nsd_fAhn35QgwTt6leCt4;5747
01ULJoW$T8EeGg8zRRQTWg;10679
3rdUB2_jDEguWy_20Rreal;11375
27C7WtD8TEUxHELTFW4Gcf;7638
0GmTsbHkLDvAUN74ZXPdHZ;7875
1t9$oGWX5BJeM4PErgsmqa;11178
1QJl0jWYDFz9U2g92RxJgq;7870
32q_BBZIf96glwijwu9eAK;7870
39g33VbuL59fCWwVy89Wej;5831
3KRSJKeer1$uO0IK$gcoZm;5831
37KHbun1f5Vgi3vz6cTPP8;5831
1Bf5OYMTrDjQeIlYwMmgNt;5831
2$Tal0VDT9MBWza$SSxMds;5332
2oyABQPVb94voamJEEPtp7;4852
35O9fj_M99$BUbXtNERMIx;5751
2fz1$Mvzr9DwqGJdukKnaE;7870
1EGVbrIzv9FgytC4OW0SJh;9729
1_nOj$gUP4$AQYWvilD8jI;5266
25H5lxxo56jve5hthHTw24;5450
1fAMNlJhf42fOE1EXxmcfI;7870
3uU7qJrePDNQlM73x_Pw2R;11774
3ZK3G_pPr5Dv8Lzj__kzgt;5636
1u$Pl8t_bBfxZdZsRA2aGy;5816
3E$$wwtKX6PAZzKUfuzO0S;5286
0lfGhfyDv7XAowWfczecOY;5651
1dICwu9avDyu8IYLwNkVGP;7259
0n9JTEiYL3KQj2disxhiW7;10559
3VcmuZHOr71wJf4LX1nAC0;6350
0O0WCRivL5qf3Noe3I7cUp;6796
3adw3BGqv06OJUJH2EIXBG;5636
3Hjn$jfE9D3BkdrdRcZCGM;7875
0FRcQgWmLA2QhjhABeHSQ4;9005
1P$38Yoqb65vHd7Y4TGO70;5766
2SPisE7aHDC9PjPNU2l2UG;5716
2zHUx3ZQv4SeD8frQHuwkg;5351
2hj1TxcKX4iwQqMplLqcYp;7645
14$pHyMUv1FupPGm6H$BOg;5650
1lQqAbhDD1rvjWWBzhnxc4;7575
0AM7JWUSD13RW24GNr$7WB;5236
39D9qdvSz3TRnkZHUb0HYD;5454
2CA6K_my9C8Rz8JLguxB9R;7860
1pPiaTKsD7RP1rXVrOs_aM;11178
2xr8tBOWv7PRv6jVDpJ7qE;7480
049XI7Ybf0_fTD0eHjecsa;5359
2QAzqS5Lv5wPy_OPIy_Zn9;5793
1udsjpjIP878znX8V7FszI;6860
2uXLjRjjH1Of8YuAIWNv9l;10679
2Q8_0cKD9CVRZYjGWXUqds;11329
1FceQaQKDCvvKuuRwT34ZY;11329
2B81k6TQ17oQkY9h8_6M1F;11329
2YWiQnMz93cRWzeAKTxgBP;11329
2AdapQ9lH8ve1M2KucGqYA;6730
3mdjkKf4n6hxwk7WzlU6XR;11725
279qzK_H1CHhZ8vJaXHo4R;6006
0MGvRSMyf4nBLEaaeOxiFP;10695
3vxQ7RUOf389dvqH0MFWgH;6028
3Qk4iQynjF_OTgummgbl1b;6028
1axJjXcSX5u8PR80GxnEgM;5196
2jkN8uhen0Fgfs1xLmhapr;5817
0sNbzTE_z0EPmxTrK_Cmno;7875
0YEhHLbIX36g5RVK6eq9f5;5976
14FZhnc699VvjGgxgN37tG;5435
1hpswTKrL4iwVLJMeZzqSR;7475
1TN8IwfGP529nY6dcPBKhG;4837
2XFqmfSrP2EhzWlHvagFiu;6100
2QbtrYQWj5DAcUgsQsX4an;4880
1AUTDW97HEj8JMmxFOfABT;11178
3wm_kwNDT4VB9j8giEXxQA;10956
0pxoq1HQXCx84$Di8x5NYH;5811
3UspcGAwbDU8D7MoEMK12G;6110
0RZ3vlHVX9B9hycDPo4UFd;10956
2FapdkHoD7nANbtN91nfLt;8631
3fUmVrmgv2bAILkazgrfsS;6265
0_MvWjPKD9MBoCpoDGbLZz;8631
3MYUljNkb2hAaDrhMehI6U;9005
1KL1$R3Nb5GQHEVa3qHNEV;9729
0R0IMQEO14TQG6F21LYGaz;6338
3MxMxsi5j8wQcfzuAPvfYP;8785
2kSHpRN_9EewDTAojCoXP4;6338
25hjkxPEf17Aeoez_cHrdf;11416
1Ag8Kmvw1AS9c0FnOgEsyk;35753
3nb4t0V_v388Aa$kQevlup;13469
3Xd9E4ii128Pk0o4CX83GU;5276
05xMevbRT339Y2J6YzxrD4;10212
3y12TVUu54yhGjq0BpHB5z;10220
0LNnPXKVbATRKPg4x3$3RB;6820
1jTI1A5Wf5FgMmv9yj$Rfj;6760
0JoltOX4z9tvhf3X3NCMoc;5538
2U9RPjwGnA8v8KkZB0ExKx;6193
1RhLGKtRXAoAF_YlqClyQQ;5816
25IJFANn54HfvKZglhb0qK;5992
2wqo3moZjAbuema_AH_R6F;5502
2fVp4s5$f3t8UXIsj_VbwX;6621
1LZZB8tBP7reE2J$w7$XAZ;4980
1fZ6LferD2hAltuiJudxBH;5256
1NPLpsqPr1KR_D_N61TWLF;11397
1IIMZr2Qf7WQTL7G7EVUjf;6231
1AgH6zXyv8ewLFee66w5eW;7540
0nomY64k5Esh_WDScjNzQd;10035
2c5wPVQlL8FgBODqu9DKMR;4851
0zitDGZej86OvCNEQeXrXQ;15770
1GiAEyOtT1y8SfFdgLLJEK;10597
3hV6AEX3HBdOsujIqiY5cf;12942
3t7fXnAJHDlBY3d3RzR3fU;35753
0iO3BwuNPFPwt$$CTeAqgr;6785
2VyMlr3Af01vMPgqNsVWhM;5548
3Gqyjbnh5ChAmjKqH6TjOG;5479
17xcPYIc12Du4p$DQo0R$M;5623
0pwlE_F7f7HOeI0MLHzt0G;5686
3zjTOmT2vFogK4Hw65ARmZ;11300
3aLDu1oQDCmwhxuTCtBXdY;10035
0FSI5GiPzDPR1polCI_Ex5;6261
0A5U9s1YbCQeYpnvoKG168;4966
17YB8g9ZDAkPHcp3GpXNoZ;30362
1se9HeYYn91frhYml6hB1j;12416
1l8XloFTDD9fJT$dfxULev;11626
0vjd$FMjf4TQJmO1v7D7Ol;6219
1JQ9DSomv6p9kR2foAVeps;15910
0euGykk5X7SONvjiCJA1Yb;5627
2qspGr6Gr3gehITCmQb4bU;4854
2lfvk0di553x9RDEA0U7vl;6701
0ZJCRqqv1D8OmKVXOYnxa1;11482
38BO58Nl90swtz7jJAVUiH;6692
30vF$GH9fCpPnifQ$xgUiT;6382
2zwvlWoYLEOuVSZL5ChANH;14990
1JEJD6erP6XBisIvHRSQCt;5271
31HCwrtCb8Bh5tKIsBqCXR;7860
3kPsOXmxzF7R5QYVymn1Ey;5018
3ln85el3XF6PiWyZ5dlVvz;5053
0EJRlNmWzCoACTOoYe$mi1;7852
0rOIRq$QD2wxgvQrrGyx2J;8545
1lOLDf0Pz5RueJioLmI9jr;9348
0i$oU16s58f9dSyST1GgSq;13482
3qnRbsgRTA6OVenXGMIApU;5230
0F_2ZUYN5FOuTwfpjpRb_0;9803
3uDJkUoKf3O8Mnc6UCTxR0;35753
0mmZ3ymDDAGf4LCllCOp9A;5502
0xA12$QqT7hPELXap6Ocv9;9797
0UzBs7Zm5BRv96b9PS6x7o;5334
2f0vi_okrEWxpzOVU4YfCK;5086
1fy5DJP1PFUvF8zOdwpf9_;12760
0T7vT9e7D8K91A4BV9wekc;5260
3PBcQ5n3fBuvQoCUdh1Iwi;11196
0a$ugzEyP3rA$izbTO2P7I;12760
2cpHs32yH7v8dwApjBYFQL;4867
3MlTIKn855V957tjiesyw$;5280
2__k9VFrn7oOc6y0jhGIGJ;5280
1L2xNaXTX3EAuiZu6N4Nox;5280
0Sn3pZa6nFDPDDKblHDlTD;5280
2DTDljLTr4gB1zVq19iR4v;5280
13CABBV9P51v6AT$CR5YD5;5996
3oeTMMPg166vcuc6H9TUII;14374
3JRvFilBf6BhG7fKpH6DFz;5753
2Hw_6cjpr7vwkDWC9b8wUv;11180
3xgof8bFb3pO1oB3_Lldz5;5000
2MN$kzWhr63xO1p6X4PyjD;5724
0QebZsge1D8PhoA$RH4mQA;5956
0IovmhdrTAkvcC9g1MzlLb;5318
26f_TKlcD27frLozuZmz1$;6913
0mpScRosv6FvEw1c1zdJOR;4852
2sC5T5hoH1R9kCoBtlB8pk;4852
3P3Wt0yyrDeOPpLXwv2Ftw;4852
2o5XtyTND7lhz6GFYXwLeC;4852
1W_9_SRr13tQjmcc1ud4i8;4852
1chZfIcT18ivp5K1fruT21;11984
1xJYkJhXP9iAqSMAL9ukPj;13071
2we6VH3X5CaxFL2FcHOVsW;5268
2q7CF_dcr93vh6X50VWpx3;5638
3oG7gjiyP9EghhmnPNoCdq;5736
31Xzcbpz18zhPeLtZBkoOH;11818
05DioXUr5DJepx8d_Q1BZ8;11818
00Ehee2bD6a9dVFrNCuW1$;5323
06MI8Yu3L3kP4fQrJjNW9g;10681
2ERzVgNxT0GAimk3cNhgec;5112
3Q_hp88_DBPxO2rAUjHkXf;13185
2R2Q0magj7rQRR8Ciij06P;4974
1XmC6pYKX6CPmPP5JzLUG5;7941
3u5fmT0mb3UPnSeN5TJLwx;18643
1GgDJXJJP5r9EGPMMhEf2m;5338
39mAHjCZH04OwPVDpTiMv0;11514
1Xv7yGANj249MzXL9NCXnW;14374
1Cm_EELnTEvOlRz012oO9H;14374
2UFrd_rbD6UR$Izjr$J7ng;14374
1y9sE1ThLEWf4zMETpExSe;6243
0PpMWXztfAbA0NQPZaA3Ji;5260
3V1DmWd7599g1uB5j0BEv$;7495
1hKaMeOfr4tRwkod532$Mt;7495
04v$lCxcv1oeetO_rlld$0;7495
2r9A6vVcX2wxj2CpuJJZlU;13125
3ad0bVwMb4kAh2zoZH2rC8;13125
1qVxudrFfEJezXa3avMf$W;13125
0AFLrQXr1EBfIwvSJ7ez42;13125
1HU47KhfXDy9eCU$RyDR4L;15910
0bP$P2mNr5NQL6Jo6caRw2;5239
21aP3lY5HA59pK7c0NEyZx;5239
1wt8acxkT9i8JSQQ3FgQ2w;5239
0GUcEiULPA$RCN_GrxIx8Y;5239
3r88SVr8j5CfSD5$BXLQBF;5239
3Iu3Hy9RH0SBOHMWUT16c7;5239
19A4p_l2z6GPQEj$EB2Ssg;5239
025$oh5d92Bxw0Br8Wz7UL;5239
0zSfHmgzz9Yx50YK4UVGuw;9927
0UMKSW21zDcf1EO1auRudJ;11486
00r$1VQD95VP8DT5R_bAo9;5425
2DlNPjmGrEa8f13g9whQhf;5372
0nU_Oq4rn2R8SQAIncjqXI;5060
2PdHVNmtX6gugKXzMuXsOd;5060
2$NbrI38z4yuHRlkFPwcM8;5060
2cHu9Ic9n0SA8QiOhYhd$D;5060
1tOWB1Cb94F8iF19c9EUEA;37174
0u2d$gzgP5s9dEbu2ULh2l;37174
044Xf2KefC8PbHxt4LotAG;6844
23AY1F9iPAYBicy9TEgeHV;6844
1YnvzHWC9109RZ0a4gm7g3;6844
1P1zI$kg53xe4GTYf7QnN6;6844
1CPD9VBU56DOZIUdc5KvIt;5550
31z9Daphf7eB7q5O474lWB;19013
2ph7e9LUvAkOsHdgbEVa04;5548
156HlxF698LBMkhyhui3py;5548
25hnEoXwTBfuuagK6LHWYF;10489
1XDiBgFEj9tPYR8cClzwB1;10489
3DhdhnUoHFiOS69gOVAxcr;5041
3cUeXxFGrBqxAsGBifWonX;6420
3IxIoO3NrDTfL$twSU$G8F;5019
0_Ee$pc29B2vCmGYutmXBU;5019
2sUijpWtfAKPD9MLyhpAA5;5019
3Qiz7g3jPBJAJAUxcXkt8V;5019
0B3WOCi550rhUdCQLnKmdd;5019
33iXzTKEr18gfUEOtid6eA;5019
0urSkLE$P4yvt9N6Slqlbn;5019
2Tpz5IZarC6vHJeTc$QLwt;5019
09FDINLEf6zvFgiK2G2UIy;15912
1QRRv45Df5OxNI7ZDXdOzt;7078
00eSpvzCrFZvSNKncjark$;12700
24oLrfyGHEoQAu5krDC4DW;6778
2sGfAsQVj5WAYvil$ODs70;4917
0S9EZpSJ90vx7uTs7SFDzx;6187
1ljvSb2XjCW8C0xJHHGARC;6098
2hIdUVhS5CgQUKeYKRyHGu;12269
0DWUNGLLjAzPF3b$IfvTDR;12269
0eABh2i6539RvG1amvTc8E;13490
3h1yyj5VD2SeecyE8yuePe;9320
0M6EuLImnBlw7IRIAzNiWn;8661
25mOrpGivBSBJyEqcqO4gc;14660
1AXUSqYD19KAe9hIRuCtDL;4847
0M0yUwsL53celddnq1gfcq;4847
3O47NSpD98YfclOJaV3IpS;6870
3zG7B7kjb8ch76sz$hyw$j;7076
20aM2Wl2TFOQD7FnYPf5Vm;6350
0M5G00xzjChQmcEFamX_nq;6350
16stjCVuf8WPNufnhrwtCO;10621
3Kxrav29rAluI5i7nooEUR;7104
2rQBJ337165w4zHMqLCpBJ;6810
0iggJHdcL5hAPXhXoytMxx;18381
0_CgNzpXX38uOQcJ5QEjnU;30063
29C10qqtvCFg05_BAlkg_C;30063
2FE2M_VJPCKglh$_Izu8J_;6384
24MgDiIELB$QRMNeLvzlz$;5653
1oaAFpzPn3cw5v5B7GAwWd;5090
1yMUfVb5n7sPrZIF5Y4MbS;9842
0Y$gap_y93NhFlLde42yzi;4845
2TaqVVYODCi86yh9NOEi_v;4845
2CSaYMX4D97gZiO_rmq$PW;4843
1uGZ_LQEXEaBxzOE4qf2MT;30895
33eWJWXAX9PwBPVVwQkaq_;5518
0UiGxD$Xj3aOx6jM9Ovkq4;5293
3SndM3HBjELx5w9z0eGHiH;11485
2kPC7fH$f5jQDsPERTnw4P;24434
2HQMV2KL5C0O3jJwvsnEp9;10918
01CcRUU9LBu9gDrnGCLCXT;11270
0bs$6mkXr1bf_hJ0DzZjuo;6582
32nEwqdQDCoBAeTlySeLjr;9000
3IyaU5HNz1kfZrRXe1bevS;5638
2uyGdU1gD4DeRHv_C3q9pg;8092
0qGss7yUj4KQwfMkQcH2lO;6320
30W3bMovPC8OO432_kNJO9;7900
0Cl4UuZs5Fz9Bc$KKmw1nt;7900
22wKv4we99UBh7A7Og2tuq;6925
0$7LMsva98JRCJubBRio3A;19787
1RVTcDYzTExxcBPf1vSNA_;19787
2$RKLuVZH8e8WRb$e3erPA;6056
2TBZ05ayP7AfgdnoB$NFjK;12983
2lLwF7kAT6lvojVLXBzryl;6276
0sLDnRetf3kxlkwaHY9mI8;6276
3bhKYlkfrFcv6A7y94PwvQ;6450
15ozYG7ZD00gWKswDYO9ea;6450
1i6JJaphH0Rfsa$$Ke07k9;6450
2bA2PAXeXAcuBz6jgaAFXb;20880
1WHAIBszDD2h4sIIwt4$2w;20880
05YtNwyG9DPhG5u7NQXvwE;5968
206ka4nwz7AgJh_QQfayAV;4852
07rp62UT94dxhEfo_3f7Ox;4974
0nhcRz8wD5NfHNUHy9DxYw;11926
0ci52xXxX7NxvVd6qJDJc5;5060
3BwDnsl1H8HfuXnRG79vgK;5060
2oCjx3FjT6eA2TC9qfd1AR;5060
2GO6FTkyr3XxdvltgXAOFm;5060
2aQO0MiczELQGV$tv72qFt;5542
2n1nMmd4PFl8DaF9RWKRmJ;6169
0M64PXBmTDeOY4nktLZEnU;7740
01UXCIrrD0rQzoQ$ME9A4I;9818
3o4SAFqjX48AU6P9ExnZ6O;5438
3a1XuySk5BhO3Wr8ZSAcpV;30663
2tTKqdyFn3mP68T8_BeyBn;7680
1kWk$VysTClA23f3Ns2gF7;24667
2tCDlJQvP0QO3CuDl8mP82;24667
2YfMbShPDAsOVAAiBiGzoq;24667
2E$sEdbYHE1v0U29PpNnm_;10502
1MLvUJbhT9jQN0FOBuMNJE;5374
13aZYzxSLCpxrE1DbC0L0a;5374
1J971mA$5Bzvp6ULFXyvJ5;7918
0wdIiaYkX8lxrjoFrLeiD_;8660
3RcVZSs$XDngel$RWbVVL6;28243
2hTPGSyuX5Ye$ZrgNKPdwR;12898
1y2kL$j$HEbfhjm_wBZdKj;22898
2RUB8MYQH76h7jNKqyQAKs;22568
3Q$dGn8PX0q8$U9EZKGsff;4974
3qGoIpmxL2au1_SHOj1pNi;6275
2b8WdszAbARxmV3J4IxgTB;6275
24B6Yd9I14PhvPpqTu2Ibt;11599
1puKdJVRj4QRaB$XD9ZFHU;12276
1hoGAsI4L0sf4y00r$K6DY;7297
3j$U4xhKH1f9nKoAhuvCRD;6159
0lIlZWfmDFgRiPv_wfQLjW;9330
37nCn4oAz1Lvmt6ilLoKt_;4862
2GLJvKLZDERv_JEEgdJGbM;5270
3GpdrZQ5T3KAc_c$$WBMtK;5280
2NE4nkdxD1iBvCPlbOkK2g;5986
2nbWSYrILFEvridi4aae5d;5986
1obNhI4qjE4Aim7Uh4gkum;8420
2hZK1xZl15GfffRAMKLZxk;7220
29oX3XL892D9fI1v5qqnyf;7852
3tuZLbt$z3CP24DY7b6YL3;6500
14ESYT6g578RhvgJEvAs9K;5272
1X1skuBWTBfOVto4dBE2FS;13345
1taMYi4X14wh2SxXvxrek4;5340
2UMBam3z99tPLRj0q2pTq9;5270
36NWCGTRPCmBbxV$JSHHiz;5270
012Ho8X4r74QzhZ9Nrcqhn;5464
2j8JYi67LB5RfFpoelKg$G;5995
1KuxFDld95kf6roE7ASVSL;7915
3ScymKMpLD39uVHDRD7Mm6;5284
2J8tP9y7n9Px6ba9BG6Xon;6210
1iLReHqU1BU91NxZNzveAF;14178
0x5PsEVSL7iQsue6HcpDMQ;6925
1hC$aEJtP7MR5zZTLF9mAI;6226
327hErTOr7FBzKkv4WiQkr;6045
1EX2MIbiHDJgyFS6o0t$nV;11646
1WpsDIrNrE7g_V16CCeElL;12969
1C4GOh3cf9LeWPZElupN6J;7940
06ysHRZMn25RFmiyBYQ2P0;5788
2Be5Xjn$52qf14IehUS0bC;11600
11250p6VXBvxJaBz2bTpgw;11217
2sdEJvZWTA7Q3ghA67IAkE;9140
1Xf8k6yzLFTPD4BLqXi9L2;35913
0UhZLm7yf2dOoWx298ol2D;11646
36a3mGlYX3b9XsPzwHzCTT;11475
3A6DD5ZKXETgtMJtEaMwx6;5488
27ft7Cz8nD3OyMKLUA$75v;11930
139gBkUx5B2xRWCvUKEfyS;5520
1PWFzRgS1DVvFnOKOh3Lky;5520
1fbo9jNDHB6xOn99AH7kAR;5265
1fjSIxb3L1ChhvPGG8KmU6;35753
2ER$O9Qx548elWfLz1mJZB;11486
14UJgogPf6WBUOt2YcxMu0;8760
2kVrwkgabAru5TZFJ32rNN;4922
3l005aYkrELxNERAqexwvD;6870
0wAiZzeMH4B9jrnk7f0lXp;5237
3IKC0Z0oXFLAaWBLpCDjtS;12760
1b0AlOEfD34ARTCbOVBBlx;5592
1KyKEoONvFvfqzZa3ClPGS;7768
0Xa1mxY_9AxvFAStyr0t9v;4875
1HtBP1xv93nfDXo7QzvC2G;5207
3inuJdUBz8j9lXKI1YLkgM;5220
0Dc4XamqL2eArV76LfP7Jb;5996
3XeGGvMy98LeeocChAtpLk;11260
0NLzmNRzb6L8oNnYbxJs0W;4936
240Yxq4vD8VQVHUgrXbxWi;5132
09F4_$lYHDmgRR0RYlB0Wa;7513
1LRidEQV9EsxIBqeVM1DPN;5288
0i8F8sDtXCWhrOAPmbzj72;11743
1j7Rng2Gv2xe66PP8Qny9O;14046
1XfYGyOSrAxvxnmal7txyg;12700
1DgGjGrdD12PKoQOVMX5rV;15770
14k1Ws3U5EmRp8mL0pPLRp;5576
2x1$CEGo1BPAsgynJGzPzl;15770
11ppOQvoX76x1KvOqNRvDr;5171
1B1dBcCtL1qQp3jNMCBtVp;5224
271M6XzPH9EehAewIFUI6u;15770
3gxqgNB_T7p9I0Co_cfLLp;5268
2xIuq1n$bAFgRZ4gYUQJ3u;7940
2ScPHzl4T7Xx5SQwG6A$Uj;6233
2i5Qbe$ln2cRRojAzERLFr;11295
0rg91CJKj2$hsM6YgHI5mz;8917
2Pe24T1az28eGKR1wUyE6L;5821
3Z3W9bAp5F5BWoJw9_DAuX;6086
3DGml6DUT1JwFEpYPxOwiW;6810
0qAVA6ZJL6WuAtZsuP0kbY;6710
0suWq1Dwf1FRk3CQny03Hi;4959
3frM$TSJDFtva0Zsq2O$OC;5579
1YrmZfkp9CfgKFx4dx3MsC;6172
3AsaRr8mfBmv45JX$vKgos;7389
0zUheQYq99qAYs2CTKyxp$;11700
35f_NMqED2OhaCTIcfYP3F;12300
3mtyZLeHT1$eIVP9BLGQuv;9099
0oIU90cor62uTztHlrt8zi;5910
1Se8goDy96lPoc5dMgqDdJ;5700
3in7dSHnTCUf5AwRpzJ74C;6095
01zlZARuP20f6qL9e5dtAH;6939
2P9oMShZf7lAM2LhG$g8A$;5630
3_gGQmHzf3Wu082K$WMAlQ;5272
31zGEZHN95vANsG$qOYE59;6515
1ySC6IqUT0Cv4wRam7Gt5u;6870
3K6OeqxLb7_QJk6ydrw62G;4854
28cZtw2Sb92QzaHdJBOxr2;5630
2w$mhnAk93Uwa4ussT6$u9;5810
2cUTozuBf1iupi$JIDKbuF;6710
3gPo7V1BDD8PnKqUfZ$2e3;4976
19mPNYSfr9y8ORHX1e4TlQ;5244
2hCACoTD9CGxWhbf4FEeIC;5184
3KBRBcl$55qRvLehpZMqa6;6380
3ft3nWGHHDcv1khATaChJY;6170
2MBszLjiD7$xs9xpH6_IfT;4842
0TMGELYb10DfHP5veKoLxK;4918
3$2bp0xHb5FusbpuxOkTnh;4840
1RjeKFFc5ElvlE9Kpog45E;5142
3vhkiqzlX7yOPyrfUU$qZN;4962
12ttJsYTr7i8FqW7jAsr8a;11405
1DHwRplaPBPvfKa6w7UH5L;12991
1KkpM8XN52ERd_oP1y4$Q4;6052
1StkmixBD8SxoiqaVD1$1K;6210
1EuLyW0qrDjgCKJPId$Cqn;5055
2XBvUdI1HCTvUzu$_BQh2u;11506
3iymjN0P1FKBROE_0t$Ljt;8210
1cp5wDDkr6fwnIghZcWFFw;6295
1T9C74x$H1iQuy3dff3k7j;5476
3$YAA1t_v7MgIwNlg5OVdt;4837
3ljHA49WT3$Pj5$oa6uOpZ;4997
1tioXPTCr7ZOwpE2gtepLI;5776
1bTNtLT45ELAPVrAjluiA2;5565
3CuFfkwCfEvxXEGGiQ7Se$;10510
3rq_ssSMn9iRwLemcgr_eM;5506
0e_xt7IjvDdPKBfR_uXuJN;6536
1SlheVjW9Dz9Ts7B8vqZ$O;8049
0GwwpG8Dn9LgOXF$2bjpyC;6156
3yoxym$urBQR8QGe08Coik;5416
08IjYHMV1EhwRIYOMHhRX6;7185
3h1wX5o39408IdRArcFPkl;12973
0I2d8pb3rA29zcJ$Dos0xv;4854
3uALSQJa906hM$OxgjzpYB;30063
3pzea8LMn35uUpbUf9RcxW;7175
1MvRDpmwj7H8lfMfrRHHGB;11403
0LZxmfGJbAWhuMFs3chSAp;5670
07fyjEgxX2FgIlA$3i$YMU;6867
0CXQxki5rCDQstmmy_6v$t;7853
2Dm0ouMEj7$QqriH33ijYh;6021
2NkfjTSWDA8QpjjhevH9kJ;8184
3RMMBDQX917B0GJrokNoGa;11407
1CTfD82Jb0nQtnfdyAAAGA;5285
3aM1grbn1DEeMsNjwpfroc;9099
2pTcvP3uH23vfe4rVzPYSQ;15680
30voHl5Q5E8f95SKzL1EBx;6173
0i_1vjbDrCevSWotHQR0ei;5627
1x_8FmSZfFkQOvIC_HZCJt;7276
2cQlHR6t1EgPDhgl51kjdp;5318
258ZGFwg9BF9fAn4hnNuUw;10681
2ODvXLcirFCg6x0N1VDt49;13270
3Ho2E1vyD1NRmYUNxvEb_6;5967
39eFete5XB0AOdmNgrt_0p;6640
2Vvi3txoPBNgtwTn6$NQkr;5365
3v_a4X8dr9pRYGn$khVu2F;7193
0WqvN1L0907BsqhPyvbgc4;6670
2ZEjX$vu12Vxw8BJ7d7SDd;12700
3pCavfBAnBefbAF9gSbvET;6465
18lz_5cg5CovgBVDC5utSV;35913
3COf_5Gmr9su58Is1lrqKy;9330
2djYQxbFr92um26VmP9BJm;6170
3O94N4mdXFmRBesyLZX8AN;35753
33uzIQrYrFbBka_rygZiWd;11403
357ynZGTz7pvLFoV8YBvad;35913
0rOem5CwzCcwd9NgzfXQdQ;13490
3x0y3vs5zAV9GLOVp675yY;5062
3ooC_0uBf5wRp7BMLp8bHa;12979
0sBUQfcMn6m9lLmz4xnnD1;5114
05wKNZfur8uBFHjX$275j2;4866
1zLDlkq3X0lukMpo8LJtZI;12610
0tSbO$w6HF3ho1lfYMbyJg;5538
1DVs5Ja0zEVOG$Y2jCIvxw;5106
3A_tJxcjvBzO0DJB9n1CbJ;6295
1spA5zKEDExgFa1H6a5aBb;5106
3a1LYpUgj64fyHb0MMncVS;23900
1fmr14ZIPE1OlkNVeVmNVt;5325
2JOpL$AGHAy8KbHgXYtsek;5815
0e7pJSxPf5tRPKnAya625i;30362
3TrBoXVZf3bOOCGn9E$KXU;12881
3ts0At23bAeRBnC5A1jOEO;11407
1SqMFY6612kgjXrMQTF$2F;12983
2xwFAHCn54pPc7crj2cKAY;7767
3cBwISZXH3JOy$SFNaxkFy;7680
3PUv9gjzDEFP7X69UohXFg;7853
0lCnJ4Aur6rgl0fYfkyReY;5563
0m6x0OxELFRxRzixO8n0mG;6320
0QHYwfdwv18ghc_6X5uzuB;5846
0SmHPHZ3L76PHkGdHQbMe8;6710
324hLb_UTB4w496Djd0Hoa;35753
3PATywRer3_vJm8rSKds1r;7422
0pXbnC_JLBGvduAgJuh2fq;16526
1O6NKua_HF6wB1KhAcm3lF;12906
059eJ2zNLFTAZAYQtpydho;16526
2PAxKMCiD4eeZtX6m0CrB4;7325
3iqgNkQjv2i8yMGlNMV_jH;7361
0Adiobli56JOcEw87OlM5U;12960
2_JtRcDXHA9fkUx1aUjOXh;35753
2GA5pck4jE5AUWyDVHH9dj;35753
2JmHnERzvEXQLeeBzTjRNK;35753
0AnyAr_s17Mwh6D38ywnBJ;35753
1cGbP1Wdz4Kv5OPS$VyaAe;35753
2FLtvTdbXDROAV3iwj2TTP;30063
11Z0k_CBX7Suj5PA5ekzvh;12798
1UPh5f4Dj0E96VYN9kU5I8;7577
0u4i2HR5DFO9nR1c3ZLTE7;7389
3oE0qi7PLB5g$EXULJn_Qo;35753
0nMm01AND5UOKN4wUWvpoI;6213
2cdhqQ2zrAngLP6LAGpUwk;35753
0Uf3UYjsr5Dw5lCNsP30NC;35913
3xm5VQ9YrE0QMf_0bd5NSz;30362
1PcG7lKlz6EvIyoS75GAgu;35913
24AXlYfUj91BsFDHqEnZcd;30362
0QLfIAO5jCYOlBXPtPXbMG;35913
1mTcCNNjb2AebiZX8FBht2;10350
1CtrOVFkL7nPYlVE4qMweQ;5212
2ltoe_Qgr2ROdnI3rvz2qB;5222
3Mgs$3eGzDwPadgevFaM5i;18634
3AF$$p5Wz6t8jSxOW0XOzN;18635
3khJbiKlr2yhCfqdah8XOc;5638
2Uh19rF1fDMv69hRFzDwJY;4905
2WF9JELWPBF8t0Dq$jbx75;12400
0diQuY09XFFOHsQDZ5OK5f;15773
0_02kmSBH32Qs6stEqpZcH;11420
1Sc2nhayfBW9OHKB9AlNnO;6803
2tfnEfGyzDbf6biALN5ooZ;7182
38BSF5_xzAhubkh8S3VzoY;11545
2JcW7bmRf0JgacBCywxBJL;6710
36MTFi8nzEIOKEuMtVoZHL;5752
0qNSMhcZn6ZOMtD_s4vEjz;9920
2ByibzEUX7zRNgpVXHcNFx;6052
24UrWSgpXClfaqElWT2ZNw;4843
13QWGgam97qRNSmWYNYAiZ;5752
0f87GKzJX0kQcYz0YfLAU$;4913
3r0rmAcYH1b87wIc3qWwmt;4930
1K$UMxBFb5QORvSOE3ZrOB;5273
1XE8DD93LDeAynz3f1dMlv;5365
3os4P1vLr1UfwsNwycRso7;5067
2jWNBUi$17IfZSFHUBi4o4;11728
0StkAaoqf3ruoYj8bQLpfW;4855
0fctJyn0H5hQHelIB1yaeK;11270
1fhM0EIOL2G9zdKoeNw3p4;8389
23FjW5i0v6PA7w$SXs0D39;5541
29bF9e9of3KfqxYOEKpKa8;11259
2A4IoYUKn7FgjRxG64bBkK;15704
3KynsZHNvCuviXibX2mI3j;5770
1eQV$qEIDDq9QiStyWmoOi;7426
0LRKW9v31DIeoEkt_csgmV;7118
25nLV2J6DCzQeD4VETvgLf;7276
3QFP0HqHjENPRrisl0Ggog;6052
26ZWHrtG1DGOiLBvWFiq1T;8514
0LykIVPsn4LgUu8cwlZ8B8;6096
1oR54k6R5FRQQBN7ENuvQd;6688
0KcDvmsW1Fdx5mEf15HqAs;6778
2$S8yXKIH0rfpZ_EzenIBD;6810
2Qh62OV2rAaPswjoR449Og;6045
0MkfT1bgz95hXxSBtWeNyK;5157
04gJJaYwL9hPnN$1NM$zGM;6710
3ypTbpwAL1reNDBMbcqJSb;7900
0NnYznkujBgeplO2b$uyTr;6008
2JAk60YbDBlBnHBZoROL3M;7900
2mMa6$6UD788EEdqoLNLdk;7513
2IVUsbMhHDBA_4CqUtnzfP;6803
0l1EHQFRHF$fz0KITs7jPb;5518
2EtDePmSX6NvWyi1edBXZh;9927
2MQmL2fED8Hhn$$2WBVsqI;7540
3F_fkKaMH9jxO1D_Q30tH6;7540
2eWtuiGPXDJ8f39U2vnByz;4980
3ft93$noTCZxo$MU1Wcle8;5338
0kqndm_ybA6R0URUgd7CEs;15680
1jXAuahoHDKv5DLANyi4TB;6008
3R5ChDlhz4bh4wGK_IsGmw;5271
2QbojX$zj7CAyE55lGv8CN;6052
1qNWdR9m53BRRCIjtzmywu;5756
3_Nl_ZOpD51wox_PnJyn_9;6038
32weIqlO97N9QFq6N1GPoR;6084
20JcixhpvCZ9vlj1GnQ$gm;9460
1$dwC8nKr1ORATCYTedz1W;5226
1J8ikKw41EgOYRGZrLjsxd;9030
3JqiMRViXCCAustW0zUE$0;5130
3PKUVBt5n5gB5Se8V$2Cf6;6203
3SwRcV$fX8bxS80zltQs2v;5157
3f80sSpbjECxIuSuewVDb$;7266
3viVizgU14gxthv00yKbSu;5856
3UJ7YjCu9ENvpiYQXbISPQ;6910
0NKzrxkV94dxXvc9mF90_Z;5130
0hS$4Qa3v9Ngdc3L$1DcSB;5992
0TFAN5ikzAR8tNH9QKqW1I;5992
13uVBWnc59JP4GXV4gsOT9;5447
0dYG97dQL2rBvq7tw6mRc4;6283
2dQBPxG4n3Off3stvINtA$;6812
13c5XbconEKBJqFyD$emRe;5056
0nAifhBOXBGwEy1q77d$JD;5836
0PPPG2oSb7cRcDL_qmPfk7;4959
2WuqPTdlD5FxjBs$hRXi9U;5807
0LJZW83_H05hcl_U7_1Ba2;5796
3TPrnHwEj3h9Oa9gHCSyzF;5142
0YWO18biL25BBBCnOaDl69;8310
0$v9NdokrE$xYW4u41Log2;7253
1o4e$lKWz3CvvJb2GuQP6_;6198
2xmLr3XLD7D9LcWUKmGTvs;6910
2tU_1MqnXDUu6u$bRRxVNs;11270
2vUGAldyv42wQkEHvCxuTr;11736
3W$8GB$YX8TO1rmDLX9y0K;6145
14aeUlA3D6JRXoNPN8Xshh;6384
3uovC8dO53gQoBSEtfXtyQ;5160
27nbZgXFfAfuq$UoS4LNII;6246
2CRmBJ0Bf4zhCcOeIoQnay;5187
2dRpPp13PDyuavlEXRZsZ2;5591
3vKLCBDGL3XwRGfZtpdOw3;6462
15yUkH3M13ahU4b8P6UyxD;7422
0$d2E0B2bANPwjjQfAn2f1;5866
3P9IrfV5r9UxfJHIiMIhL6;9030
3o2hyUwtnA_xLbw30nkL0A;11260
3pBCemTP1A5BGg7h59QgV2;5350
3MUW1cjjrFyPOB75kjKbWT;5070
2bhsIqrpL0qvc2ABC0krDq;5856
3jgnDF6fvCPRZiP6IeHX33;5314
17v_n9$Ev2WwJRkjGZQmpb;5788
2PMQWDEKDBSQE$YmoaR2U_;13720
0wIeHOXtv0hwRNtqyDchQb;8184
0_furTxRLCCvknkhBJpbLa;19559
16dtwDCgD7Aeamn3EEeX8r;4942
0gjpxPonLF3hd02fbQ1cO6;4853
1q_4pp5iD43efFg3ba$HzC;13720
0zbjmIzoHCB9fVy23yT$rT;9140
2aAA8EEtTFHehhnKqz7MXr;6313
3RuafEXIf8Zvc$U3gebe1d;5359
0OPEDKrar27O7Du54WpX0b;11460
28NLzXPEXAUv3on4OHWf0w;12700
1P8Nm38ZX19RsY7HsWUAiV;12420
0AmSmXCILFEOP_ptpHfbzc;5650
3zj3A5ApfEa8bb6wmCJ65L;9330
3xu0sshQLEpwZh5Bcdt9KF;12400
0tqdGyXvv2sQRu_k9YsPjk;13490
00Pr_a3Q19Q9Wpze_tMfUz;5865
21rrwjVcLFAQkXDv6pkIyT;12700
2Bng0MpzDCcfxYxdsTXUVu;6900
1kW1Nd8IPA29imzbQQDB3n;7927
0QiD16dyzCiQdwTt84Pn1B;6659
2LpZzZUmL96g2RzjgWHkBG;12580
2zHcR$M0DDJOR4hcYcsOFd;5898
2voX1SpCjDuOnXaS3lErNE;7865
3dnL8wJeD0$PHFolsuuVRZ;6219
3kC$FmIBvCjgjIwWwBa5OW;5802
0qpy3rVInF7x3JP4AHNa2i;5769
33TihNjuLBi9GO9sncxTd0;4850
1beYZCjjD8QuFhZ35gtB3I;4877
1k7Wk0Suf5wPJ7KdNXZp3_;5259
1riDAT9QD7GwzxKZpRKsW5;5385
2iKSWbrNv3l853o7onTPf$;5030
0rzH7nv4fEaeHO4fW44_Md;6248
24O24XWO9AoOF699t09_KX;5344
0uV3bNaEDDAx3TKtMUsC$4;5552
3HmOY7u4TBSesfOxrvWh4P;5628
0uLuTOmP53Qwt8UHtgy$dT;6031
2v0HGktnT1ae8P7iPd3Pob;5220
0rGIOX$Xf2Z8lCTGx97R$L;10350
3c7wc4VMv5NQIpOPYSicfF;5532
0vrp7obqHAwBcjjEFhQvee;5841
3TfJltCGrABeIist9nDD8E;5741
2lkdBQqAL8Tggc3BHzPje9;5881
1adN0A8QT9YPuAC$kcIFyN;5506
2GsYY_RHnDTPa9_BWLimXS;5602
02kVv1IcPEYeM9KvNYIkS3;17474
3NzA_lz8rDgfLmaOKC4iMk;11659
35KH5XIbT5Gv6kvE0nzlYT;5074
1gDO66DLDBiRWCuENxSovN;10406
3oSJAzW8XFnQCSWttZ4OuA;5356
3TegdQdNz1af_VLFskV6cE;6226
2lZDKlMhnBIO0IF_TgdpX8;11295
3bbcfW_CX0sg2S1xeZDyVv;4853
0IG9AY5XT7Hf2U13ttucFl;7253
21X7WzbpjE0Q0fOxbj8u4q;12508
2A4AzB0JP1P86HYSxNL_s8;17320
2_KVl09MnBC9u5lwl1o18t;8920
3IhdVULVH0p9YUBH2$jftp;5132
23LGZdowf6EuUdbx4gjGiq;4890
3tsDM5V$v2XQVCtuJNAPMz;4834
1unmeTPx94HBbnDHxQCHFQ;6511
2aTpKgDtPDbe_js6zpv5GT;5996
3tz_qLy2bBKQQm5HS3vt3l;4952
0PiDnoWlP5WwgBDUmUFF8s;12640
1oWAeaQy16fPqX3AGKWRTt;5276
3djujqforCL9g70EG1Gt6z;6560
1LrBb3Ugn6Iv$lMwjfDCOi;4928
3Fj28zTRL2UhMvCkZOLnfZ;5135
3u862ZNIP9f8TF_8iRyKBX;5270
1bZlNpbuj4UhRtBq6cGL90;7542
31bxzPVvT7$wtV0Lkq6uC9;6714
3t1QUdnT98FPuLb$_VmTC6;5806
1Jdda28HDCwAMymsCWp$tX;5724
3MC00zFdb8Dg7KRRmnCLoZ;4972
2tc_c3NeT46uEDIeWd$XGH;7104
3edEyqCLz8FhsJ6KY3dZu1;7788
0ZxfbNeS576fjEYx_mIjRx;5263
3nuYLKhKTCKhnNyYt1lfv2;5804
2vCaU1_Dv1xO5sZpWJKMyJ;5798
0JarYe_513xvBlK1WlOCDy;5086
3mc0FKgCH94gbjyeu_QV6g;13414
35bh8HIgT1PedGQwzf8FT8;5836
1WDeDRyRL2ZhtghyqbEzJc;5273
2Hsef9UXn8Nf1kBfPZ0rkO;6187
1jN48uTmb3YQoYkMRn5dfp;5798
0nlNpLwCf268rRlgDk1QMn;5709
1$VwNrxrXCE9mqVfooL1Fg;8183
1DVAUsclP1bf7d6xxKBySK;9750
10aur_tPb74hPA6U_xOCxr;5752
39lK211En0uQQrRywUx66c;5996
3EsmCF2PvDbeXL2HVl4o07;9030
3RqjKA4iz6MODGZ5$_LA4O;4953
0$ndAdcqXASBjVlb_2sIF7;10350
3VT4a3mBH9LRntpk5VJCAn;10350
2pgz05sZHFHQPSLbeN18mg;7076
2NRL9MEML3VRJGwHmhn8Gr;4843
0S6b92ufT5KfIwChmZkLGT;5365
0nbw6_ij9EQwqNCH3pWW19;6248
39dkM2LIz0LB8339weKDE$;4928
2HOV9el_fDRgfvXTQwKuLi;5549
3I8mdxhUr59BTpZfsUjLYW;4942
2A$DmPCt54xOV39fMSjsgq;9005
03Qll3iMD8JPoyyBr$J8EW;6466
2EP163VJ1EKRMKlAJjlbBz;6955
2ldqnixlvCrAjST4Wkt3UL;8220
1WSsa$62b0JO_8z9dEF2aM;5935
2Uai7dQWH2Tw3_IU7IkIXO;5627
0znxj1$U53VRvxCqYH6_co;5906
3XnAyUV7v7$OhldJQAFV7b;5086
3hkIVBa3j6JuAO5jnyPuW9;6252
3kp4VWC$L37hmT2OI3xV6Z;4898
173FXmI4nEThLjxeez7K_s;5314
3RuGG3fBXDDP94l7mVj8Wa;6246
2oXi8XZJ97Dx1dTLGfC4Y_;6383
0FroRrIpj2sBx4FurNFtM7;6738
1MaGdKVhvDx8rOGG8VJw1k;9030
0rEGCtBdDB58UMjmEGZrDj;4844
1Qiw2outv77uOyE$qCfuwh;6926
1A8BQImxPF08Fqz7rzIbm$;6855
0tHaLpSpLCuvMFqYuLl5Ct;6384
2fe2xgjB5CiACCB$8zHXtr;5549
1hzdPj5bX9_wXig_cwNNfy;7067
0aMxn15YPDWACpG9EHpcgj;6384
3jz0i9rVfECgf9HwJ55w$C;5312
24Cb6hO5zFj8Awe047bxNQ;10525
1u4NNl94v0GPlALcEu9N5S;6675
04W3Q2X11Agw1rM77mOFPl;15972
2XWmVFCrH2G9p_iC4usQcU;15912
3Zwz0ZIlP3xgZvUn7a_UR2;13820
3l2zvme5zAr98AReOaq7Qg;7460
0nSTsJkv15TgIsVzLmqtRH;4888
0SCODn_PT7t92WtXK0TEwA;13820
1Ojo2cywPDjfx$RjLVcUgp;8312
0EkCWKJt581BJpQmxLqa2r;4955
0BsRkNFDX75wY5baZYLc_a;6688
3o$_NNxsbEJw$xj8Me3rH$;7148
3La6UsA1H4RwaWYGtVYQDP;10350
2ADYBqJAL5exILxqCX_3dU;11656
1lGnloSDX41R$W_d5UuMEC;5356
3teXUCeXr2DhdE2BqXGgyq;4840
1$rajlVWfCZ8vyKt2wZB0X;5272
0rCAhwNebA_BwAMIG1HuJL;4854
3YwaqF8zb1ihJsPSQWsNJO;5780
3J98HvetP02hDMWU86G1Iq;5266
1oBIi$98v1bOb7nUe4aPGU;5126
0NWAKnp693uR0vgqSRmAx2;7865
1KSYzw1F580ueGDKR9LVha;7193
1HHCQnkFn79fNUhHGMij9J;5359
1IjYUmlLT0Bu0xez9QHQqS;5992
2j_19OQCzFd9ttyGvd0k15;7193
0RBBP4geH24fUNuB0hR7sX;10350
1BIA0ljGXBUv4y1CH8CEYV;5054
0qxp7abU1FsuF2$qU$N$d9;5627
2idGA3QUT7WPldgf6H5Tsc;10510
2ZHVKrEw16xBPLSxDFxwY1;6506
0rBmC3_aT3_PwqQny0WTIw;6056
3Tn5jxPg9AJP1t_g436gib;5836
3ZsUtF00nDSvDobmSYZcfg;7594
3E$TzjhMT8cg86DrOol8EU;5972
1KLKY1Kn10yPeSCkKX1dLZ;7542
3luYEo6G55t9NpehHzujNZ;11370
1B_6Fa6r15lgRMr0DO5e8M;6412
3m2wPdcKz1WvHjF3iHwhHi;5314
1R70y1W_jDxx2a7vEOrdmC;5095
1FrT0ld3n4fPMT84CW8bII;5284
1rZO5J1NHCiBdgTG0TzfMr;6502
3jBVicBhrBGOKZ8hkHfRdw;4890
21KYKnXGP7v8l2APbfGp$v;7878
035TyG4ff1MhWps$9jL4oY;5054
0ftaS3Wpr9VPe$vIkAlRJ9;6056
2j4dX3ZK58bx3NowI8eyo0;6950
2VNXr5DyLCmxz8TK2$q_7t;6413
34dkKBAk17EP54$L2dLOq7;6462
2WOSd$5orALQKlkahVrIWc;5383
2jMECBz4X5jfPwRL$C8atq;5532
0MfCmNgozBcOVVC8_JMnXD;5627
0XPBiJv5L33A6V2RCOjXEk;5756
37CFbN59r4vvL83qdfZWfi;7276
2RyGzYuAv81fwoTUmmWi_N;5605
31XVU293zEu8x8JU$kqmtt;5750
0DwtoYkKT1r9B3uACZywRo;9174
0XsHHMMcPFBxqMaiLrmF2B;6545
01Y$JL8eH8AwgNZsXUfVK7;9030
30jWYIByXCJufIiWEjs1Sm;6346
13UY16_v90IgucDTdMj0rr;5331
0Fq0M0jF5EIwozA5XDm8FF;5331
1RJo9v85zFpx53K$Tx66wZ;7544
2M9U0nzOn1Tvk9aEDHv6$_;11516
1gVw_2wZLEMPa0ftKCl5mN;5018
1h10Ky4Qb1bgDQ0XoKKEhD;9116
3CpZQSrwn6cBEDO4njLnBH;5756
2ZoY198FT1WAFDct$4isI1;5796
3swtIscHn4hBL8$i6mLRH1;8750
2X9F2udrj0wAAo_ZZeApkX;7193
2iC90y19vFBe$SqD2djq1e;11255
3tWynUn4nEzBlT9YdOYJNm;9030
3TWkG9z3f4Jv05rupAayI$;8950
2S4FSbNoX05PAlurFNDWJ_;8950
3_Ql7LAb91IOxdeVnFzRk7;8289
2sHMg13Yn8_8QIugY3WIb7;6436
0QtQ2Ozoz90uVIsuXfDJ$T;4853
1dr9bWyxn5Ag0VUNhIp3i2;9005
011oFX7oLDU9aSWP1WSIIU;9165
1tDKKYu$bEKgU94vTxq9Xd;6925
17NwSKYPPCpvcO09_Hdiem;5565
3Z_HTPgDf1ARdpzwOnNYDJ;5034
0Sdbxx9CTDre$WYxabFyT$;11270
2HXjnB5UjDU96KiDyZb9Es;10350
0uPJ_Jk9LFnxFE8VmdbIHL;7852
1VHnSd29D1XhRCLthy$Mum;5967
3cifiQsEX6n9ULvNF6GoMj;7878
3G7eoebfr6uhvnV$l2wZJ9;5251
0C$Oxd9YrE1wWHMGY2bC4n;6251
3kyb$Or815ZBK6z1O$w4F$;5943
1oyzrV7snEDvCDj6bekaZs;8190
1Y0HdeSFbDBBmR_1i02fE4;8210
3RVH2VZnr17BvrypayGzHv;11656
1wB40Jgv57JA2BvE3Mf19O;6201
3QPW86kzL0zQ6fmsi2V_L8;5971
1p0EhCfQ52yxA7DSuAKQ76;6231
2VxrnZyvv5HQr1OqAjdRUX;5030
1GRpy4RWHCjRzrdlvO8DOy;6494
0QNWzBsPH0V8jqSiXevUdX;6223
2UhuFM3nzA2heqmZVawlKl;5540
3xja2EY416M8z9clLW5Ldc;6516
0CzuMUswj16BDpRSqBjgbY;10350
1voxIS5XH94ewhZeReQqZA;5089
3egQDlIKfDuQ7FMM_JmF69;8255
05L3QGtW96CwiSXM_SAXIv;4837
3muc23UN59XxglsY_jq0zI;11370
0Raqjft5L78gqaWtjh9e1j;5086
1AYfhRr297OgMAQPnPFzTk;5016
2FsCfEnI91wgifYUD4vaLz;4974
0cMH96x$rAEhhfTOOetNoV;5330
33HjNQ8MT5AeyiuI8y$j5L;9850
2cSp73K7vFvfs$1LRQgYXb;5350
1bHHg72ID7Nw2jiS_1vL6N;7542
0E2jEXefL6gfuXaCxg4X05;4936
3M8jPBmhnAWv8rx2Gcprxw;4960
3m0Y6PMJj6KeT4ztgGTE0p;9116
1UV1Qqk7T0sfvOTTn6W6D0;4996
2s$9FASlLBPPI8SY6v1TxB;4957
3wVk2xLMfFxwPMm9EbVoxG;5628
2w9_s1eWH9JQHmRKE0V7ko;6056
09LbriPiD91wCneSln99O3;11370
2UGzpCa8v3Ie07q$aU6WXz;4960
2pQC$dyij8_A_W92vNgob6;4967
2BwYeWzqrAGwvMYCB$H1de;5268
3YVd04ghz8O94WSA5AMDxy;6760
1zCmUaDrj4EQ4m_T83x2H7;6008
0X3x4HWanEVwvXYqEtmDbj;5356
3hEKL86erBt9mhztlERnl6;6939
2oqKA8vg5AjvnKmY0gEXTS;4851
1Z8dM$hxb6Sv6ziA1peb7s;4957
33C60VPajE09BrJ2vtdhZG;11486
3tI0wWH8vFGvc1AUbznlS4;7552
1W0s_VVTL93BNRHXRcUAic;5330
3xYajZd5v68BaMAg0HB9lU;5004
2bdpJr01zDB8X$hL2$BlYf;5064
2rI82NIS5BRBrXILcTtTqF;10350
05Pu69N71BWfz$rHC9qt_l;5294
20CAaGAaHCuv4xe$5JvRR3;6008
1LcgqypFj3pxE0tMQylM$n;5846
3_uiuLd3PFFv$ngNAoGtvq;5330
1_gnEsPSn2ZOH5ZLwAB15t;5383
0si$sLUUP1_wjGxwmv7uVB;4972
0CmQXVHnj1AxDweVoDGM3c;4954
1L2C47feX8iO560YASOUnF;5576
1bZ$BXPCb5rxiCwJTZpbaD;5340
0kzZvw3QvFGBQw1LtTSccp;6021
2Nn9o13OX7ABe5YciguplQ;4918
1ILxfa3K1AqhcVvffSKPCm;4916
1UAj0fVHzA$OSSI2MgS7on;5302
3Cz1QCPXz57uCTmAk5QN2O;9030
0oiY2ZwJf9yggHmAvPYjA5;11333
0AJTV5Voj2WhVwagGDOZNx;4933
3Q4Ifjgrn778ifakj49Vgn;5275
0HQNYIL9f6$ezxSiywxbHk;5856
3ek9zkAjbC4h1v3TwhE$8B;11512
2KYHKb7RXBfxXYr3MknhwP;11506
30DSZwowXAx94W3GjlhMId;4851
1BnXuvHEL1Re5AjDoAyP1R;5948
1Z86T8ZBnCphDUB$EafuJQ;11270
3zgOWwS8D2p8BSVnb9rDyP;7875
1aS55kxZX5CAPoMUtIPn2F;11370
3Ju6XC5Dv34AetL$RPGne0;11260
0UJUpTMpvFoxuyh1kI_QDV;6925
2eJcCBQdPELg6cztBO2uQQ;6911
2fiMI4Rfv4VeWfJrqfM68o;5075
0WjLl4lxnD2xxHXa05OzTZ;11260
1VQAyDSGn4uBuglHOS6OW$;6915
1eaHSDkL5B6wiTnfFjtyNm;6915
2ZggdJ59P8IwT2cdyhTcZv;8990
0$U1R1mGH9vxOyREJDN9TZ;6910
0pTMEFLc1C0u8g$$Ofwot4;5670
3ORIDGdaz129FegszbXxDw;9000
2g2mapcn11zfgkLdZ4$TU8;4832
0QhZTSA8TF4gj9feDxtib7;5294
1SE_z6eFPEK9C4aw$WpkIH;4954
25jnVR3HTAExh7VFKXTz8V;5576
3df_duL2v2gflS3qh6Bakw;6340
0zfzjncjD2yxEWk0_4Z3dN;6350
3KbstM0G10PwaMxCculqy6;8494
3_8CD0$OLFlguV16FcuMap;6091
2BqPq7NnHFYgRl7E_H4UOj;5270
1ZhiwjJjLDVOjwnZmexYM2;5270
1d8IHgNmTB8PvDc_Sc$$2_;4842
3mUyZiYjj9cxpQ9GUdXDE1;6212
1qdIhK7$f2ZfePu3DEZKG8;7925
3$7ynsszb4chAMI7tQHWe1;5992
23HYTyxnf27fVXheQiJUG_;5386
2Z6onBYVbD0AMNNkqJlbGQ;5086
2TO4qdtkv8HQwueKPCMDYx;4838
0JvWL3ZOz7fR$P4Fi$rrOQ;4863
3YroeYYGr07eAByeIuLORf;6520
3SsWOO4sn87w7qqBzwkeqy;4851
10HbsFq$P2rQatYvhHYQrJ;6502
06XBAaJ_5CLOzwf$5NLgL9;8255
08eiibr7X21exFuNBS02Ir;4834
1HwENRAQzAMO864VkrcYh5;8494
1D0rU9k3L0vR6GhOOB6i2q;8971
2PWaRBopnEWAsWluIL1_4c;5254
3hqieb3FrFdRFha2IfK8SE;4953
3zm23DBQH4RfoMPBeyBhp_;5170
1X7BholgP3hR7FlZs3aWqW;5584
1Lj2ME8Bf9j8aU8h$QIg$T;8389
3_A2ADMfP5uw$GIDgjyU_A;5170
1kZd92BgH8J8uwNhydPavi;4928
2A5mu4K3P6pvWXpE3dWeIA;10505
1Lz6TUYqHAtPD0RiO4WlEn;6609
01SyEMtTjAv9Zu1ss7IA3Y;6506
1PdgedTqr6AA1zt_N4wVYt;5074
0OW_lp5nH639Hn4F$yHlWy;5074
1r7Ds5u893OQ9_b6bK_4Au;4972
0tsTLExbb4JhP_foxF_zS5;4951
0uO$55eDzBoQIb$_X5qY6F;4972
0FSsuNI7D0swX4L1pISQKE;4972
3X5ukDRe501OscDD_a8z2d;5350
1gvU0wworDxBbEBfw5hW9F;5264
1k_IJLmRj1TOkekw44rzMT;10505
3HDXk_LeL1l9ow4ktg7fBb;5054
3VbCw1XtHBNe3bKy5GjVdu;10918
1Wfro6Py19bRTBOWedhto2;5568
3vJwDIJurD3hl2LXBmwRGy;5294
1f20l7FZv3w9F7KPzZQgle;6002
3LlkzRDU1DKAYqVQsH0RE7;8494
1wofEneIzBvwBsVizZvCt1;6002
3QcbZy2hXCIx7Up6zA8d5S;6056
35GWxpzIT4jhvjRSHqCYqS;7552
07aSF9O19CS9YjuKrXcR2t;6006
31q2pINEH3IwwkNYuZ$aH9;5294
1GWRw$Jp90JgBgIOpbeNjb;6006
1KBbjlBs5DIQZYSFQ6XOTG;11736
2TkZ1gkMb2GgHZJ5wMT0kR;7193
2Yhbtd2yv5hRE3JeeGKUp8;6056
0lb8Nv771A5wwbzI92KteO;8342
12pGYYqI59OBAQRNmAbFgf;7416
3hxKY1BXfENvxZ_LR6s5E6;11656
0CnF1oUqH64f1Z$8WHdynL;5054
2Ivu$D0Xz91xoPhaHBLRzA;7276
0qW0ksjOTDJwSESlNZNcmc;10350
2ccjRqWhXFUQ0lwE55sfl7;10350
1Xg9Zq3Kz1$RjDdz_yvnoB;10505
1R7V65evfABgPcLNRYl4$7;5968
3pahifk6PA39YdP__txUeb;10505
3k$Vj587H15PNQKFBKgOcl;5946
2NZUhVdab1aPPLOXtu8MAv;10505
2Y1iPcns1C7Pxqb$WybRZ3;10350
1BGvFSknf9kvGnIYZfk6hd;5518
3K_lH3tt5739Kaz2x5seLM;4957
3hKePoY3TBgQTELe5qRTnJ;6246
10WRHEFhb1JRDeiU_XGgvG;6196
0NrJvomlb8degVc7gEki74;6466
0ZRHNdwOPEkuDOcFU1BIkt;6466
0AeWzmY2n8Gg6w$WIcqy6x;6436
0HjS_zHGvAG8HIEzpR9ILP;6294
0xtA26NUP9EAU8D$gu7euy;6258
1$FoOY_OH0_xagZMJbw1MT;6127
2oz$vNhQj1TOFV1a4j06dc;6530
2AOQ2y7Tb6Twd2Y34Zfd6N;5992
20h06s8m1AJhKf_8vWaWxW;5069
1dUykckN12pBUces3eCgkJ;4929
0WIqKlpKjCHu2CZXkVMVD3;5397
1AusuJ_d56Tw4iRibeFjqp;8494
2IoKQitQ9Cavx9u8mRukxf;6261
3INedVi3b1bBeB2$vNDbg7;7552
3tN7CXMl569AzdnbL6kazP;6244
3kiild6rf7wRERq8WE9xC_;6436
1lBK$QQJD2Phk2qKCiQylp;6262
3cmA7jQ$j1ufDB3TZMgds3;6252
1F9pldd6T25wr_uxlfIJro;8514
1lYTZ3KyP50hzvnk0D3_Xr;8760
0WQNf3Jg9Bp9rsEQWsghx3;5972
2MwTP3elzDmxJuiEnROzzN;6056
1qYQYN$qv0twf5sEuxDg7u;6405
3C$e46Gjz9lf42VT7R1Cbg;11636
32njGsjTz5LQtLl9jzPUJm;8545
0xo4dYtvn7UBTYHiaNk$Yj;11616
3Lls6P0oD93uLe4DnxYwJq;6175
3zN5R1zKf3fv4sbKvcp9CX;10350
1f34HTjQT2PheoAkt3$808;10455
2nP5IFLw9DfhoBJQZXhXlQ;6185
3bhrGK6OrFEfIasysbzidb;4942
3X73pLGKH2BeIlsqgs9NSI;4942
1rgE9Utm9Dk9bqgbKvPgQN;4857
1OAhmUjr5EM9FHthYJ3GF4;6466
2PbSJgf2P0hercXWmtbiGe;4857
215jp2EQzA_hXc58e_Aoot;5386
2L3PpOXRn1BgUqrdBB7kgx;11370
0N84qGUiP6vhofCQsU3eXi;6452
0HZ0HAk0P0ZBqcKd4Ekav_;6190
07r4jEPwH6_9iRHfR3w0yH;5967
28OtswgIn3qQR_Tu69ho$K;6335
0WRK4vJ09F6uJEP7HeoBTS;7129
3y0qsSbzPAKRIj6eU2_b5g;6430
0kRiBCLXX6aPNWKUGD9IbQ;8100
2BYMGHyar0_xB4a_tfOYwE;6955
2HPyi5e2n5vP5ZUeVYuL7w;6955
0xIpkwBlXFvhdPcAJfxl22;6167
1z7vXJD4LBFwlAKR7S40NI;4839
3pROoBCbH6aP_3KWS7n78S;4942
1ByAuQcnD3XPN6coXKzNj8;4942
3yIaDdkwf4ExU3agsmzx1V;11370
32BNpBIYT56BVwpiLaUfPk;11370
2Q$nAUMO90S8R_nC0CA7GT;5956
14N3xTxKT1PxxIo9qtqHsz;5956
2F0fppDU18k9A7szPTM_AY;10350
38pO4_zsvBwx0Ja_53iK57;6187
1fGvdVZBnEfRoKdZ_sC9aN;6527
0hPJLYN5rC1AtpGSUg9Bkb;6287
3ltcNNnOj1UAMil6bqMAbX;6193
0_JClsVLP5zQQgpplY2Y0r;6516
3Tycgk7G9A8vHiWpQDe_7C;6237
0sGUDmRuf0eQfC85hw5Zmp;5866
2NawgHS6r7sgPNO$XdDX$g;11506
0qb39sXWHBxgSxjoSuDPoX;6469
18ZUgL1Jr9ufvrH2RzrM6H;5931
307QHoSgnByvTptnt2$pQ7;8289
2dFPnD4M91iRxoGvJirFC5;8514
16cjlCD5163hPGTP2diNbd;8400
170L30Cj5BBRMZPL_NUwg8;5567
2zRoj_6dnA299UYAS_35Ky;6494
0Ay7DTzI5AWRe22S96bieX;5876
2tuko5tTT3A97Hbcm5ZCBr;7880
0TkI361nr0kRKafBFMJ7WQ;6551
0t2lavrLH3ihWI44NspN7p;6148
10vWVxjUHEAx52TFc7_IaN;11520
3RVR1pLSD9yf3ArRnzsTBp;5884
3rMUymCrX8S9edGM9rghdh;6456
3uFjefwdP3zPPtSpgDTF3I;6456
2RzNnRubr5gQ5uEplT5omY;10350
2cmIAdjhD2FR5gaJKw4OiI;6950
1Q0uXviQv4SxoX_jkMmIbg;6950
1l$xS4N9L3oQ4hL6zH3oPf;6020
2aQt9uGo99Yx2$eVIX$3A_;6045
0_9gdvf1HDVuD0rRvTfAeu;5055
3cI9F51BfFF8qDwu$c862A;4914
0AeU32zCX00wYH$bTZl1Q6;5752
28G9Tq2wbCKe$K2Jrumogh;7039
3I$DzzkKz0FwK4HTituplh;6075
0UFX6hYYLAZvyQDmHACth_;6252
0tTxG0cvLBS8KzGr9uZgqp;10510
37ksW4_jL3WxpeORuPCcZe;4945
3lyesAhLXBd81lnhAhUlcT;4843
1o8ExP4R594wkLJxQCOaeK;5884
2rF2ppyDDA_vs3NXqhTUXz;10530
1oU_Vaykf9z9lB775pqAtw;12168
1gmTFq6HvBWRryae6CkRgj;12168
3p7ZDvuj99Zh2Vnk6EEz$l;5157
1NduQMNe1Fi8UzVc1r8jsA;10500
00PuNFSab6fwPH_7kgtONp;7768
1m9EHec1n6mhneUirogXyw;7793
3TfPnAzR5BAeNG79YRQVwN;5756
1kLm0WT5z2PBPOSvh$A5BB;10525
09S2XbGXn0bg0LlARLH_Xy;7193
1vuPguUA9EwupwDj2bayt6;5218
2wEJsvjpj5EvJG9I128mPw;6056
1NLUlvSCj6QgTMycCAckZ6;8786
0j$mN2Myf8ngiC93HF0LwW;7705
0QBT2XdiPDAAbhrIg6n1v0;7495
0mbTQq8Rn2FvAERIakWCT3;5322
1Y9qmiWHf2MBGPnd4ztCvR;5835
0v8toOVrP19PoCyGPfO3ey;5273
3IoKPvuHL9rwScXpSrWqAs;6056
0NnIUbiT17QxoAmejZGYem;5756
2XEZu_76T40RnQmbKEpDu2;9400
25V0gbWmn0TBxea1JGwmZE;7276
1v$UroLpH2Keef_HgESNYs;7522
0g_t0sdcn0dPlZhE4l9UKM;6126
0dGvAIAJv9gAOge9c5nlOg;5558
0TWYKNPPL10R4d1gGs$yET;5558
29jFBRPJ59tvKWIxLMsYhy;8961
1nzsiswLr2hhmHNodvLOj0;5506
2$bVoNXAfA8Rgtwr4$VlLo;8999
0pnZH4OZv7LeKNKUa8qy4K;7940
31eDXMbWj4ewE7nghiKkqR;5906
1JFUq7r8v6geZ5aT929sj2;5736
0s$ylCgK52Wh6KE2VTKApx;8971
1dXgsbKXn6hBG09IxYTtIG;7729
3nBTYCD8j6YgtUANksyjCv;7701
1AX1_G3tf60BKa0rXx$lSP;10505
0VToVTGHLACAkdTHGQbWvi;5549
2x9ajJjoP2tPIUcnK0IbX8;11616
23ZB3taTDEuRlyJBQ1elnB;10500
18l9P3A2j8Yx7yHKBcxiZz;4928
3KskVlGxnFy9aeKwO_wpeX;10510
3GiAaR9gbBgeaXd0OGC6$k;10350
14EMiFs3TFmPFZKZVXIPg$;7193
3j9VShYcL0FQuiNr5a_kTz;8750
0RMJ2OXvP0dOU5INoll7J3;11486
3CKfcfGPD6XPwZWNa_5YQM;8494
3onbAAcoX6vReVPlZwyHIY;5918
1ioI3lEr52vhX9V4W20qe5;4855
05g1ugqPv6MQnHQzEF3M73;7915
1ERXGQoNb0dPSDYSenEUQi;8127
0cRfEjIm923eNgVrfD9Vrq;5479
1nP8gCii9CfxY_8wJfkvXS;11616
0R9jarxh15sBdH4Ms31VSX;5365
1k1CPZmSH5OQ8KZOTkIwIf;5487
3kRXLqNdfDpxPAp$mfH90W;5487
2cnIZJOi53svOsr84TkNf7;5850
0CpY1i3h1FExQh1olauuVK;5627
2GJh4WNzbEZABljc9SAi9C;5627
3PPp3tE5b2DBBRtfcjFI3w;5627
1mdQgCdfTA48ZgiCiyUFAx;5086
3Tv1BE3597uxJ67ib19mZm;5488
3n_y$19FfEeuFJ1ODq1$xN;5488
1YKxLMxaj1ighIx47oS4U2;5488
2Y_jzrGgPAuwCs5tuxPjlq;11370
2qbudu9eb1OwrtUndE0M7Y;11370
1vgqwSTqfCIAUMddKa9sJu;6816
1$JmcIcQH04hKHlerAD6e0;11596
0fWsRiR8z0lvlFn8CR8RkV;5288
3vf3DkJ4nAvx1y4cI3jXEd;5852
3BuoprZFLDhPUR4d0_mD_C;5552
3p2Dt5pUrBLwPjulLLtVzm;6252
0TCryYld58khwaTVWUIy58;7193
3uxlTbbuH1a9RZqVa0zo9K;7552
320v5EJZbBtPLRh$$Mrkkc;6516
2Pv_k1ugTAjBo3gSQe4Kzn;5752
0hweufPgj6yQLGV$$7NQRM;4959
2_PqarfEz23fvorHkVrmZD;11596
1vyT6oJpX2XhkYM0qhDnKY;11746
0dUBH$k3T5DAdtFUtqRFho;5752
0m2xaMAEj4IeRn1NVZ_dfR;8928
1K2bG3iYL9_AsRVMBBvStI;5752
2xEyRheo5EZe3c43BTX4uh;6950
0eslxflLr9Ze15Q90oz$ud;5900
29X$7$8QPA$P40L9KnrjM5;11512
3rcE0HPrfDgRd71JOJ3Hpv;11626
1ZjZwSaP9FcRuhIHFc9yId;11636
0StZ5$0MvFb9bCkxgRVwm9;8514
2Okk2$ew98IRF3UiM9ZXpB;8389
3WOXb5U1j73BZN7gXirzRb;8389
2s4sx35tXFdwVSzUIesVEn;8342
0azKh3inj1I8MKpnYvQtuh;8389
2$ucqkTEf8HP7m6bpOdn1p;8389
1KoEHsxsX1A8iRwqXJZCgV;5821
28Io5cBV13LRgeuVF55qfl;4942
277CERZOfF$vNechH9sPxt;8494
0Ii0oax$9Dneq80QbBYeJo;6950
2RhV$bpyXBkBr2Q$Eh0MmN;6950
1MLr8_K6vCx8xlDQyScMxR;8514
2DATUFmen8xgB9CLtY891K;8514
0qTdcjU9HAyAPk7Z3_Ts01;11475
18Vg_ilOXC1uNcxdBZz2ex;8581
23aB4iAhr7$hrX$9gtglVv;11475
3zk87K7nbFBhf2Y52Gm$cr;11475
2C94Osdof0IPWCx_4VIlIN;5605
09Zf3XNIz3ee2Yf$P3xRCR;5906
2kD1tFBl576xKOD87o5yGe;5906
1C_i2VLL96FungTpoF2w$M;5906
3ZlNMU6BbCz9MrQeRisO2t;5906
0zrFLPM$z3P9wt6N2JwSDF;5906
0AtyaQLDD35Bd25PaduV6A;5906
0lYBSSs611M9fkVxZ6uAs5;5906
1b7LjpBhj6oe3EOG8w4QUa;5906
1qa6K72AT19Q26sGM3VYhR;5906
1Kbw4o4Kb2qh914XF9yU5N;5906
27SXUgBEH4jehrS1JdGEoQ;6520
3VM8hhA$9FKAjRN8EJ0EdO;6520
1pHJLzRa552xje1jxOgYR9;6545
1kna2INoT2$wE3BJxsIDAK;6545
1nCEIWOSP3Af5t1Ja7lds_;6476
0lx3XR9AT9Uw_IWi7$PSub;6950
1YgZGHu2P5C8gdpVsQgCtF;5090
1Fnyvhi8D0teHB45MtO3Lz;5846
3P46jKc3bBdeTvVsp9aKEa;6075
0JM35CuRr7auwKpKCE8YpU;7160
1MVYlyalDFRfal9D3$Ip8Z;6575
3g_rNyadn3WBpyclI$SAby;6575
0sZ8LH5FXFxeKbHRhENKYo;6261
0armr5WtL74ORg_fJLHteN;5561
19DMmIiiP66uDR2DcB7OUS;8581
3N5zuLXVjCl9bQG5y4jYvJ;5251
316iim4sD8yBX9a9rlgCaf;10455
1GWWblcITDox8ioZnQkpbE;5900
3F59Huxm9DW9UWuJb0Sz3j;6252
2XWn1d8qn5Bxf0YJPrWxbA;4942
3DmGFuDeT6$e73vBhvIZuW;4942
0bFbN3BIz9whbqx2BFvc0S;4942
32zX7dmrL5OxilZAWc4GGr;4942
2sBEkLW$5AK9pfEvPKicok;5875
1S0zr1qmDC1B6pX0Q4458u;5993
3u9lBcJd10$Pn2cef5W3xN;4942
0HEpsFq9590P3$XCSSzhSv;6504
0mnjjhiET79vhAKC1CELFT;6504
3bIHCPFzn4gRl48jpbXltq;6163
10ovGAUlX0$ujCmTaHQq12;6163
1AQFSZi5rCpQggoWcIttJj;6502
0AulRHmor6UxUIUPbFVzz7;6476
1JJDgD07X938_X$7w5JJ$y;6502
2PA5vM$0PCsPfYCckqVGpO;6122
2KDmibNUvCpgbLdC4j6wrU;6472
0qjnp$1PzD3P7xqIUw2jmI;6163
1ZHp2PtLbDVv4_vg1AOcC5;6193
00Ti39zE15xvX505YgVa4N;5890
3jOMVMraDEielx02IA1zlf;6433
26u2hIAsT4JhumqJDLrTkX;9455
12g4R1F5vC1ubQpqGhBmq5;9455
14A9c4M6XC$PoOQBBrbf_$;6433
1Gu3N00t1BKOCWnr56MrWp;6359
1UlkAepAT8QeQdbxqrYRYB;5272
1T$U6mokL0JA2XdGaiyrgc;5898
0mv43Gc6j8mvjS$nQo2xfO;9174
1GqsNB6ebEHe909RBgZLrV;8980
2BXpJ$e4r9FuNTwdBn$x5T;8980
354nGFOlr29f$k6DY8FcTC;9165
2fgMcELZj8DxVS5duAfEiz;4839
2qnXbtfcT9CRQy_XjhuKLo;4863
301NEmWkX5Gwn47_AGoFMs;4839
2pJ$1DcTL3Jff82R8Z0Sny;4863
1sZx_gMxjAdg5iX1bW2PpB;4839
2$_I6iPU53JBaft41$sSch;4974
0o$XJ6yZzE195Z_dJkVd09;4974
3RqiB8ELrBnxQRFPXDwisQ;4974
1RnrXukt50t9tIp8trqmMm;5856
1jWnd$2vXA9hAsQMGsUw9z;4951
3pKvqZ6vf4Cx$SvMUtFRN_;5964
0zJloMT_fAffg9ylOz7aEe;5856
3ALnB$THX8O9o9q1hfRQ1_;5014
2gNaz4xMLAev1d64_1ArWp;11506
1Fu9xxyZT6_w_NY5g0EOLR;5348
1wmaXXigL7yvDCq37KF7tI;5846
1nfpRaBYj8Yvof4rpzsnHM;5846
38JU6kaufDyekGwLIf5$9Z;11520
39yOL23h57ZRDrJ$keCE__;11512
33WxnBUW9C9enpmCyIv4oJ;11512
284L822ZvFWvZ3CEGHhcR2;11506
05Awa55E9DhQgd9zPAMaZ1;4852
3RSg3lCRf96wfXMitNPDCe;4851
3hpvisQsnDVx6YY3KCSkLg;4959
3Pcq3k$2bCxBuh0kFTdymi;4959
1JLmf7b250YRMMlCTP6LiX;9030
3NeiIBsxbDPQTN4i3k7jP1;9760
3A_C3TczP3tfey2gumf0gP;5956
3KT5sehH58l9z$w98RpLXF;4851
2Wsi5OU1LAdBguA1pklSX4;8917
0zrgjsr4T0Rh75tZhThQRT;5488
19PmTirYbEUfmtdg2ezrMe;4997
1UnjUty_v9MPnEFLx$EVE6;4997
2IS5pGcD977Qj2wQJ9lnL1;4851
2qVqbmEbHDyAwcsjvcM0MR;4959
16pVm0MK98TfIk3X5JywmL;5768
28Qh7i7E53SwCjIfBCst5d;5309
3rAE_QrfLAEx_D5dEd9SzU;11639
1Kn4aGWrTDg9r3dH9Oowsf;9760
1FbrNdauf0nwhXq4IdCDj$;5549
1cvoOIaez3Xfo1JbUV2CP5;4851
2iiKmQpuD1lPvm0mt9YfFR;9165
3hcXulYTn2TB6p_xiNkpEw;9030
2rRlnx0Wf81hzjHORF6U48;9000
1YRMJM1EnDuhmiGkQgQ3DC;9000
3vNQ$Vb_fCLO7MlGth$l08;9165
3aoSAV_xr0Bgq9gNMHSO69;8990
3mCZYKz4j0P9toFjcUgp5f;9165
2$1r$BN$v6eRCV0Qsdbp_z;5518
39D2rCGKX7UBoA6Q7cFSNk;5272
