GUID;ExtrusionX (mm)
14taxZlb12TPanlqXt$7V4;-5172.0
1hSxfwD7z1sef_OAVWu4Oq;-4292.0
38jJAWI3z3seZrZB0S1l8r;4976.0
1glH8dMXf4KwYRapHJ3sS2;5016.0
3$ys0eQ55ByQ$8MAD10dyP;4300.0
2Fl0sFzfz9uO36VYKizLbs;10500.0
35y$p943T8w8fL1a927hKx;4650.0
1jjtyvt_z2DxCMdMDAaypB;4209.0
3b0mEmgKn3bO92jI7pBFil;4300.0
3v4QxzWUvFFvqFXS8bCEP_;-5800.0
3kzLn46PD8x8R9BOFJRSzr;-4648.0
0AG0lFnP9B0ghEcdEtoPJL;4006.0
2hXJ0izqzDhwHJmLlcKF63;5396.0
058Uci4dL8egjvmcrpBflb;5236.0
0aql$JZKz3IhUx7ZsVxLHs;5650.0
1B$MbA6CL5CQRXIsVeLWB0;-5400.0
3T6FiNhkTBWwBSSAalnMCR;5856.0
0tBA0eThv74O8GSnmcTIEa;5016.0
1D29rkxGLFc8rnbH28UDyL;-4221.0
3ZkhQSQpHE2hmAnZ2dnV2S;-5650.0
2CPjmIW3X1UwTMVuZnqUpb;-5800.0
3v$QrOIvH3yAV2QXWWNF7Z;5800.0
0L6SiQE4vAFgBrE14kBS2k;5800.0
3kmJyNI_50QwluftRyeuQS;5100.0
15Q3rG0$vEsAo7mJkJlL3f;5016.0
1x9VhsY3f6ah4L2nq_Xymn;3834.0
3Yd1odbBrCVhoffHT_7$DJ;-3834.0
0ArL2FpkzAxAyeRFm7G6Ka;4341.0
1K0OHone147emfgS5QM_u0;5156.0
3ldDGUp$L0a9Kx1RI9BDtx;3834.0
2gyL6Y5Gf8URYg3Bquah62;3866.0
3lkzg6PY19MRk719gjEZ4X;4490.0
0wkra61Bj2wxD9HkdM_o9G;5016.0
0WkfONfgT5YhTDnTVZ36Vk;-5792.0
12XC_pqO53UgNqsLFTuLbo;-5876.0
0VwuZ8ruD8rwLfmwULfe8m;3835.0
3YI6AEa01ARB1gQEUkAR6O;-4123.0
2Cd957FxH2Iu4UaFmgKqFV;5792.0
3egTI921rA3O0NObX7N4v8;4976.0
21Q56o3U10TPqlH$dxRw56;4368.0
1Cdorf5hL4BhVjAqBTav1m;4368.0
2DTnNxtMfE3Pzd82miDD3f;4613.0
1h00hqoFT4ZvETKLBB04Lz;5838.0
1KSMOrR1r8VwxwPu7DWf_f;-4339.0
0Z5wReL_P4CwmYvYHGvomu;-4293.0
2fQ26AQZT9FQvMs1PY9$uA;5156.0
0DJtypn2v9b9KA$GXksEg4;5416.0
0WFOkNsNL8R9sDsb_w2hMd;3835.0
0XKcuTXpP5ixL8vOxblWON;4123.0
1FMA7fpvH38gE2j0xIR2rw;-3834.0
3dDqGn931DfPksZMRZqrT0;-3884.0
0JEOWlU4DBxPF2EyB792m8;-5866.0
28VNMr5Qn4uvMeHTQNsUnR;5416.0
07YAPNIAL3zx1RLwjWaGri;-3835.0
1baLlNTEHCtf6iiMrOoC$f;-3835.0
2ZvrM1KbX51QZ4zMHOTsFT;-4531.0
0Ze22I_N9C9xbvYefb0zNV;5016.0
14siqg0DnAT93UqfOM4AcW;5396.0
0ZQepUaan93esCSI1VZ76k;5016.0
2ylmPRaQHFluiNWJh_2U6L;4976.0
2Pb2EZWOn65er8A1ZBI3$h;5396.0
3xNhEWxSj5LRQ2fhYCmP6b;4976.0
2a0kjBLDT2tPG7Hb4WC8Ft;4446.0
3W6aAzd1X7Y9zr3ch6M9Pj;5416.0
0hF9XRFm57bgLbaW7Qr4Kp;5416.0
2YmD354n5D7uMnNConDoJA;5416.0
0QmX75ni1EMx7khf_SYVCm;5396.0
3ZPEkmqVz5Rgsn181SZGBR;5416.0
38ujImU_jEIgcB33Z2Q1Py;5416.0
07N_v0GgzFbeHMDoVcfbeR;5016.0
1dcRi1OEjB5h3oJXOoIrzK;5416.0
08VuC_worF0hn0iGh4jvqZ;5236.0
21AAvwonXFcuVb3F2RRPIs;5016.0
2HX$2NTW9AfAD_NObVXDv7;-5438.0
02JP9xsN58uPkqUbzzmu41;-3866.0
3lrMja60P6V8NT0lGRETuk;3884.0
1L2JMtD1n8OeqxiHyv1t$y;-5068.0
3H_B3hSLvC8eU$VCwSWoQR;-4862.0
1pcJTLEu55hQA3QbOR1vdL;-4929.0
1cmp2y3FvCJfBW$N6j7M$b;-4863.0
0XqQAgXsD8uuEBbN9O7RqF;-4929.0
2TrIPLBW13WwwHFvgMQ87D;6170.0
3mdYglNBb81OOvtRR3pLj6;-5000.0
22zxMNMXDArhIMobBK2sPT;-5000.0
0$U_KTHe9AfvjRzrkBEx6F;5000.0
3Z1kGERgfBlQo7zdrRB4H5;7530.0
33_x9bhh53qepBYScNj18o;-6926.0
0DxDveVVz44eTWUUPW_7AU;6025.0
2Ahnc592z93hUGWkZrIgC5;-5793.0
0vFF6WHnLEqRd7h0Z6_L29;-5000.0
2R9GugnpTAHwdVabVKhKQr;-5099.0
3f$1qP$u1CUvZQv7rvQvR1;-4115.0
1qFzujUob8y9VAGAPSPZqb;5000.0
1WJUnjehT8cQsmZOCX2QX7;5000.0
116MDDwL11j9wl4Qil57de;5000.0
2JK0kUt_L6lwBhcaY1EiZa;5000.0
0X9_3uRET5r9KG0tnbUWam;-25800.0
2Q$35$vmf3LeBHutcwp0np;-25800.0
33OUx3S01FvPkyvf8q_B3y;5000.0
3IkSvMT_j6AfsUm0IXkfBY;9860.0
3Ut2hfuubCLgIAwysq2ucp;-4200.0
3vVLpkJwLDex_vkqHChSBh;-5811.0
0Jmzd5FlnCrgH0BUflsdmL;-6835.0
0MLfRrKCXCQRLCUmj5LXk0;5600.0
2SQeVfFWXCixlHEXdt8YY_;5000.0
3tB8CpNgbFUwKJn2NBj6zx;-5000.0
2nVAfblrj8gx$cfymkA6j2;5000.0
0I1n5rmkz7kwjEhl7AF1iB;5000.0
21a_a8k_r1vf082MHYEss_;-6406.0
04gb5Op6b0NPJXWBbVh4Ns;4545.0
3SUvbbfjb1_fRPcOzT30vr;4897.0
0_plZiz510D9atpafBMyBx;-5000.0
33ZQHlLOfE4wwlTBU0Qj9z;4650.0
1hPjHHlljFNgcBkGW_M6v5;-6406.0
3etWSlE1jAzu81iOoJqgjz;-5000.0
0y7z658rbAo8i8h6dt21Xq;-5150.0
3YUjHshBbE5O2T95ofcKrV;-5150.0
3UwbkzUJ9FwBrvFbXiTi9a;-5000.0
3BheyG$af06ebPg6AOl6$j;-22297.0
1$YoJppVbBeBqOaTsYtov6;-22297.0
3sDYmZPCb8LRJJ1nx3Kuzb;10000.0
3C2PRmi1H9beD7DcpVH16X;-10000.0
1vPv1R59T6ER$bDnZDfnW6;-10000.0
24lCy1qN1BKfF01A1nBomJ;-31439.0
0BbBhqfmT3$QU7ksbivBHV;-31439.0
31HVNKoRHEseBOUQnkAkmK;-31695.0
2fnilS5L16MAiemdm7kdR9;-20000.0
1Uhm8AFG5Aaerk2bDUebYB;-5000.0
1NiyB4dIb3JxzvNfTB1GA7;5800.0
0P0mRmt7H1dwJXAvMV4WHa;5800.0
1y2zhQKYH77xztcleG0UaE;5800.0
27fMIIIFb2xPS5KCKWMKD2;-24979.0
2iJDpRFQj0$A1BBr6kxE5D;-24979.0
3ZDust_eP0f9Q$5ScbR6eL;-7261.0
2gsAv5smHAmO2tUzQRDle1;-7261.0
1DGa$uvXLDbQJ5ptWNMoJF;-5800.0
3MMeXVryT8ngXf1W3UJfaF;5800.0
3sLZGuAZ97CwMpjpijZCK0;-4235.0
2Y6NyFm4rDqutEddJewTUx;-37572.0
0xKAI10xP9yODNZrjtAWv4;-37572.0
2h5tW$kAn4VxDqVFNWbrJC;5000.0
1VChRIKQ9CwROetruc4a0L;5000.0
1sGapTtZb5SP$uy26B3FlF;-5000.0
3LlNH64k53nRLQek49guNu;-11166.0
2O1j6z6v9C$O2dSJTzg3hv;-31695.0
2Imdishgb6WezLsYBgGZr4;-32110.0
0SP1tiydXFlfjv4mIbhskH;-6231.0
2edTDzC5j36h07yqMR320j;-6231.0
3ywxAjFJj9n85aFLS4rEg6;5800.0
0D7bVleAvAMeafzzhcfafh;5800.0
3KBYGQMST1aRxokf9x6OZI;-31423.0
22uIhp6uP3pe6YbPooZiVY;37571.0
2gJVF2JdX5AwTvNM3huWvR;5786.0
1jAAmhJWvDHRg5WN_CIFFN;-5000.0
0Lrf_2VL11CuMiUrxarYss;10000.0
26KgiJgzv1Q9r0bix6Ddpe;-10000.0
21DZ3MNALA9BYKaIqwOfau;-5800.0
0yvJ34ybX3pRe0r5JKPuvm;-5000.0
1grzG6zlP2sP5fFnblkJmZ;-5800.0
3uiTzHoP51YAjpOdXFs27Y;5950.0
0SIYtG51561Q1ruvK0SQWw;-5000.0
2rbMJRixz8ARwgNNUG0cZF;20000.0
1s3Tij2$n26PuS1CYnYH5s;-4992.0
0VV7SnEx5AvRnwhbm$8kgw;-5076.0
0LZwPvub53vf7gHUxrZxAw;5010.0
37TkTxoYv9$QCmtUg8ZXdU;-4989.0
2A6kCFPZT8OBG0CcId6mUk;4989.0
04vUTBW85B8ROgeClMwgju;4950.0
14mmPzTG121g5hsLBRJe5q;-3837.0
0R8Eyr2KT2EuH6fg0Eh7nF;-3833.0
3ptrCutYj55RoT9IaJ5_rv;3844.0
0ocap8H659gRVWCTeGAPqB;4992.0
0rFNXaID1AOv6v0iGvxWW2;-4796.0
06zB0X_f12k8o3aBpK9_Fr;-4992.0
1vc2WLQXLDERKRgHv49Uj1;-5596.0
338vFVx013M8qrsEZr3i2q;-5146.0
0XzSR_WifBdxTR2DWLGsVX;-4300.0
32edJkxo55R9vdRPd7Xnqj;-5080.0
1UlphfPAb2FuI3pek9N490;3926.0
3A08Wjsh9C$fYC$BL952AR;5402.0
27zANrBzX5q9X1xGblFU0L;3844.0
26Gtl37dXEnAmEefBZqjmx;-4924.0
3ocnASAtX8Ewhrn_kxH9Tx;5118.0
0zeNY7VxPFFAPy3CCS4w4h;5876.0
1GNmHFtnj9Ow3d7fZLQPGx;4992.0
1TVBBUgAb5ifWfD_JTkpzd;5000.0
1HysUyBin1$BLeMA13jmDX;5000.0
3fqW$eENP2JvsxwpuyBIAR;5000.0
3F4miHHffAsehVNbeu22in;-5000.0
1AE4PFSGb03uuN8xiQKAav;-5000.0
0G15Omg0fBxBm6MgOazKGC;-4750.0
058lkPs1v9guSRxqak9_20;4500.0
0K_cvN0Y1EuPrdWpddYH3U;4664.0
1bspHXg4r2KPL4_mutvxIA;5300.0
3adRe54BL0QwJnCKcg8NqW;4750.0
0d8yZgU69AVQYEZ20Uh5y8;-4664.0
244E75rVL6WR6_jOh944Wn;3845.0
3AGriMhEnE_BwLWVozelga;4710.0
21hPaN6LnDpg6NL85syCp3;4750.0
3RBV9sH6v9mg$lRYFUI0D_;-5703.0
3MRt9bz195IvMaNGFovwD0;-5000.0
0CUjNefIH6BBFsnwxziHfv;-4600.0
3LCY$4RFLE3AwWWcsFu4Gj;4600.0
3v63ZcBI58VQfIGyNLfxXN;-4600.0
2gzVX4piH12Rikr4yac_8v;10000.0
0h8c2LVa56K9z8xNVUog0$;-4950.0
0uKGP0S1j2UBL6_uqoQOAV;-3997.0
3lKeWURujAHeH0w$FUYtOp;6416.0
0kY$5aHHP4MhglG4bjmZUj;-6416.0
2QVrbBpXv87OIhiqsPwrii;-5400.0
18iN1PoLnB$hBWW4h5vEMZ;-4600.0
3Y7j0jAcTAT8LBmmH8Gm9R;-3966.0
0YvYbRZsD7V8XMofITAU$O;3966.0
3z8G6JZvH4LgHNXNQBhXel;20000.0
0K5sANjqnCSPR$BuEeJN_w;8405.0
2SzV0sASn04vl5W8k5DubR;-5400.0
3_6OIZXKH97vPq$Fyp4XpW;-4216.0
2hxNnVM_1DWev1_QSnrO3s;4613.0
1_wPKQSFP57gRWEZrJRz$G;5000.0
2bCqk7mt11Jg_JZUbqCoGt;-4616.0
1L32dQ8P9APPeTHb9_F_m5;-4536.0
2WZuZhOV90XgnMd3YjOxk3;-5000.0
3cZmtqORbFgu7oij4Gk_3b;-5000.0
07Idhyc1HDhAZvHCqA$dgo;5000.0
1a4v85jbD39w79iJEFrkQI;-5000.0
3qDohIIgz81Aab0WesNRcS;-4536.0
0KgGQ9BGPEHex_sIXPxtmq;-4616.0
15zfmtXVnF$QhVJDjskMwq;-5000.0
2KWg4$qfD8ERCoSDrVxQwQ;-5800.0
0VMcFK0ozF4gZGu4WGRj9W;5336.0
3YeUp5jrj8VwjW0KN5nkpk;-5000.0
06OFNlHx591BSt6UyqUnN_;-4397.0
2nyP7aSjv7J9DNoh3cy0kW;4536.0
178OxBl$55jRCYzsyfXmKB;-5000.0
0$L07qh9j92B$g_dlzdV2$;-5248.0
09vWfbD$57xA9I6ygHIgUQ;-6725.0
2PkWk7S5z6O86JGSekUzgu;-4621.0
05dSiJGsTF09FVVjRq_u4z;-5000.0
2SV$NeHc12OBvnFIfo6Bmk;-5000.0
1WBAulW7vBe97pet9LB_QF;-5000.0
0meVKeSrfFogWNQ44Qsw$m;-5800.0
2M2g0sEw912BfTT9hNaWf0;-5022.0
0813lIaEz1wB$Uj0tNxmD9;-4750.0
0zbOpZ5E9Fl9_erh_N0sCv;-4968.0
0LMwIYlVPDrPIPWTO5K2o7;-5286.0
0UM6PXkwDDWvzFghqxYTqm;5000.0
0RvnpAW8f8FR$MciGiMZnE;5000.0
16A5Q2yXHCLOOCEn6kjrUa;5000.0
37yirEu1914hNqce$8nqlR;5000.0
1RKCv1T6z39wdTxwOYk5Od;5000.0
0hEGrEaab84RX6WBoujbe9;-5000.0
0BwhLzNV99OOHspHe22Dve;5000.0
2BvGEj6KzFr8nDRNCDdWxd;-5000.0
32v9Apr2X8iwBr$ywknrPg;-5000.0
1j8$_$l_T66eqmGHbITWEU;5000.0
1DkXZRqhHAtRbZGExL40gG;-5000.0
1onD$z7V9BmwanUWluRqTt;-5000.0
00fefj8fzCmgty9PGWfPyW;-4664.0
2H2D_VUOLEofFeR4hEsQvS;-4750.0
3Yvn1OOfbBueuAWif6PbHp;-5000.0
1vToCO7tbATgKaE1B$k8QQ;-4444.0
1l66VwbSX6ueaMww6UWD_2;4664.0
3vUlW0bC16gP0LIKaUhKoh;-5000.0
0enYHXl69EpvZCH1l76Mw_;-7480.0
3RMSu$d752sBillmLoDgit;-5000.0
2ma4fKDsn9GRNpW7zqRjlw;-4536.0
1dQm89XHP3Rx3d6NJkDtAz;-4710.0
0Dz6tgnXr9yxLalK1Cs1MV;-5000.0
2Yvg42Rxv94x_torKTsNo_;-4636.0
2gviWXQNrFiQllqmtYVB38;-5451.0
2vGE9ln0bEj9B9QWje3JKU;-5800.0
0_G0MevtXF0RoiKX2PlT$k;-3845.0
2GDENatbr1VP6A7RH37HCh;4102.0
1di$Obbmz0qRrD$j5jWUE0;-5236.0
2LfO97WiP2z9yTzOZm6bZJ;5703.0
2gg_gv4pr0CfO9fIJysUjP;4750.0
2x6Eho3GL2bg$QynoCLWwK;-10000.0
0s2czpvl1AaeUhehPMjoxD;-10000.0
1ttHjgWDv5h90pI9EDRgj3;-10000.0
1ZaJ7gjVr8LuQqbzINmOvx;-10000.0
3XUL_g2GvDWuEkeDiVFvat;4548.0
0GQosIGcT77QXblJpbKSFO;-4761.0
3sSMd2P317DuveXlvKNnB0;-5000.0
3Fn4t8pyrBbvVlNIr$8liZ;-5000.0
3w9Wsbvbv8XfvgTBqQpBq_;-5421.0
32m_tso754gwq_Wb9cK6f2;-5166.0
27OIWpeNr2vQVQp$7O6miB;-4306.0
04BvsmpDzEkQe_Ukkm6jQQ;-5146.0
2hteoTalvD9wdSjYAf2uEv;-5286.0
3PBrbGTtz4rxHF8kuZe8za;4536.0
2dEpuqEHvEgOR5tiz04ZXJ;-4417.0
0mKcjKBxfDRe51TqeqoyLv;-5800.0
1nfwP3XWfFmA9IQCnkcRNi;-4616.0
3zYNBW$If5AvRrhF320u68;-4621.0
33n0aLHNP9rxjRnpcF$AkQ;-4616.0
0Chqc5SxPBqeQyXZ2Du84Q;-5000.0
3pRc5j4MP9KfCrEqt1m9CE;-4536.0
1UsV6uhGP0vQ4elyR0kaSb;-4444.0
3BXol69gn4q8Hh85xGPuNR;4852.0
0jc_IYkLLF0RkGlNQWuX4U;-5800.0
2gWrXixpf6ZQZkUbnfOpeP;-4280.0
0U2LpRd_LE4QAAtf1LmlmH;-6935.0
1zh$iPPMXDBxOZg9Fgzwhx;-5800.0
3mfJ4ac7fC6e7hbvMw3ll3;-4548.0
095M19pRD8ywUyNYWXrp35;-5000.0
3RuYcZnDL4bBo8RcL_2471;-5000.0
1J7PhZhUXCD9q40X2neqmX;-5628.0
0bTuolog5DBwQOUrGW7nSs;-5000.0
0M3NlPSr5BDRwS9At_q$iA;-5036.0
3cnVXLOyz1ohEDseeRCTQy;-5800.0
0Yd5CaVA1599kuQs5$5WZs;-4616.0
39QEU$9Db6WeKbJ2Za7NXL;4536.0
3EDz8Jj9zFSwpAf$qDelDP;-4708.0
0lSwdUDzv9pue84WR3Uxb_;-9949.0
2ZIFSFjS18Bfzp14RcJllT;-5000.0
3G89ZwBk502Ayxmslw_zf8;-5286.0
3KPbJaO4v3LeyKFdYQHPUs;-4536.0
1bA5Mvr$b8DAEe1$TR6H7D;4536.0
2tfvejajjBpx2nBSpkHB$F;-4516.0
0IvQ8y_1542wCfKbKZH33d;-5236.0
05hsmLFQ9AgR60oydvOXH5;5000.0
2WZvQnrsDATwmTf87M1vfa;-4458.0
0ThneUSt18xPxjeNzmkzUl;-4351.0
1mqy735Xb19xcqc5BkhUnU;-5000.0
1JChAl1sL2WQ34Y9DX6_l8;-5623.0
28DX4fFzf1FBGlTuVtZKWN;-5800.0
38VrUhn$L6uRXj4POEF$BT;-4516.0
0I$aegk3L6g9aik2u0uup8;-4516.0
29$2BXhOPFMeZjgYQPhG9P;-5451.0
2YG0y_xmX54gQvU_L9lPd0;-5094.0
37XAlwyf10uRjvDOA2lp4R;-4443.0
33Yg1aOdfEOOVUvnT3ejiN;-5067.0
1C3ZPS3O95JQ7gy2APqRdy;-5800.0
1CgjRYLpjDdRxBGtG5uOon;-5462.0
3ECHQNma5FieujO86WbAl$;-5000.0
1bK7SHN_DFLvVrk5z_PyIV;-6730.0
3fKWuy8$1CYucXNmzmquL8;-5800.0
0bzYjh3a9CbOTRvnU3if5z;-5598.0
3kcUcL8NvB4e1Ivbv_lUAE;-5436.0
1zdx2QQgf6VupfH92ZTpx8;-5800.0
0uIwH2oePEqvyhFkFB5xYZ;-5000.0
21AEqSyQ59r9VPCiFa4DvC;4536.0
2JFAZWLnL5ORSxrvh2z7Yr;-4658.0
3a8ApQTBD7D8wfWoMau26P;-4616.0
0eHP9Xou96mvbqtXtDtOgM;-5000.0
0EvMEdsXb41xeUauni2yHz;-4787.0
0XG6NYZhfDev92YYz8NcMO;-5000.0
2jj1yphhDAax8FF2nIDHG5;-5000.0
1q2PLA0ML0Oh$Wd_$Gk3aH;-4616.0
3VPjPETpr8oOGQ5TZkNzcn;-5000.0
01YJbrwIf4_xQdSAufjGG0;-4808.0
1T81i_7dn9vhWsHhSjYdUg;-5000.0
3$LQ2sxMP8ahF7PKWbxnuA;-5558.0
14MKBUO$nDGAGGwVNvhZFx;-4516.0
3jO5TqT85DJBgiWtnPvI4h;-4516.0
3w1xxtOT52B8BUE8_I1C3V;-5000.0
3jR8Y4Ztf43R1wPo8$X4vc;-5000.0
0fcc_v9UH8lvgPdyA8ZREZ;-5000.0
2nexoIeHf79uWUq6wEGhvh;-5000.0
14VbGqtcL2zBXoNgYSjF_Q;-5000.0
0yR7_6GX1DOOdRK0yDBL4t;-5000.0
2_qweuwff0YA7WspaiDgFM;-5000.0
1pndq5qLT73QRuvKu7zuyj;-5000.0
2U2IuF5wL9$h8IQ3TApbXk;-5000.0
03EqsG1HnFbxMvwFbqOPmf;-4038.0
3roOQbiED1PvN2xIBQfinN;-5800.0
3xsE8xBfbFPRHe5eOcn9Wm;-5518.0
3oNvEmh1P8COLyhtmMLoZ$;-4351.0
0iLL8nJd1CDAitDyXEkLTr;-4636.0
1PwaoFE750zBDPbwmzA4DX;4548.0
1xTghOA3P2owZ6_NqvWKd8;-4959.0
3TJgtFc8z4Bgi3cBzM9qQS;4966.0
3GyterTzv619$z55vmw7j7;-6110.0
13Nya71M1FEeTknsIAo6Yx;-5800.0
2yQH_reM159uvvpHwI$CCc;-5800.0
0u5wGKJCnF69r4JJGzwH_N;-5451.0
0QfmtCWIPB9x77Zvp0gDz9;-5000.0
1Plb1JM2P4aBkDZg6Prf1x;-4636.0
1dM$YJn1b5TON2qA8KBnFx;-4325.0
0EK1g$MgD9S9G_9EOzsaou;-5037.0
30INz_Jrv4Qu3p5Httmrbt;-5000.0
1_PJ1S8Av3E9soKnmky4mN;-5148.0
3QXdxgZADBn8qcfyf8sPIr;5070.0
0EIlyiYMzDkxSVs7Tg7yAW;4536.0
3MraIYB6bF68947Q5UGmwo;-8598.0
0WzKrNfLTA$u1wXur79Sqv;5000.0
32dbv69oT2rfdPhDAdlDv3;-5000.0
36APBgZBT70QZdwTW0WNkS;-5469.0
15_2Fda2jChuCAQ4QiAFGm;-5800.0
1CDEatGO18WRuVjCwpOBvq;-4669.0
35cQ9eWljAT9wNYhilGeT9;-7638.0
3Rm_VxvB53a94H7A32MbMK;-4968.0
2DYWb1VCH6GhfGlPqqfq$P;-4431.0
1ar6jqJA525xsW7nTZHAA8;-9949.0
0uRq3Xpm1528CnKHoWDCBS;-4548.0
3b7z2otgH9lAfX9D75ftWU;-5000.0
27C7WtD8TEUxHELTFW4Gcf;-7638.0
0BVUYczfL6GBb1OyghrNkl;-4536.0
0yc7z50Kf3vfknHyR1gj$5;4536.0
0lLTvAXYP0dBwMYU0l1r6$;-4536.0
3tPQxwAF12fhnFwsFuoM7g;4536.0
2CoZPUpmvDpeYZh6fSCin4;4536.0
3Ft8s1x097Sw3ElXrWI_o7;-4536.0
3JrYhZSKbEORj1n9nV8J1T;4536.0
2oyABQPVb94voamJEEPtp7;4852.0
0tPDSrYEv18whZAZxrz3cU;-4102.0
1EGVbrIzv9FgytC4OW0SJh;9729.0
3G35WBl0L0T8LieAm026ck;5000.0
0Y8LP0FvT78x4gs9CxodqH;5000.0
2$NbDPNXj3KQzRSbdO3lH8;4650.0
0q_yxvQPPFzA02AMcoak2J;-5000.0
1_nOj$gUP4$AQYWvilD8jI;-5793.0
2Qv40LscHDD9FSrZOpQIKe;-4636.0
25PNH5bu10LOocusz6IxdD;-4626.0
2iajTYf8b6MRH8zIE3a1v4;-4651.0
0xJpXVQAHAMBfDYWUmZb6P;-5000.0
3E$$wwtKX6PAZzKUfuzO0S;5286.0
0JRahfKdH9uxRySr1R1WT5;-4616.0
2srFv1kfv79AgANrBjHzhs;-4651.0
0FRcQgWmLA2QhjhABeHSQ4;9005.0
2zHUx3ZQv4SeD8frQHuwkg;-5351.0
0AM7JWUSD13RW24GNr$7WB;-5236.0
0KPHLrL7j85A1vIb9JWydt;-5125.0
39D9qdvSz3TRnkZHUb0HYD;-5608.0
2xr8tBOWv7PRv6jVDpJ7qE;-7480.0
2QAzqS5Lv5wPy_OPIy_Zn9;5793.0
2ewJ0iLgv2KBLHQybcN9bu;-5000.0
2AdapQ9lH8ve1M2KucGqYA;-6730.0
3CjVdAxxbAPxVL$OXuQ3M_;-4616.0
1Iz1pK9prCUAP9mHAzP3P1;-5000.0
0u4QYzu_LCnwSrfgkTgCZ$;-5000.0
24mAy77FbFGORZZczicu_E;-5000.0
0MGvRSMyf4nBLEaaeOxiFP;-10695.0
1qEG47hDnCiRHGwsxZBUqd;-4616.0
3T5jOzSF13fOV$kTtwc7qi;-5000.0
1VSYpOAu1BO9KFJqBeSLda;-4616.0
3Xyn7B9zz8pub8YjHdr2UO;-5000.0
2mVKnca0DA2QWWypkre7j7;-5000.0
14FZhnc699VvjGgxgN37tG;-5598.0
1hpswTKrL4iwVLJMeZzqSR;-7475.0
1TN8IwfGP529nY6dcPBKhG;5000.0
2XFqmfSrP2EhzWlHvagFiu;-6100.0
0H4z1tIyDEOOMXiP7CWeGW;-5000.0
0pxoq1HQXCx84$Di8x5NYH;-5811.0
3UspcGAwbDU8D7MoEMK12G;-6110.0
2zWgB_9HPFrwo9icX$1iJ9;-5000.0
3MYUljNkb2hAaDrhMehI6U;-9005.0
1KL1$R3Nb5GQHEVa3qHNEV;9729.0
3MxMxsi5j8wQcfzuAPvfYP;-8785.0
1Ag8Kmvw1AS9c0FnOgEsyk;-35753.0
3RVmJjkJL2IP1OA7lwm_hu;-4120.0
3Xd9E4ii128Pk0o4CX83GU;5436.0
3BtThW91j7gev8mEZYM1$T;3973.0
0yNiA3gxD1i90tBc$27nv3;3866.0
2wqo3moZjAbuema_AH_R6F;4449.0
2fVp4s5$f3t8UXIsj_VbwX;-6629.0
1LZZB8tBP7reE2J$w7$XAZ;4980.0
1fZ6LferD2hAltuiJudxBH;-5256.0
0CjC8x0ZL6$9_N7b51jVPA;3930.0
0108Sh4ivFzvn64MRb9w5v;-4121.0
2c5wPVQlL8FgBODqu9DKMR;4851.0
3hV6AEX3HBdOsujIqiY5cf;-12942.0
3t7fXnAJHDlBY3d3RzR3fU;-35753.0
2VyMlr3Af01vMPgqNsVWhM;5548.0
3Gqyjbnh5ChAmjKqH6TjOG;5735.0
0A5U9s1YbCQeYpnvoKG168;-4966.0
3k5dHmNjHDfR34uPOBXCNI;4729.0
3JaJ8Tq2X4QOHKg2ef8Eut;-3828.0
17YB8g9ZDAkPHcp3GpXNoZ;-30362.0
2qspGr6Gr3gehITCmQb4bU;4854.0
1JEJD6erP6XBisIvHRSQCt;5271.0
0EJRlNmWzCoACTOoYe$mi1;-7852.0
2cULWesEP8C8InyjjjGAqe;4154.0
0Mt6wpstDBPfhSibAeL7Y$;3930.0
39acL0uR93SexyO4k6EOft;3930.0
3qnRbsgRTA6OVenXGMIApU;-5230.0
02yQlzCzb8khVlvKI$47m_;4160.0
3uDJkUoKf3O8Mnc6UCTxR0;-35753.0
3jW$SzvFbASxSBUmJ1hl6N;-4654.0
2f0vi_okrEWxpzOVU4YfCK;-5030.0
2cpHs32yH7v8dwApjBYFQL;-4867.0
3MlTIKn855V957tjiesyw$;5280.0
2__k9VFrn7oOc6y0jhGIGJ;5280.0
1L2xNaXTX3EAuiZu6N4Nox;5280.0
0Sn3pZa6nFDPDDKblHDlTD;5280.0
2DTDljLTr4gB1zVq19iR4v;5280.0
13CABBV9P51v6AT$CR5YD5;5996.0
2W4w_R4ozFbApd2$W2iIJ4;3980.0
3oeTMMPg166vcuc6H9TUII;-14374.0
3JRvFilBf6BhG7fKpH6DFz;5753.0
0IovmhdrTAkvcC9g1MzlLb;-5318.0
26f_TKlcD27frLozuZmz1$;4852.0
0mpScRosv6FvEw1c1zdJOR;4852.0
2sC5T5hoH1R9kCoBtlB8pk;4852.0
3P3Wt0yyrDeOPpLXwv2Ftw;4852.0
2o5XtyTND7lhz6GFYXwLeC;4852.0
1W_9_SRr13tQjmcc1ud4i8;4852.0
2we6VH3X5CaxFL2FcHOVsW;-5268.0
2q7CF_dcr93vh6X50VWpx3;5638.0
00Ehee2bD6a9dVFrNCuW1$;5638.0
06MI8Yu3L3kP4fQrJjNW9g;-10681.0
2ERzVgNxT0GAimk3cNhgec;3930.0
0dh9H527P2vwxvndjIIMRN;3930.0
2yOO0hQenCtuq_PS0__oU5;3930.0
3XIbImjY1AjP2gUmqN0lVV;3930.0
33KXAi3AT7gw1My7UBbIlt;3930.0
0w38uNBj5Cx8nuTW79HeF7;3930.0
2hga28Gsb2RQV$qLKxrVVc;3930.0
2cbzLV6an0dfDgGuHbbhO2;3930.0
1PUzT99BTEtvfCVCVauYYn;3930.0
2R2Q0magj7rQRR8Ciij06P;4974.0
1XmC6pYKX6CPmPP5JzLUG5;4790.0
1GgDJXJJP5r9EGPMMhEf2m;5338.0
328eGxGpXBoP$ZbZ44fDPB;4213.0
25QMSRNKH8IetkABSI8iEQ;4177.0
1Xv7yGANj249MzXL9NCXnW;-14374.0
1Cm_EELnTEvOlRz012oO9H;-14374.0
2UFrd_rbD6UR$Izjr$J7ng;-14374.0
3V1DmWd7599g1uB5j0BEv$;-7495.0
1hKaMeOfr4tRwkod532$Mt;-7495.0
04v$lCxcv1oeetO_rlld$0;-7495.0
2r9A6vVcX2wxj2CpuJJZlU;-13125.0
3ad0bVwMb4kAh2zoZH2rC8;-13125.0
1qVxudrFfEJezXa3avMf$W;-13125.0
0AFLrQXr1EBfIwvSJ7ez42;-13125.0
1Abqc9fQLC6B5$EYs_sVuC;4138.0
00r$1VQD95VP8DT5R_bAo9;-5425.0
2DlNPjmGrEa8f13g9whQhf;-3930.0
0nU_Oq4rn2R8SQAIncjqXI;3930.0
2PdHVNmtX6gugKXzMuXsOd;3930.0
2$NbrI38z4yuHRlkFPwcM8;-3930.0
2cHu9Ic9n0SA8QiOhYhd$D;-3930.0
1tOWB1Cb94F8iF19c9EUEA;-37174.0
0u2d$gzgP5s9dEbu2ULh2l;-37174.0
044Xf2KefC8PbHxt4LotAG;-6844.0
23AY1F9iPAYBicy9TEgeHV;-6844.0
1YnvzHWC9109RZ0a4gm7g3;-6844.0
1P1zI$kg53xe4GTYf7QnN6;-6844.0
31z9Daphf7eB7q5O474lWB;-19013.0
1QRRv45Df5OxNI7ZDXdOzt;-7051.0
0S9EZpSJ90vx7uTs7SFDzx;6187.0
1lBwHXznH9KP$k$o0WZJxN;4160.0
1nPWTW_bX24gVRMMPq78gH;4160.0
0e_D6g$M54pQ1M6YqmV1pw;4160.0
1AXUSqYD19KAe9hIRuCtDL;-3930.0
0M0yUwsL53celddnq1gfcq;-3930.0
3zG7B7kjb8ch76sz$hyw$j;-7076.0
22UFi5PxbB_uFM4PM4wCOR;4060.0
1B3hAasZzDmRBo$LOX3NDZ;4187.0
3Kxrav29rAluI5i7nooEUR;-7104.0
0_CgNzpXX38uOQcJ5QEjnU;-30063.0
29C10qqtvCFg05_BAlkg_C;-30063.0
2FE2M_VJPCKglh$_Izu8J_;-6384.0
24MgDiIELB$QRMNeLvzlz$;-5653.0
3vUmq2ImD6yhaJ6VTs09MV;4149.0
1oaAFpzPn3cw5v5B7GAwWd;5090.0
1Z97JyfvHFsuOCv9hN2P0o;-4068.0
2CSaYMX4D97gZiO_rmq$PW;4160.0
3BfBlobKj1NxnVOhOXTRiH;4150.0
33eWJWXAX9PwBPVVwQkaq_;5518.0
0UiGxD$Xj3aOx6jM9Ovkq4;5293.0
1bRf90Yy18whHwE9Ia$Yg$;-4058.0
2kmV_KUD562BtqCc6vgc2i;4616.0
3Rrny5Ed5C_ud5akvmbvwm;4493.0
0bs$6mkXr1bf_hJ0DzZjuo;6582.0
3IyaU5HNz1kfZrRXe1bevS;5638.0
30W3bMovPC8OO432_kNJO9;-7900.0
0Cl4UuZs5Fz9Bc$KKmw1nt;7900.0
22wKv4we99UBh7A7Og2tuq;6925.0
2lLwF7kAT6lvojVLXBzryl;-6276.0
0sLDnRetf3kxlkwaHY9mI8;-6276.0
3QYubaKR50PAjMAmMvzYOS;-3784.0
07rp62UT94dxhEfo_3f7Ox;4974.0
0jkNLARuv3uhoq0ml7PrKx;3930.0
2H2OcLtujAteEsWYpaS_Bb;3930.0
0ci52xXxX7NxvVd6qJDJc5;-3930.0
3BwDnsl1H8HfuXnRG79vgK;3930.0
2oCjx3FjT6eA2TC9qfd1AR;3930.0
2GO6FTkyr3XxdvltgXAOFm;-3930.0
2aQO0MiczELQGV$tv72qFt;-4160.0
03hyx4Epj8dfeq5k2ZBg4_;3930.0
1SgjJ_I094txtFcqajESMi;3930.0
2p6lVSaoD3vwPfx5NBR0nV;3930.0
2tTKqdyFn3mP68T8_BeyBn;7680.0
1y2kL$j$HEbfhjm_wBZdKj;-22898.0
2RUB8MYQH76h7jNKqyQAKs;-22568.0
3Q$dGn8PX0q8$U9EZKGsff;4974.0
3qGoIpmxL2au1_SHOj1pNi;-6275.0
2b8WdszAbARxmV3J4IxgTB;-6275.0
1hoGAsI4L0sf4y00r$K6DY;-7297.0
2wKQw6u6D8JxWf52EjMk4$;3840.0
37nCn4oAz1Lvmt6ilLoKt_;-4862.0
2GLJvKLZDERv_JEEgdJGbM;5270.0
3GpdrZQ5T3KAc_c$$WBMtK;-5280.0
2hZK1xZl15GfffRAMKLZxk;5280.0
29oX3XL892D9fI1v5qqnyf;7860.0
14ESYT6g578RhvgJEvAs9K;5272.0
2VdP7gPDP7NQGpZhXyzPYt;4696.0
1taMYi4X14wh2SxXvxrek4;5340.0
2UMBam3z99tPLRj0q2pTq9;5270.0
36NWCGTRPCmBbxV$JSHHiz;-5270.0
012Ho8X4r74QzhZ9Nrcqhn;-5464.0
2j8JYi67LB5RfFpoelKg$G;5995.0
2TWEPxv999u8$5D4uYkS2$;4304.0
3hvg1lEaL14wUt7ofKzpxP;4804.0
27gS7STtn8recgw0EDOyH2;4696.0
3ScymKMpLD39uVHDRD7Mm6;-3900.0
2J8tP9y7n9Px6ba9BG6Xon;6210.0
1hC$aEJtP7MR5zZTLF9mAI;6226.0
327hErTOr7FBzKkv4WiQkr;6045.0
1WpsDIrNrE7g_V16CCeElL;-12969.0
06ysHRZMn25RFmiyBYQ2P0;5788.0
2sdEJvZWTA7Q3ghA67IAkE;9943.0
1Xf8k6yzLFTPD4BLqXi9L2;-35913.0
139gBkUx5B2xRWCvUKEfyS;5520.0
1PWFzRgS1DVvFnOKOh3Lky;5520.0
1fbo9jNDHB6xOn99AH7kAR;-5265.0
1fjSIxb3L1ChhvPGG8KmU6;-35753.0
05UQnthBf1WuIoofdkpTqz;4716.0
3mmqGhlgz03BxJE3VKCB9U;3899.0
1KyKEoONvFvfqzZa3ClPGS;-7768.0
0Xa1mxY_9AxvFAStyr0t9v;-4875.0
0Dc4XamqL2eArV76LfP7Jb;-5996.0
2afvg3J31C_hCt5SYubnOU;-4280.0
1KXqqtPN96oPAYOUgKhztO;-4280.0
1QUztORqP09f5ry1_kXitL;-4280.0
39B6Zmv8b749u6RErhL4qk;4280.0
1MJUht1VrCo9uHb_dC_NVT;4070.0
2DC7oobu5FKAjts7I6A$En;4084.0
1EBljBvlnB2xqyuty4mfTd;-4554.0
0NLzmNRzb6L8oNnYbxJs0W;4936.0
240Yxq4vD8VQVHUgrXbxWi;-5132.0
1LRidEQV9EsxIBqeVM1DPN;5288.0
14k1Ws3U5EmRp8mL0pPLRp;5576.0
1B1dBcCtL1qQp3jNMCBtVp;-5224.0
3gxqgNB_T7p9I0Co_cfLLp;-5268.0
2ScPHzl4T7Xx5SQwG6A$Uj;6233.0
0rg91CJKj2$hsM6YgHI5mz;8933.0
15wHe8gX9B6gbrqP5JQNzQ;3980.0
2a6OzXoYj1wRz9sq_srZoN;-4120.0
2pZX28jTf7MfCwOQPKJhoW;3930.0
01oortvVPEYA55hwE0UkIX;-4638.0
0qAVA6ZJL6WuAtZsuP0kbY;6710.0
0suWq1Dwf1FRk3CQny03Hi;-4959.0
0ELZXu8Rr5wgzw$1l4Yab$;4133.0
3fsCCNGpzB99fE4bfNKW8u;4716.0
3AsaRr8mfBmv45JX$vKgos;-7389.0
0rEvtexoHEiAURni3PxzHm;-4150.0
0oIU90cor62uTztHlrt8zi;5910.0
1Se8goDy96lPoc5dMgqDdJ;5700.0
3in7dSHnTCUf5AwRpzJ74C;-6095.0
3r$utG6Sb5ivqbJTXhBO9E;-3866.0
1gELakYtTAtgo3aVHwuVVP;4552.0
2KGiS17YL4ie4sWM6V9ESa;-4134.0
3_gGQmHzf3Wu082K$WMAlQ;-5272.0
3K6OeqxLb7_QJk6ydrw62G;4854.0
28cZtw2Sb92QzaHdJBOxr2;-5630.0
2w$mhnAk93Uwa4ussT6$u9;-5810.0
2cUTozuBf1iupi$JIDKbuF;6710.0
3gPo7V1BDD8PnKqUfZ$2e3;4976.0
0qeEDKFTn1UxtusCGG9XQZ;-3798.0
0CskARtB16kgeaQ5nr9Xl2;3900.0
1I0c2jtS54kPBuqAewcU_L;4651.0
2sqxukVM96Ovu95MD9qs0k;3965.0
22Bw8skHzCLQwuf3Tf6wQB;4680.0
2MBszLjiD7$xs9xpH6_IfT;4842.0
39QD6rLQ12lBfjemX$Pq9I;-4072.0
0TMGELYb10DfHP5veKoLxK;5078.0
3$2bp0xHb5FusbpuxOkTnh;-3860.0
3vhkiqzlX7yOPyrfUU$qZN;5280.0
1StkmixBD8SxoiqaVD1$1K;6210.0
3iymjN0P1FKBROE_0t$Ljt;5226.0
1YAE2Oo690Mg6YVDQH6oFO;4560.0
3$YAA1t_v7MgIwNlg5OVdt;-4837.0
3ljHA49WT3$Pj5$oa6uOpZ;-4997.0
0GwwpG8Dn9LgOXF$2bjpyC;6156.0
2$Ai$y5kv7FQca1T6s1YPD;3923.0
3yoxym$urBQR8QGe08Coik;5416.0
0I2d8pb3rA29zcJ$Dos0xv;4854.0
3uALSQJa906hM$OxgjzpYB;-30063.0
1XSMDUjZf23uqrbl_tjL4z;-4150.0
0p8LR$QqnEgephBe5z2MOu;-3921.0
3Y4kTYVbbCCxB9hAufVK28;4596.0
07fyjEgxX2FgIlA$3i$YMU;6867.0
0CXQxki5rCDQstmmy_6v$t;7853.0
2NkfjTSWDA8QpjjhevH9kJ;8184.0
0$xoeUvhT7JAJS6ofyVUIl;4301.0
0DDr8dIa5Bo9XVjDm98DhM;-4150.0
2pTcvP3uH23vfe4rVzPYSQ;15680.0
3BEP7nefn0_QTwrCQP0Yzr;-3784.0
3CHULiA8vE7P7zSVguWzDL;-3846.0
2Q3xc70Mf9g8Pk13YqfC6V;-4408.0
1x_8FmSZfFkQOvIC_HZCJt;7276.0
2cQlHR6t1EgPDhgl51kjdp;5318.0
258ZGFwg9BF9fAn4hnNuUw;-10681.0
2YS7Qqjqv25vDiiyjSg2B_;4852.0
3Ho2E1vyD1NRmYUNxvEb_6;5967.0
3v_a4X8dr9pRYGn$khVu2F;7527.0
1aQFPbtFDFuRm25bws_EGc;3980.0
3_XCWK5FH1EvmQRIUGHzLX;4188.0
2zSxVKVSH0VeMbkWqsy_2P;4150.0
18lz_5cg5CovgBVDC5utSV;-35913.0
3O94N4mdXFmRBesyLZX8AN;-35753.0
0TfyttdN93tgyJnDXkUGBm;3980.0
357ynZGTz7pvLFoV8YBvad;-35913.0
37ZR8Y_MLFcgqhVbMexjSN;4067.0
3x0y3vs5zAV9GLOVp675yY;-5062.0
0sBUQfcMn6m9lLmz4xnnD1;4012.0
05wKNZfur8uBFHjX$275j2;-3785.0
2LiQUsePj8HRZLxVlJR$MU;4154.0
2_uVl3FOz0egEJIijEsJOA;4070.0
2TBCXAeVX4HRE_P_QCwGAj;4134.0
2pmNSBCqz5qRRqJNgqSsr0;3896.0
0ibTBsaLv7kQAAE7uhyFLP;-3896.0
0e7pJSxPf5tRPKnAya625i;-30362.0
3FtuEngoP5UB4rYuJhCYDG;3980.0
144gCmD0v6PQuEEdlHbbUL;-3882.0
0TYekhILLFFuqj4HEXI7r6;3980.0
1hzbdnqQr3_P04ydWnFaBv;3980.0
31umQcsMP53utbW04MIZw8;3980.0
2xwFAHCn54pPc7crj2cKAY;7767.0
3cBwISZXH3JOy$SFNaxkFy;7680.0
3PUv9gjzDEFP7X69UohXFg;7853.0
0wtYB69ur1buzB8HzMkUw6;4748.0
0lCnJ4Aur6rgl0fYfkyReY;4097.0
0E0nfDGOX43wD$e1sTdVHI;-3980.0
3J5dw2OZj1Xv5ItfiNEm4R;3922.0
0SmHPHZ3L76PHkGdHQbMe8;6710.0
324hLb_UTB4w496Djd0Hoa;-35753.0
3PATywRer3_vJm8rSKds1r;-7422.0
0pXbnC_JLBGvduAgJuh2fq;-16526.0
1O6NKua_HF6wB1KhAcm3lF;-12906.0
059eJ2zNLFTAZAYQtpydho;-16526.0
2PAxKMCiD4eeZtX6m0CrB4;-7325.0
3iqgNkQjv2i8yMGlNMV_jH;-7361.0
0Adiobli56JOcEw87OlM5U;-12960.0
2_JtRcDXHA9fkUx1aUjOXh;-35753.0
2GA5pck4jE5AUWyDVHH9dj;-35753.0
2JmHnERzvEXQLeeBzTjRNK;-35753.0
0AnyAr_s17Mwh6D38ywnBJ;-35753.0
1cGbP1Wdz4Kv5OPS$VyaAe;-35753.0
2FLtvTdbXDROAV3iwj2TTP;-30063.0
11Z0k_CBX7Suj5PA5ekzvh;-12798.0
1UPh5f4Dj0E96VYN9kU5I8;-7577.0
0u4i2HR5DFO9nR1c3ZLTE7;-7389.0
3oE0qi7PLB5g$EXULJn_Qo;-35753.0
0nMm01AND5UOKN4wUWvpoI;6213.0
2cdhqQ2zrAngLP6LAGpUwk;-35753.0
0Uf3UYjsr5Dw5lCNsP30NC;-35913.0
3xm5VQ9YrE0QMf_0bd5NSz;-30362.0
1PcG7lKlz6EvIyoS75GAgu;-35913.0
24AXlYfUj91BsFDHqEnZcd;-30362.0
0QLfIAO5jCYOlBXPtPXbMG;-35913.0
1CtrOVFkL7nPYlVE4qMweQ;5212.0
2ltoe_Qgr2ROdnI3rvz2qB;5222.0
3Mgs$3eGzDwPadgevFaM5i;-18634.0
3AF$$p5Wz6t8jSxOW0XOzN;-18635.0
1Sc2nhayfBW9OHKB9AlNnO;6803.0
2JcW7bmRf0JgacBCywxBJL;6710.0
24UrWSgpXClfaqElWT2ZNw;3895.0
1yJTGBMb96pRBOhe0oZB8q;4852.0
13QWGgam97qRNSmWYNYAiZ;5752.0
3r0rmAcYH1b87wIc3qWwmt;4930.0
1K$UMxBFb5QORvSOE3ZrOB;-5273.0
3os4P1vLr1UfwsNwycRso7;5067.0
0StkAaoqf3ruoYj8bQLpfW;-4737.0
2CJfW9lYvAmuPQJWqvqmOx;4532.0
1fhM0EIOL2G9zdKoeNw3p4;8335.0
29bF9e9of3KfqxYOEKpKa8;11259.0
2A4IoYUKn7FgjRxG64bBkK;15704.0
3KynsZHNvCuviXibX2mI3j;-5770.0
0LRKW9v31DIeoEkt_csgmV;7118.0
25nLV2J6DCzQeD4VETvgLf;7276.0
0f6C$ojS14N9_gBC1E0MNO;-3852.0
0MkfT1bgz95hXxSBtWeNyK;-5157.0
04gJJaYwL9hPnN$1NM$zGM;6710.0
0NnYznkujBgeplO2b$uyTr;6008.0
2IVUsbMhHDBA_4CqUtnzfP;6803.0
0l1EHQFRHF$fz0KITs7jPb;5518.0
0Ps$u0CSr0EgY$6r4zizpq;4716.0
2eWtuiGPXDJ8f39U2vnByz;4980.0
3ft93$noTCZxo$MU1Wcle8;5338.0
0kqndm_ybA6R0URUgd7CEs;15680.0
31MhmHqA5FlhI2ZHTZWSMM;4552.0
1jXAuahoHDKv5DLANyi4TB;6008.0
3R5ChDlhz4bh4wGK_IsGmw;5271.0
3_Nl_ZOpD51wox_PnJyn_9;-6038.0
3PKUVBt5n5gB5Se8V$2Cf6;6203.0
3SwRcV$fX8bxS80zltQs2v;-5157.0
3f80sSpbjECxIuSuewVDb$;7266.0
0ETDeq2uX8Ngg5$4cYc0Cq;-3853.0
0d_WlWxOHEt8lLUgbndwtZ;4552.0
1YpSvnkmH8hgi7NyjpnbC_;3930.0
0hS$4Qa3v9Ngdc3L$1DcSB;-5992.0
0TFAN5ikzAR8tNH9QKqW1I;-5992.0
13uVBWnc59JP4GXV4gsOT9;5447.0
0dYG97dQL2rBvq7tw6mRc4;-6283.0
2dQBPxG4n3Off3stvINtA$;6812.0
0nAifhBOXBGwEy1q77d$JD;5836.0
0PPPG2oSb7cRcDL_qmPfk7;5280.0
1iiD6yyy5EEvU0n5K6f4ui;3930.0
0TPczWpir3B8csysxjZQNd;4065.0
3W$8GB$YX8TO1rmDLX9y0K;-6145.0
1GLeC75wHD$fRrvrBOR7gO;4852.0
14aeUlA3D6JRXoNPN8Xshh;6384.0
3uovC8dO53gQoBSEtfXtyQ;5160.0
27nbZgXFfAfuq$UoS4LNII;6246.0
3hbrHaFdf7ke7eXkYCtUaZ;-4038.0
2CRmBJ0Bf4zhCcOeIoQnay;5187.0
0$$rgEBdbFs8oZOrDis2dU;-3955.0
3vKLCBDGL3XwRGfZtpdOw3;6462.0
3subHbRQH0FPNNnDttXMYI;4616.0
3pBCemTP1A5BGg7h59QgV2;5638.0
3MUW1cjjrFyPOB75kjKbWT;5070.0
3jgnDF6fvCPRZiP6IeHX33;5638.0
18FUESbJ93W8BTuaDsVU1w;3930.0
0wIeHOXtv0hwRNtqyDchQb;8184.0
16dtwDCgD7Aeamn3EEeX8r;-4122.0
0gjpxPonLF3hd02fbQ1cO6;-3866.0
3vFPsLwVjBwB_uzJDl6BRz;4160.0
0WL4H6B8bAtwqvHptyV75n;4281.0
0zbjmIzoHCB9fVy23yT$rT;9943.0
3RuafEXIf8Zvc$U3gebe1d;5359.0
2wUKGY4B90p8kMpHzkxj61;3923.0
2oacunUIT9dg6fWDYNn_K7;3923.0
3HkgiTlLD2owdxCeAVR_5w;3930.0
102itbxjf27e46epDQHnh_;3930.0
0QiD16dyzCiQdwTt84Pn1B;6659.0
3yJVgT_APFkP9rXkrfSrgW;3930.0
2Xfgu6RePEdufCOrgh$2Co;3923.0
2zHcR$M0DDJOR4hcYcsOFd;5898.0
2rCNqe2_HCZRxlKjG6w1fD;3930.0
0fFfJSAQ12X9eBI_g1keRB;-3960.0
2jokm$zEP1OQim_T2uqk25;4160.0
1XKClQRpn4XBgRoQt83v$_;3878.0
2iKSWbrNv3l853o7onTPf$;-5038.0
0rzH7nv4fEaeHO4fW44_Md;6249.0
3a_g0lMkrF48fM4xB2rE1D;4160.0
3HmOY7u4TBSesfOxrvWh4P;-5628.0
1OXJh6plvB7BKXnZzOW0OX;3930.0
1f9pzM_FD7Ture_zlzkaOC;4306.0
3c7wc4VMv5NQIpOPYSicfF;-5548.0
18fNHh0eD8IxGbRQV9rkwq;-3922.0
0I9LsROwnAKAcM16$Voynb;-3890.0
0vrp7obqHAwBcjjEFhQvee;-5841.0
3TfJltCGrABeIist9nDD8E;-5741.0
2lkdBQqAL8Tggc3BHzPje9;5881.0
35KH5XIbT5Gv6kvE0nzlYT;5074.0
28TQjX$xf6VPn$WnzOemP0;4050.0
1MTbQtQ$zCOh2aFLrfHLX$;4498.0
3oSJAzW8XFnQCSWttZ4OuA;5638.0
3TegdQdNz1af_VLFskV6cE;6226.0
23XDao5L125fbLVj4Dn91a;4852.0
3tmsfyDhT3tPno7RROk_3Z;4160.0
3bbcfW_CX0sg2S1xeZDyVv;3866.0
1j2MtuxVD9JeidCAMyFKnb;4732.0
3z$U6G1JT5rh1PjRA2vcyQ;3930.0
28KekVRef0W9xEwBnEnL9q;3930.0
2luAkgm25EcQfhPhZgJSXW;3930.0
1fxOhxQUD9tQE$Rx_N5A1K;-3938.0
3tsDM5V$v2XQVCtuJNAPMz;-3884.0
1BtyE5PrjFmwKo7PNQ1yBo;4852.0
1oWAeaQy16fPqX3AGKWRTt;5436.0
3u862ZNIP9f8TF_8iRyKBX;-5270.0
1bZlNpbuj4UhRtBq6cGL90;7860.0
0NnHrgj1X9rAIQVHj9JLmN;4151.0
31bxzPVvT7$wtV0Lkq6uC9;-6714.0
3TWtHkaK90Jx9dBZ4s5ruM;-3860.0
2ox3LfEDn9zRiaKAyBA1zy;4152.0
3t1QUdnT98FPuLb$_VmTC6;-5806.0
29RPjxL9b1LO_$EJT2B7zE;4150.0
2Jqsbe7V92UgnfBYw2CBZp;4636.0
3MC00zFdb8Dg7KRRmnCLoZ;5280.0
1ppH9hfufDWQFOQ7hOZwwp;4160.0
2tc_c3NeT46uEDIeWd$XGH;-7104.0
3edEyqCLz8FhsJ6KY3dZu1;7788.0
1_aFc52YrDpOPk7zShQgT_;4065.0
2vCaU1_Dv1xO5sZpWJKMyJ;-6103.0
0JarYe_513xvBlK1WlOCDy;-5030.0
2Ks6jL_njEU9kf$Pa1xqrA;4493.0
35bh8HIgT1PedGQwzf8FT8;5836.0
0f8j2Ht2r9sxIgMo2Q6oiA;4304.0
1WDeDRyRL2ZhtghyqbEzJc;5273.0
3uvKMH7X99NBiWTCO9uPE1;4042.0
1jN48uTmb3YQoYkMRn5dfp;-6103.0
0nlNpLwCf268rRlgDk1QMn;-5709.0
1$VwNrxrXCE9mqVfooL1Fg;7917.0
2qdfveva14OwtOsJZBvxFt;4278.0
16GyD$cLb8sxMaGwDOr0dX;-4349.0
2YmQHCFG50jeDZkrFxvCWS;4656.0
0D6HTZ7MTAqfAMr6_iBkV6;4066.0
2pgz05sZHFHQPSLbeN18mg;7076.0
2NRL9MEML3VRJGwHmhn8Gr;3895.0
0nbw6_ij9EQwqNCH3pWW19;-6248.0
1F$vxmGi11yxmzVstfQwF5;3930.0
3I8mdxhUr59BTpZfsUjLYW;4122.0
03Qll3iMD8JPoyyBr$J8EW;6466.0
01I0zpLqT8tBzmBWgg5tne;4167.0
0DJ1IEVF12kOXFpbC3_7Xa;4923.0
0GVh2N6NLA$hPCynj5hX2z;4160.0
1l$4U6frzF8Re0vkCrpnoN;3831.0
3RYntIT0P4i86OA$XdqMCZ;4080.0
3XnAyUV7v7$OhldJQAFV7b;-5030.0
0Fkszws0X1wuSTTQeHeEAF;-4471.0
0P829bg8PCQxCNpFBuRI$5;4618.0
10edEpncj6XeZS09JZKkR$;4001.0
3bN$8VEUj0EujQTpaOHSUS;4155.0
173FXmI4nEThLjxeez7K_s;5638.0
1TD8woErL1qPwsy3SzPFs1;4188.0
3RuGG3fBXDDP94l7mVj8Wa;6247.0
0rEGCtBdDB58UMjmEGZrDj;4844.0
1Qiw2outv77uOyE$qCfuwh;-6926.0
1A8BQImxPF08Fqz7rzIbm$;6855.0
1oWUlsGpD8ceyHWva7ymcx;-4026.0
1ICBRdS8L3ZPKWx132YTpK;-4027.0
0tHaLpSpLCuvMFqYuLl5Ct;6384.0
1hzdPj5bX9_wXig_cwNNfy;7067.0
0aMxn15YPDWACpG9EHpcgj;6384.0
3jz0i9rVfECgf9HwJ55w$C;4843.0
1pf99q4Br5Kgbk_on4y14R;-4426.0
0AoYyWAdLCi9z_$7O1FpFv;4664.0
1u4NNl94v0GPlALcEu9N5S;-6675.0
1Ojo2cywPDjfx$RjLVcUgp;8312.0
3tQzesOhT7Ex3hfdDFSvT3;4156.0
0n$VL1Qzb4axG5mN$__qtn;4150.0
0YCa0dWWn9hxA4drNpjRx4;-3945.0
1lGnloSDX41R$W_d5UuMEC;5638.0
3teXUCeXr2DhdE2BqXGgyq;3892.0
1yVt$mmKnEP8G7DZw9KKEy;-4050.0
2dFB9lY0n9c88FLAM8G1nH;4146.0
3vNbYPkEfCuBqIUKIKEcBW;3952.0
1$rajlVWfCZ8vyKt2wZB0X;5272.0
0ZCv5tdX9CdQDJdTxaIB5B;-3910.0
2K$rBBhLL3d8DLzdUqoZoz;4494.0
0rCAhwNebA_BwAMIG1HuJL;-4854.0
3YwaqF8zb1ihJsPSQWsNJO;-5780.0
1oBIi$98v1bOb7nUe4aPGU;5126.0
1KSYzw1F580ueGDKR9LVha;7193.0
1HHCQnkFn79fNUhHGMij9J;5359.0
2j_19OQCzFd9ttyGvd0k15;7193.0
3b7KeypiH2TfK1lvxtFXoK;4188.0
1BIA0ljGXBUv4y1CH8CEYV;5054.0
3GbSjuvr58igcZPBiBm6b1;-4265.0
3UcC8Gxgb4pROMcXsetc6a;4278.0
3CDb9j2_D1JORl3PyomMEd;4288.0
0vUpBja5v4HRKJO_XnIDp0;3848.0
2ZHVKrEw16xBPLSxDFxwY1;6506.0
3sJVYsKvbFwRFUSNFb9dvz;4301.0
3Tn5jxPg9AJP1t_g436gib;5836.0
3ZsUtF00nDSvDobmSYZcfg;-7594.0
3E$TzjhMT8cg86DrOol8EU;5972.0
2zd1K1bw1AyemaEXmpYIWE;4616.0
1KLKY1Kn10yPeSCkKX1dLZ;7860.0
20vI2ZvbPEpOUQ9eDxcCg8;4680.0
3cJIdXHarDjPQvcfjaEBkm;3988.0
3m2wPdcKz1WvHjF3iHwhHi;5638.0
1R70y1W_jDxx2a7vEOrdmC;5095.0
1FrT0ld3n4fPMT84CW8bII;5284.0
1rZO5J1NHCiBdgTG0TzfMr;6802.0
3jBVicBhrBGOKZ8hkHfRdw;4890.0
1sklP_jpbEOg2WjBROOau_;3930.0
1zkdtkEh972g31vX5yqyoR;4098.0
1VWHCEPiDBOAs$eJEEocCV;4218.0
035TyG4ff1MhWps$9jL4oY;5054.0
1WUSL4H9XE9Q3CHHOXhKfd;3960.0
2VNXr5DyLCmxz8TK2$q_7t;6413.0
34dkKBAk17EP54$L2dLOq7;6462.0
2WOSd$5orALQKlkahVrIWc;5391.0
2jMECBz4X5jfPwRL$C8atq;5548.0
1rROfkO7j3auDSXznLd4oX;3938.0
0wicv$YBfCFfuUzxun8PNl;3930.0
3nRdWKToDBIPfCaIqQCB6A;4302.0
3O9eVSJmzC9eBY4qxfjJRe;4080.0
31f6UGryb95xBsbSv7o6Ku;4255.0
37CFbN59r4vvL83qdfZWfi;7276.0
1jdn4Zaab6QfuxRQCobQtq;4552.0
3LDuIoTuT8y9tDXRuP5O9R;3930.0
19zKakcqX2xBTO0aAhb5_2;4160.0
0kh1NOEzn18AqoYUYAgLoh;-4160.0
30jWYIByXCJufIiWEjs1Sm;6810.0
0lBURPLYj4_em7_l8aoa3P;3857.0
1RJo9v85zFpx53K$Tx66wZ;7698.0
0fG$S8yd92MeiFfgIvMhil;4587.0
1h10Ky4Qb1bgDQ0XoKKEhD;9116.0
1RMVbmGcnE9vNPZWXxmU3B;3930.0
1PZ$upQGLBwAiPLbbngFov;4160.0
1h9C3a2d17rgA6k9ztsJA9;4160.0
0Pm9CzA_rDEgvJxIk8z$m0;3930.0
2XDxArkhT7QQ2kD02qcEzW;3930.0
2X9F2udrj0wAAo_ZZeApkX;7193.0
27vP0DH2fD58u0VXzKi6dY;5052.0
3_Ql7LAb91IOxdeVnFzRk7;-8054.0
2sHMg13Yn8_8QIugY3WIb7;6436.0
0QtQ2Ozoz90uVIsuXfDJ$T;3866.0
3Z_HTPgDf1ARdpzwOnNYDJ;5280.0
0uPJ_Jk9LFnxFE8VmdbIHL;-7860.0
1VHnSd29D1XhRCLthy$Mum;5967.0
3G7eoebfr6uhvnV$l2wZJ9;5251.0
0C$Oxd9YrE1wWHMGY2bC4n;-6251.0
2Pev7uDm1BOOvQudl5vW2q;4709.0
13YJh_Cov1BQiFfLmSpFyf;4852.0
2eBddyLhXCKPdQCtE9yIz1;-4499.0
1l5uZ7oIf1Z9gKqFSGxoEF;4487.0
1p0EhCfQ52yxA7DSuAKQ76;-6231.0
0plZDScEn6yv910rAWUA_9;-3945.0
0QxAbyIxb9sQc5KoxBN1JR;3973.0
2VxrnZyvv5HQr1OqAjdRUX;5038.0
2SIVgc6b57BeURn8xFOiJ0;-4150.0
1GRpy4RWHCjRzrdlvO8DOy;6810.0
0QNWzBsPH0V8jqSiXevUdX;6223.0
1Zysiqr6PAYAO8dG9TQVLd;3930.0
2UhuFM3nzA2heqmZVawlKl;5540.0
00W1wcOL96uBgSd5FfXfrP;4150.0
3xja2EY416M8z9clLW5Ldc;6810.0
1b5TN5$y12Kub0YFxWNhHF;4302.0
1KOPLOAfz8uuG0q4VzNhrL;4532.0
33LWxCKTTEM8NpCK7WwoL8;4641.0
3gvRACaQ50RPrLfcyLvPQh;4852.0
0XUkUdbpP6Dg6uH6PWJMNe;4732.0
1voxIS5XH94ewhZeReQqZA;5089.0
1_$Y2ti754QBRV1xTW_9bN;4732.0
1hS7RKJBb2pAVk1vDzhwsG;4616.0
0BxobaCR902P1uyXCTgiFZ;4272.0
05L3QGtW96CwiSXM_SAXIv;4332.0
0Raqjft5L78gqaWtjh9e1j;-5030.0
1AYfhRr297OgMAQPnPFzTk;5016.0
2l3FL$Iln58Ayajo4RqQhW;4188.0
2FsCfEnI91wgifYUD4vaLz;4974.0
0cMH96x$rAEhhfTOOetNoV;5644.0
33HjNQ8MT5AeyiuI8y$j5L;10132.0
2_CHIZ9Sz4JvMMGns6xGK6;4706.0
24dsfB5Xf85fs1iPsfl9lL;4260.0
3sYOO9Mu59F9XWdmo$4AY1;-4766.0
2cSp73K7vFvfs$1LRQgYXb;5638.0
1kjFBfU0j2rRtyrasYjcga;4618.0
2m$HO25mP7xeQFR4nGbT1y;3926.0
1bHHg72ID7Nw2jiS_1vL6N;7860.0
0E2jEXefL6gfuXaCxg4X05;4936.0
3M8jPBmhnAWv8rx2Gcprxw;-4960.0
3m0Y6PMJj6KeT4ztgGTE0p;9116.0
1UV1Qqk7T0sfvOTTn6W6D0;4996.0
2s$9FASlLBPPI8SY6v1TxB;5280.0
3A20ga00n5KgzqHbWdmqPh;4665.0
35PUEmxE51gO5zY7OThM6V;4288.0
3cAeozFof0sw12BTTplU_t;4595.0
3wVk2xLMfFxwPMm9EbVoxG;5628.0
0M1jxpsM54U91xbC6AGKwm;3837.0
33cP6RPBz0yOz8scgSWLuc;3837.0
0GeTIwEmf4sfgBBwvlnsJr;4493.0
1dKke7tEn3rRfQw6Y6JPRo;4178.0
0g$iZQJfP7WOh2uWxO5sqp;4178.0
2UGzpCa8v3Ie07q$aU6WXz;4960.0
2pQC$dyij8_A_W92vNgob6;-4967.0
2BwYeWzqrAGwvMYCB$H1de;-5268.0
3__RIbz0LAD8F1dG3IR7Lk;-4532.0
3MRp4_3BL76PPKHgJZAzmk;4680.0
0B6rP9UQf0Bg3bCfkkspID;4852.0
34aIWoxVb4neTL_Dylicl8;4218.0
0X3x4HWanEVwvXYqEtmDbj;5638.0
2DeTVbl198tQO0zzgeW101;4423.0
2oqKA8vg5AjvnKmY0gEXTS;4851.0
1Z8dM$hxb6Sv6ziA1peb7s;5280.0
3tI0wWH8vFGvc1AUbznlS4;7860.0
1W0s_VVTL93BNRHXRcUAic;5638.0
3xYajZd5v68BaMAg0HB9lU;5004.0
2bdpJr01zDB8X$hL2$BlYf;5064.0
05Pu69N71BWfz$rHC9qt_l;5294.0
3_uiuLd3PFFv$ngNAoGtvq;5638.0
1_gnEsPSn2ZOH5ZLwAB15t;-5391.0
0si$sLUUP1_wjGxwmv7uVB;5280.0
22e6i7It58MQqCsP20n75o;4229.0
0CmQXVHnj1AxDweVoDGM3c;4954.0
1tVSiqwM53n94oqh2FiflY;4732.0
3bKgy5bs51u8ethaaAtxMR;-3866.0
1bZ$BXPCb5rxiCwJTZpbaD;5638.0
2LiYEyjJPDmvDrKYWCMxST;-3876.0
2Nn9o13OX7ABe5YciguplQ;5078.0
1ILxfa3K1AqhcVvffSKPCm;5280.0
2WMKeimIzFhBMznBmCKb7U;4291.0
1Ps6fS1DT1Z8YUbSnWSMFG;4852.0
1UAj0fVHzA$OSSI2MgS7on;5560.0
0AJTV5Voj2WhVwagGDOZNx;5280.0
3Q4Ifjgrn778ifakj49Vgn;5638.0
30DSZwowXAx94W3GjlhMId;4851.0
2KhwPP_J15Q9v2C0dt0Cig;4732.0
3uaSujaifBRQWEQs7bOyoG;4229.0
2g2mapcn11zfgkLdZ4$TU8;-3849.0
0QhZTSA8TF4gj9feDxtib7;5294.0
3U3oemrMnCyOK$960fv4M$;3922.0
2Cve9UxxD2YvLjA8y6be2O;4596.0
1SE_z6eFPEK9C4aw$WpkIH;4954.0
1$axYrRVnElxui70uZJcD4;4660.0
14zXBR0OX7wRmyhfB_O2$D;4160.0
2B$IYyCGH9WQM1__3Ie$UZ;-4150.0
2BqPq7NnHFYgRl7E_H4UOj;-5270.0
1ZhiwjJjLDVOjwnZmexYM2;5270.0
1d8IHgNmTB8PvDc_Sc$$2_;-4842.0
3mUyZiYjj9cxpQ9GUdXDE1;-6212.0
3aaPWmzCz5DBgN0qKfWFzW;3861.0
2o_KO5JYrFAgorQogszbh6;-3916.0
20XAlVEbP7WxlvPI4QETYT;4208.0
2Z6onBYVbD0AMNNkqJlbGQ;-5030.0
2TO4qdtkv8HQwueKPCMDYx;3887.0
0JvWL3ZOz7fR$P4Fi$rrOQ;-3878.0
3SsWOO4sn87w7qqBzwkeqy;3864.0
10HbsFq$P2rQatYvhHYQrJ;6802.0
08eiibr7X21exFuNBS02Ir;-3883.0
2zCzUsqJL0n8Y_ECinjQzu;3852.0
1D0rU9k3L0vR6GhOOB6i2q;8971.0
2PWaRBopnEWAsWluIL1_4c;5254.0
1Lj2ME8Bf9j8aU8h$QIg$T;8335.0
1Lz6TUYqHAtPD0RiO4WlEn;6775.0
267Har2drFLgYjKQqLRWNP;4852.0
1yTZnNKPv28xs2TPd0Ksx2;4160.0
0C3IslalHFCvvK88ESmgas;3944.0
01SyEMtTjAv9Zu1ss7IA3Y;6506.0
1CV2JD6Rn7ruhIPspurQrr;4732.0
3gmEy5nv1ENRXc1i_sZvuU;4302.0
1PdgedTqr6AA1zt_N4wVYt;5074.0
0dm8fTZN11_A2qImh4dRPs;4288.0
0OW_lp5nH639Hn4F$yHlWy;5074.0
1r7Ds5u893OQ9_b6bK_4Au;5280.0
0tsTLExbb4JhP_foxF_zS5;5280.0
0uO$55eDzBoQIb$_X5qY6F;5280.0
0FSsuNI7D0swX4L1pISQKE;5280.0
3X5ukDRe501OscDD_a8z2d;5638.0
1gvU0wworDxBbEBfw5hW9F;5264.0
1O_RcxyIrCLRKS79D2mqn5;3866.0
1s$nhWIfj0aA4KIDhuzedh;3866.0
1QakMYeMz0I8gZYVXzfic5;-3866.0
3HDXk_LeL1l9ow4ktg7fBb;5054.0
2W0vBmJdvBUepm__T3cGEz;3894.0
1sbeaAOp19kwbz2egm1YAQ;4618.0
3vJwDIJurD3hl2LXBmwRGy;5294.0
2KgVC22Zn7j9rNd91dgzgR;4278.0
35GWxpzIT4jhvjRSHqCYqS;7860.0
31q2pINEH3IwwkNYuZ$aH9;5294.0
2c$Q9Zeh15ZPcIaJWdlJ8p;4696.0
0mNip3NaP6M9T9f0Lr03Tq;4271.0
2TkZ1gkMb2GgHZJ5wMT0kR;7193.0
0lb8Nv771A5wwbzI92KteO;8335.0
1h6Si84pT4YhxRXVf1li7e;4696.0
0CnF1oUqH64f1Z$8WHdynL;5054.0
2Ivu$D0Xz91xoPhaHBLRzA;7276.0
1gsUZTo9D5mxXJqkiBEnvT;4271.0
1BGvFSknf9kvGnIYZfk6hd;5518.0
3QLeh7yJvD8BwxeLwc7uy7;4852.0
248kNo5Zf2DPB46oQJBQMK;4680.0
3K_lH3tt5739Kaz2x5seLM;5280.0
3hKePoY3TBgQTELe5qRTnJ;6246.0
0NrJvomlb8degVc7gEki74;6466.0
0ZRHNdwOPEkuDOcFU1BIkt;6466.0
0AeWzmY2n8Gg6w$WIcqy6x;6436.0
0HjS_zHGvAG8HIEzpR9ILP;6294.0
0xtA26NUP9EAU8D$gu7euy;6258.0
1CGcMHpHz58fgfEw9I5fLq;3866.0
3TTDoKIsHEyBIYZAfg8lgb;-3866.0
1$FoOY_OH0_xagZMJbw1MT;6127.0
2oz$vNhQj1TOFV1a4j06dc;-6530.0
2AOQ2y7Tb6Twd2Y34Zfd6N;5992.0
20h06s8m1AJhKf_8vWaWxW;5069.0
1dUykckN12pBUces3eCgkJ;-4929.0
0WIqKlpKjCHu2CZXkVMVD3;5397.0
2IoKQitQ9Cavx9u8mRukxf;6262.0
3INedVi3b1bBeB2$vNDbg7;7860.0
3tN7CXMl569AzdnbL6kazP;-6244.0
3kiild6rf7wRERq8WE9xC_;6436.0
3BA$XjOZXD8eLq2vRnREhn;3866.0
1lBK$QQJD2Phk2qKCiQylp;6262.0
3lZWtsTyz0UxUcEffFeVJy;4710.0
0WQNf3Jg9Bp9rsEQWsghx3;5972.0
3bhrGK6OrFEfIasysbzidb;4122.0
3X73pLGKH2BeIlsqgs9NSI;-4122.0
1rgE9Utm9Dk9bqgbKvPgQN;3985.0
1OAhmUjr5EM9FHthYJ3GF4;6466.0
2PbSJgf2P0hercXWmtbiGe;-3985.0
177qUvtmn8hvxojpCZuYgS;4588.0
22oM2VjrbEZelsd49SdTrB;-4757.0
2guUO9iQ19mg8bfi82QwDf;-3879.0
0N84qGUiP6vhofCQsU3eXi;6460.0
0HZ0HAk0P0ZBqcKd4Ekav_;-6198.0
1JmpqoY1bB6vK19QksI4Tx;4532.0
07r4jEPwH6_9iRHfR3w0yH;5967.0
3QyzLo9vTA79xDLfOrw8AY;3900.0
3pROoBCbH6aP_3KWS7n78S;4122.0
1ByAuQcnD3XPN6coXKzNj8;-4122.0
38pO4_zsvBwx0Ja_53iK57;6187.0
1fGvdVZBnEfRoKdZ_sC9aN;6810.0
0hPJLYN5rC1AtpGSUg9Bkb;6287.0
0_JClsVLP5zQQgpplY2Y0r;6810.0
3Tycgk7G9A8vHiWpQDe_7C;6237.0
0qb39sXWHBxgSxjoSuDPoX;6629.0
18ZUgL1Jr9ufvrH2RzrM6H;5931.0
307QHoSgnByvTptnt2$pQ7;-8054.0
170L30Cj5BBRMZPL_NUwg8;5895.0
2zRoj_6dnA299UYAS_35Ky;6810.0
0t2lavrLH3ihWI44NspN7p;6148.0
3RVR1pLSD9yf3ArRnzsTBp;6200.0
3rMUymCrX8S9edGM9rghdh;6456.0
3uFjefwdP3zPPtSpgDTF3I;6456.0
0_9gdvf1HDVuD0rRvTfAeu;5055.0
3cI9F51BfFF8qDwu$c862A;-4914.0
2WO5LUxTb7FP8J$VdHRlJw;4004.0
1EZ4zBda94o8vFO27OUSZA;-3986.0
28G9Tq2wbCKe$K2Jrumogh;7039.0
36X$uS7NzA1PyeCufGbHTI;-3831.0
3lyesAhLXBd81lnhAhUlcT;3895.0
1o8ExP4R594wkLJxQCOaeK;6200.0
0pCcur1hv15wls_jqSUjZR;3930.0
3p7ZDvuj99Zh2Vnk6EEz$l;5157.0
3c96Z_dAb9RwGhNAWxAkqS;-3922.0
00PuNFSab6fwPH_7kgtONp;7768.0
1m9EHec1n6mhneUirogXyw;7793.0
337I3iBx5Dyey5gebwt13Y;3960.0
1x4T$z8KP2X9lk2X3PJnzR;5050.0
09S2XbGXn0bg0LlARLH_Xy;7527.0
1NLUlvSCj6QgTMycCAckZ6;8940.0
0j$mN2Myf8ngiC93HF0LwW;7705.0
0QBT2XdiPDAAbhrIg6n1v0;7605.0
0mbTQq8Rn2FvAERIakWCT3;5400.0
2ONCsIsN9EfB266AhomQc2;4160.0
1JLNtm7Lz7wuuGCgc4Vszc;4160.0
1Ja9_9E9fE0u3_NQm3gzTz;4781.0
0v8toOVrP19PoCyGPfO3ey;-5273.0
25V0gbWmn0TBxea1JGwmZE;7276.0
1v$UroLpH2Keef_HgESNYs;7860.0
29jFBRPJ59tvKWIxLMsYhy;8961.0
2$bVoNXAfA8Rgtwr4$VlLo;9153.0
0s$ylCgK52Wh6KE2VTKApx;8971.0
1dXgsbKXn6hBG09IxYTtIG;7729.0
3nBTYCD8j6YgtUANksyjCv;-7701.0
14EMiFs3TFmPFZKZVXIPg$;7193.0
3onbAAcoX6vReVPlZwyHIY;6300.0
1ioI3lEr52vhX9V4W20qe5;-4737.0
1ERXGQoNb0dPSDYSenEUQi;7863.0
11ThmFimnBg9jT63_eaQ0G;4226.0
0cRfEjIm923eNgVrfD9Vrq;5735.0
3WsvpyteXFMA727RBs$bub;4160.0
1mdQgCdfTA48ZgiCiyUFAx;-5030.0
3Tt$J758zEQv0BLXZBBghs;3930.0
1jsnzNFsL1VfZa96Q7BWAP;4304.0
1vgqwSTqfCIAUMddKa9sJu;6816.0
0fWsRiR8z0lvlFn8CR8RkV;5288.0
2owCR$aljDXAVn5cPPi1wZ;4065.0
2WZhUYncb55uVyiUlUMPtf;4065.0
1nAr5abgTEABD8_izftbvy;4361.0
3W$7akMUr4JPRxUerrO00x;4740.0
0TCryYld58khwaTVWUIy58;7193.0
3uxlTbbuH1a9RZqVa0zo9K;7860.0
12rsPlnBnCTv2jpoHf6MkW;4560.0
2CMUP0jVD1VARs1izVKPoX;4160.0
2C4y4MBen1q8IvS_v3yutc;4740.0
0yCNfcelL7vhBmEn4LqL65;3930.0
058T_B6jbCqxcAk86HvNg6;3930.0
0hweufPgj6yQLGV$$7NQRM;4959.0
3rmswZUpnAiRPdKAi05YVz;3930.0
1RE99s9vP42PTM8j9SVTTj;4160.0
3u9uXWWTf9ZuowrsDfUnMr;4160.0
0dorof8$9EIvLU7XigYtSf;4160.0
0W0nB1G7bBA9TcPJCU7MM2;-4370.0
0eslxflLr9Ze15Q90oz$ud;6050.0
2Okk2$ew98IRF3UiM9ZXpB;8335.0
3WOXb5U1j73BZN7gXirzRb;8335.0
2s4sx35tXFdwVSzUIesVEn;-8335.0
0azKh3inj1I8MKpnYvQtuh;8335.0
2$ucqkTEf8HP7m6bpOdn1p;8458.0
28Io5cBV13LRgeuVF55qfl;4122.0
2C09U91wH6zgblMSYL2PR$;4160.0
18Vg_ilOXC1uNcxdBZz2ex;8581.0
1nCEIWOSP3Af5t1Ja7lds_;6476.0
1YgZGHu2P5C8gdpVsQgCtF;5090.0
0JM35CuRr7auwKpKCE8YpU;7781.0
19DMmIiiP66uDR2DcB7OUS;8581.0
3N5zuLXVjCl9bQG5y4jYvJ;5251.0
1GWWblcITDox8ioZnQkpbE;6050.0
1oSxTxaVj05xuipclEnpAB;3960.0
0skYsAjn91IusJj9kM8dhF;-3904.0
2J7GPM$tfCuQFqyaNBpY1K;-3917.0
2XWn1d8qn5Bxf0YJPrWxbA;-4122.0
3DmGFuDeT6$e73vBhvIZuW;4122.0
0bFbN3BIz9whbqx2BFvc0S;-4122.0
32zX7dmrL5OxilZAWc4GGr;-4122.0
2sBEkLW$5AK9pfEvPKicok;5876.0
1S0zr1qmDC1B6pX0Q4458u;5994.0
3u9lBcJd10$Pn2cef5W3xN;4122.0
0HEpsFq9590P3$XCSSzhSv;6638.0
0mnjjhiET79vhAKC1CELFT;6638.0
3bIHCPFzn4gRl48jpbXltq;6163.0
10ovGAUlX0$ujCmTaHQq12;6163.0
1AQFSZi5rCpQggoWcIttJj;6810.0
0AulRHmor6UxUIUPbFVzz7;6476.0
1JJDgD07X938_X$7w5JJ$y;6810.0
2PA5vM$0PCsPfYCckqVGpO;6122.0
2KDmibNUvCpgbLdC4j6wrU;6472.0
0qjnp$1PzD3P7xqIUw2jmI;6163.0
00Ti39zE15xvX505YgVa4N;5890.0
3jOMVMraDEielx02IA1zlf;6433.0
14A9c4M6XC$PoOQBBrbf_$;6433.0
1Gu3N00t1BKOCWnr56MrWp;6367.0
1UlkAepAT8QeQdbxqrYRYB;5280.0
1T$U6mokL0JA2XdGaiyrgc;5898.0
3NmezP3Zj27Rc31pjK1QcQ;3932.0
3xRKW5sAD1Xeu1$VWN7XIJ;-3876.0
2fgMcELZj8DxVS5duAfEiz;-3859.0
1PAP6Y0R10zR4bjaHVn$fb;3861.0
2qnXbtfcT9CRQy_XjhuKLo;-3878.0
301NEmWkX5Gwn47_AGoFMs;-3859.0
1d0g_8PWL4R8Ssy8mgDwSb;3861.0
2pJ$1DcTL3Jff82R8Z0Sny;-3878.0
1sZx_gMxjAdg5iX1bW2PpB;-3859.0
2_jm_UZDP6YeTksloigbOw;4616.0
2$_I6iPU53JBaft41$sSch;4974.0
0iul5aThr59xLEWtYyHqB8;4188.0
1fYg0xtKD5SBSNWARM2cV9;4616.0
0o$XJ6yZzE195Z_dJkVd09;4974.0
1514t0Z1nDUf2tJjdYVcjA;4188.0
0MY$QElPz3RAwlyC8nHA6r;4616.0
3RqiB8ELrBnxQRFPXDwisQ;4974.0
1jWnd$2vXA9hAsQMGsUw9z;5280.0
0Nb0uEVNXCluCY0wk8t3au;4228.0
3ALnB$THX8O9o9q1hfRQ1_;5014.0
2j_rD6RG9A9eWLglCKoq4k;-4618.0
1Fu9xxyZT6_w_NY5g0EOLR;5471.0
1TUG6ZiaHE688K7K4WP96o;4188.0
1nWNqBPHj08BGi0EzyenVA;4852.0
1CmwXJrtzEsu$dG92_YLhE;3988.0
1uxpX6891B8v6ZRcvPHAcK;3900.0
1vzblrpivDegAB5FGnMUp1;3960.0
1XrH07i3n3aeYoLYBCXg47;3929.0
1oU2Me4dj5$hlmrhKecZm2;4122.0
1lyAyiqpf0G9yU$IJiiFFm;4493.0
2uOG8abgP31OdBcanGPIa0;4493.0
3qfyV4URHCYQYRT91AF4td;4493.0
1bdOy_niH6TQDJ5CP0PXgK;4065.0
05Awa55E9DhQgd9zPAMaZ1;4852.0
3RSg3lCRf96wfXMitNPDCe;4851.0
0b0GhDXrH2yRlvYiFJMqV_;4493.0
3hpvisQsnDVx6YY3KCSkLg;5280.0
3Pcq3k$2bCxBuh0kFTdymi;5280.0
0tPFJ5xUjCtfA5e76$qiuC;4278.0
3KT5sehH58l9z$w98RpLXF;4852.0
2Wsi5OU1LAdBguA1pklSX4;8933.0
09taRAg$T4zQnQYQ6fW$JP;4587.0
3EX5e4vq91gAXj1XSsFMxO;4506.0
2Pf63D5Y97KvUbY5jGlY8S;4498.0
19PmTirYbEUfmtdg2ezrMe;4997.0
1UnjUty_v9MPnEFLx$EVE6;4997.0
0dsh2Yu9z5Ph817ehtc9d2;3901.0
2IS5pGcD977Qj2wQJ9lnL1;4851.0
2qVqbmEbHDyAwcsjvcM0MR;5280.0
3k0g5WrwL91h56YB7N8Dr$;4488.0
28Qh7i7E53SwCjIfBCst5d;5638.0
2YcrgMtgHDAxdUq9pC7uTB;4488.0
2Yb$LDqzXFlA9rvcb31NHL;4651.0
1cvoOIaez3Xfo1JbUV2CP5;4851.0
1GMkKpOXD7D9tdYnGtO8Ps;4065.0
0CiFvfS61FOvjYvyHTfkX6;-4532.0
2$1r$BN$v6eRCV0Qsdbp_z;5518.0
0MuQK8l_T4aAVIEu4Ah$9L;3932.0
0uqMIZjdXDdgZ2EojwtM5O;-3932.0
32FaY94bX6kvq7Pz9Mm3AS;3876.0
39D2rCGKX7UBoA6Q7cFSNk;-5280.0
