GUID;WEIGHT (t)
3TX0C3kxHCWxV1BzFgTbxd;2.813
38jJAWI3z3seZrZB0S1l8r;0.705
1glH8dMXf4KwYRapHJ3sS2;0.443
0yYTp_ENj1jxtAJ1j6b8ej;0.842
2x1Z1Ays59$gzrgmBxbVvw;0.805
3ZQGt7k1bEQPUur5y7hMwS;1.547
2fO48GNXzBNBbtxm$Fz7Qc;0.444
2Fl0sFzfz9uO36VYKizLbs;0.444
3VPg63iWT69hxlbLSpKqzu;2.915
2hXJ0izqzDhwHJmLlcKF63;1.415
0tBA0eThv74O8GSnmcTIEa;0.443
1JZNe2YbL7E9si$87PBlDQ;1.557
0q_kaq6GbAngcspDq2fuck;0.824
1Gx0fMaUf5GBcbBpyd1lPd;0.63
2CWtIm1E998vCUPaWV$E6H;0.805
05KQK$w$1CJ8rV3lcndcjx;0.615
1OXA8eGgzFYBGYIQ2Rb_Ol;0.855
3KyZdbN4nFZgMwxL1R24iS;1.55
15Q3rG0$vEsAo7mJkJlL3f;0.443
1iEBGFlWf0Qg2a3Vd_KAVB;0.615
1K_fgqBh50m9n4kb5AszH7;0.689
0wkra61Bj2wxD9HkdM_o9G;0.443
24B3qof4D9vPZippHrXsyi;0.805
3nyYpWRIz7mQok940paGP_;0.444
2NWzUQGVj7Yx6V8NMZRlUh;0.63
271SCxhnX4tOwM4gFjaAF7;1.557
0gVu8h0Gz4avImTiCqnKd$;0.615
3egTI921rA3O0NObX7N4v8;0.705
3s1ssSyenBPANmt0TRr5rt;0.736
0y5tC4co18g9GjfjXxQ1rN;0.805
17XMV8D0LDHun3ITOol9pG;0.71
1CV4R8lOD0IPVWEbkCLKQh;0.804
2h5WrNvED6FBHSkJeuvdE6;0.576
2dvdn5_Rr5RwcfHxGoGGyZ;0.444
29_abVfk55fQNscr1Jd_Uz;2.915
0DSvaAtH5ATgdiZz7Dc4a_;0.615
0yiBaDUuv3Vg0STFNLwKDC;0.63
1FkWx6Jv143R46jTzqYgAa;0.63
1QYGJ9qV959unHu7NXYpKb;0.842
1T1d4wG4X9SBLFmdodz9Ch;2.915
0Ze22I_N9C9xbvYefb0zNV;0.443
2r0VFvHtX4Dv5t0sHb02nK;0.91
14siqg0DnAT93UqfOM4AcW;1.415
0ZQepUaan93esCSI1VZ76k;0.443
2ylmPRaQHFluiNWJh_2U6L;0.705
2Pb2EZWOn65er8A1ZBI3$h;1.415
1ZejYKolLDE9kztMOdEtfx;0.804
1vz2Bfdcj6V9ETNv9JnNdh;1.557
2jULNp3_HBMBmUKE$OzkvN;2.915
1v4m5yml5DlBtp_ryG$vhP;2.915
3xNhEWxSj5LRQ2fhYCmP6b;0.705
0QmX75ni1EMx7khf_SYVCm;1.415
07N_v0GgzFbeHMDoVcfbeR;0.443
03oVSDoYb5KORmNH_Y6e5n;2.915
2sKUFHIFvCGg2LIJqDbY5D;0.444
30$TOb5lbCruI6v1MCZYwe;0.842
21AAvwonXFcuVb3F2RRPIs;0.443
3Ap71FFtb1uwr5wmof$bB4;0.72
0tXtp02Mn449FUI_cWoQGw;0.68
23GCuCB3DCYuzTQTdjHkM0;0.466
2tCB617kT9Peu1ZyfuvMhQ;0.466
2TrIPLBW13WwwHFvgMQ87D;0.722
1GEhSOV6L8wBLZCROioGB$;1.237
0X9_3uRET5r9KG0tnbUWam;6.767
2Q$35$vmf3LeBHutcwp0np;6.767
3vVLpkJwLDex_vkqHChSBh;0.711
04gb5Op6b0NPJXWBbVh4Ns;0.503
1XzbuHXdvEhRgDiD5DCng5;1.058
0mBv2Kx$jAfvOaCSjnqWlb;0.549
1XXHLJywzCMhxWXu2s3UNJ;0.549
1NiyB4dIb3JxzvNfTB1GA7;1.024
27fMIIIFb2xPS5KCKWMKD2;0.779
2iJDpRFQj0$A1BBr6kxE5D;0.779
1RsuSoZD9FJwgUvPLY5DfN;1.32
2snuUr0_TFlhFt$Gr91uoW;1.474
3Zx_H_qz974xRugg0z3xpL;2.061
31q047yNT1wult$_MfZF6u;2.061
1Sg43mxnH9teuNIfL1GMy9;1.732
2VhswRCyT8W8HDECeAd61Q;5.668
2qYrEyFEP97AbeTtuIf_Eu;1.486
2BgbnvI2jE4AdhNl6CJf49;4.952
0UW2ovyKr9wAdkdsfrtWeK;0.473
1eV48fmnbAXvvzw5tuaaR6;0.57
16iVdmpn9C1f3C8L7f5SKP;0.584
2fTX2Az0jFI9r5zukg2EIi;2.088
0O$z_6kNX57h2f5BnWDJhH;0.667
3BbTCxIP99$Qsm9VFcKK5G;1.461
1E9hn5s1965g5sQtkBLWMU;0.861
2Ido6nN$nEdu_1VgKQdWNa;14.027
0Ze2pd6pj1SvPfEXctzJaA;15.471
2rbMJRixz8ARwgNNUG0cZF;1.364
0V$672NMjBBhojPa9AkQ_K;1.099
0z4yP6IdjDSgEmHk0kLMlR;0.518
1tzi_ImEHBuRzyJyfRoVSx;1.169
3hXBHP0TH70P8r0zqkj5cL;0.613
0UU3ceQ8rF7v5kK6Ttgm9f;1.169
3jAiQ_uxz3Bx4eqvQ8kBTl;2.508
39xkHHyVb4pvpCppqfArl1;0.467
09vWfbD$57xA9I6ygHIgUQ;0.902
2PkWk7S5z6O86JGSekUzgu;0.484
2cFWso2lzAch2zw165KO32;2.396
2ffXG8YIX7m8odCfbFclBq;1.667
0_xkTinEn1g8KwE1jzX0B8;0.458
0enYHXl69EpvZCH1l76Mw_;0.451
3nr216uZ9Ethl6MJ1rp$nQ;0.566
18NBOigA980RCUqbV9Nn8s;1.811
2WDbHs1Xb2mfZt_t2uHNcm;0.585
2vGE9ln0bEj9B9QWje3JKU;0.483
0jbmfUi5f8oxiFZ0MhW50D;1.095
2x6Eho3GL2bg$QynoCLWwK;1.055
0s2czpvl1AaeUhehPMjoxD;1.055
1ttHjgWDv5h90pI9EDRgj3;1.055
1ZaJ7gjVr8LuQqbzINmOvx;1.055
1N$mEC7yn41QIX6ed5wus_;2.769
0YuZBMf_fAqh_lta7bW_fO;1.222
3w9Wsbvbv8XfvgTBqQpBq_;0.529
3IuJ9YJNvBj8eQmgkSEFTH;0.585
0nfgJ6TUb5whvYkG8NfCXb;1.974
04BvsmpDzEkQe_Ukkm6jQQ;0.502
0mKcjKBxfDRe51TqeqoyLv;0.483
0qVApLPHXEbhAMlKYaqd5P;0.479
3zYNBW$If5AvRrhF320u68;0.484
0rhXYCWm1FRfRMF7Pu9CSl;1.811
0dGxP5zdLDSg2Piuu0epQH;0.684
2Pm$ghSnHBc8xShEOZDlB2;0.458
1966FTjAfET9p3Qe8tvnzN;0.847
1ISA4MjcL1MBonql2Fs2bA;1.474
1zh$iPPMXDBxOZg9Fgzwhx;0.534
1J7PhZhUXCD9q40X2neqmX;0.483
0CzDk3V4nEuxTNVA6MIxlZ;2.064
3lMndcoMv5d9bLbI_6l8Y0;2.064
0smCXq90b1OhDM82LSAd4D;1.811
2Wexsi7Wv2yO4ON9cXzBpJ;1.756
2iX4pyCUn6iwOqhId3Tk7D;2.025
0ZvI2tNd91zfzqHwDG8XRp;2.396
3YPgnarq14rQNj1t5xiZrH;2.765
1JChAl1sL2WQ34Y9DX6_l8;0.533
0vpAmfkIT8YAmy8XthBiV7;0.626
1Pf4KSSZr58ur1zsjD8Zcq;0.639
3aZ7iM28bF_OF5r_n7IAdf;1.018
39hcE8ec1DexmxmUYerK6v;2.061
08jBImEG17tgGlmv8gCo8S;1.095
1bK7SHN_DFLvVrk5z_PyIV;0.694
3fKWuy8$1CYucXNmzmquL8;0.468
0bzYjh3a9CbOTRvnU3if5z;0.53
3kcUcL8NvB4e1Ivbv_lUAE;0.48
1zdx2QQgf6VupfH92ZTpx8;0.484
0cfFvPVCv6HhorHPsxGS0C;1.924
0fgAhDPE9B7AAntyh06uoM;1.811
2vwyfqebbCF9hUJIFEKzge;0.684
3Qpb$zvwPFl98yBijJzZZG;0.869
1Oxk2L2kH5ZQNT$$UJWsb1;0.946
2W$qFPnh946uVCQDnF$uuw;0.775
3wNegBgLrECOzuq1cbrvsR;0.948
1Ei_lF7YbEquH8_Yh4hAyb;1.095
1qg2HOTinAnAx0Z$1PW_VP;1.095
0Yl4x78IvFqezaNjBahr30;0.921
1BlqhMxX54tQfObszxKCpZ;2.13
36C51NLyXDdQjdK56pczB0;1.686
2sm7HGFGD4ThMpVyAAbu8W;1.474
0O7TleE795yhAEynE2aTQA;1.189
23JdM2xN5DRumwmqmzgpa6;1.091
3yiGzqbg54pfj7yqHLbaLv;1.331
0S9xwG98963gnLgoaYEYKC;2.769
0AgLniYH19995s5cp6sfnX;1.289
1Q0M7BdFf0hPQzJvo4ZObi;1.799
3kl8d8Riv9LA3JDmHbuY7j;0.768
3EVaTHP7L5v8Puq6D0gXf9;0.847
0xPhvRjZT8iRRcrmKd2qam;0.674
1CCYDW9pb22xlFgxU_GjIX;1.799
3$J7aFYOv1CRE7487zVCHu;1.799
3Y8cPj9nT6nfdcVD_SD2Ea;1.012
3kkT5i$crD_hmX89zqAXbC;2.396
3cgV$cyR99sB9$Ni$D4FlZ;1.318
275je6eS9BYvPDzsw2mJ$7;0.852
3eIvCt3Cv1Exs55tfnaBZ$;2.765
35cQ9eWljAT9wNYhilGeT9;0.436
08yuXrvaHF0xhkreQgO9b9;2.991
1f4W_dvO13$xwB0azR0w8u;0.85
1Wpu9vAAbFsft1nikUTMVk;2.061
3_k1v23tPAyRbglMT2FZp1;0.85
3Rm_VxvB53a94H7A32MbMK;0.491
2HUvFZpyf1Deh4$CsU9ijA;0.521
088gnzjPzB5fDrIM60DcS6;1.222
20KzNuuJb8kfUhfywNkQqX;3.043
34Jiyy4Pb88uhFiuS2LQfo;0.856
2s3B8k9fLAVuctjByQvaal;2.317
01ULJoW$T8EeGg8zRRQTWg;2.396
3rdUB2_jDEguWy_20Rreal;1.765
27C7WtD8TEUxHELTFW4Gcf;0.436
0GmTsbHkLDvAUN74ZXPdHZ;1.222
1t9$oGWX5BJeM4PErgsmqa;2.508
1QJl0jWYDFz9U2g92RxJgq;2.064
32q_BBZIf96glwijwu9eAK;2.064
35O9fj_M99$BUbXtNERMIx;0.561
2fz1$Mvzr9DwqGJdukKnaE;2.064
3E7hTDoeL7CuFXvi1C1uHH;0.78
1_nOj$gUP4$AQYWvilD8jI;0.465
25H5lxxo56jve5hthHTw24;1.155
1fAMNlJhf42fOE1EXxmcfI;2.064
3ZK3G_pPr5Dv8Lzj__kzgt;1.002
0lfGhfyDv7XAowWfczecOY;1.058
1dICwu9avDyu8IYLwNkVGP;1.904
0n9JTEiYL3KQj2disxhiW7;2.769
3adw3BGqv06OJUJH2EIXBG;1.002
3Hjn$jfE9D3BkdrdRcZCGM;0.922
1P$38Yoqb65vHd7Y4TGO70;0.509
2SPisE7aHDC9PjPNU2l2UG;0.505
2hj1TxcKX4iwQqMplLqcYp;0.636
1lQqAbhDD1rvjWWBzhnxc4;0.887
39D9qdvSz3TRnkZHUb0HYD;0.482
2CA6K_my9C8Rz8JLguxB9R;2.061
1pPiaTKsD7RP1rXVrOs_aM;2.508
2xr8tBOWv7PRv6jVDpJ7qE;0.771
2QAzqS5Lv5wPy_OPIy_Zn9;0.442
1udsjpjIP878znX8V7FszI;1.799
2uXLjRjjH1Of8YuAIWNv9l;2.396
2Q8_0cKD9CVRZYjGWXUqds;1.756
1FceQaQKDCvvKuuRwT34ZY;1.756
2B81k6TQ17oQkY9h8_6M1F;1.756
2YWiQnMz93cRWzeAKTxgBP;1.756
3mdjkKf4n6hxwk7WzlU6XR;3.192
0MGvRSMyf4nBLEaaeOxiFP;0.709
2jkN8uhen0Fgfs1xLmhapr;0.609
0sNbzTE_z0EPmxTrK_Cmno;0.922
0YEhHLbIX36g5RVK6eq9f5;0.626
14FZhnc699VvjGgxgN37tG;0.53
1hpswTKrL4iwVLJMeZzqSR;1.002
2XFqmfSrP2EhzWlHvagFiu;0.818
1AUTDW97HEj8JMmxFOfABT;3.043
3wm_kwNDT4VB9j8giEXxQA;1.947
0pxoq1HQXCx84$Di8x5NYH;0.711
3UspcGAwbDU8D7MoEMK12G;0.63
0RZ3vlHVX9B9hycDPo4UFd;1.947
2FapdkHoD7nANbtN91nfLt;0.718
3fUmVrmgv2bAILkazgrfsS;0.521
0_MvWjPKD9MBoCpoDGbLZz;0.718
25hjkxPEf17Aeoez_cHrdf;1.336
1$pNslrVP52PPS2sGHao$9;0.923
3nb4t0V_v388Aa$kQevlup;0.781
3Xd9E4ii128Pk0o4CX83GU;0.515
05xMevbRT339Y2J6YzxrD4;0.606
3y12TVUu54yhGjq0BpHB5z;0.63
0LNnPXKVbATRKPg4x3$3RB;0.581
1jTI1A5Wf5FgMmv9yj$Rfj;0.791
1NPLpsqPr1KR_D_N61TWLF;0.576
1IIMZr2Qf7WQTL7G7EVUjf;0.476
1AgH6zXyv8ewLFee66w5eW;0.5
2c5wPVQlL8FgBODqu9DKMR;0.752
1GiAEyOtT1y8SfFdgLLJEK;1.854
0pwlE_F7f7HOeI0MLHzt0G;0.434
1se9HeYYn91frhYml6hB1j;0.776
1l8XloFTDD9fJT$dfxULev;2.463
0vjd$FMjf4TQJmO1v7D7Ol;0.444
1JQ9DSomv6p9kR2foAVeps;1.096
2lfvk0di553x9RDEA0U7vl;0.563
0ZJCRqqv1D8OmKVXOYnxa1;0.902
38BO58Nl90swtz7jJAVUiH;0.872
2zwvlWoYLEOuVSZL5ChANH;1.046
31HCwrtCb8Bh5tKIsBqCXR;0.45
3ln85el3XF6PiWyZ5dlVvz;0.716
0rOIRq$QD2wxgvQrrGyx2J;0.652
1lOLDf0Pz5RueJioLmI9jr;0.529
0i$oU16s58f9dSyST1GgSq;0.963
0F_2ZUYN5FOuTwfpjpRb_0;0.701
0xA12$QqT7hPELXap6Ocv9;0.7
1fy5DJP1PFUvF8zOdwpf9_;0.74
0a$ugzEyP3rA$izbTO2P7I;0.511
3xgof8bFb3pO1oB3_Lldz5;0.611
1chZfIcT18ivp5K1fruT21;0.521
1xJYkJhXP9iAqSMAL9ukPj;0.891
2lP73uSG54BOetgUH5gXMX;0.62
3oG7gjiyP9EghhmnPNoCdq;0.438
31Xzcbpz18zhPeLtZBkoOH;0.548
05DioXUr5DJepx8d_Q1BZ8;0.548
39mAHjCZH04OwPVDpTiMv0;0.893
1HU47KhfXDy9eCU$RyDR4L;1.106
0zSfHmgzz9Yx50YK4UVGuw;0.66
0UMKSW21zDcf1EO1auRudJ;2.434
1CPD9VBU56DOZIUdc5KvIt;1.014
3DhdhnUoHFiOS69gOVAxcr;0.715
3cUeXxFGrBqxAsGBifWonX;0.708
09FDINLEf6zvFgiK2G2UIy;1.826
00eSpvzCrFZvSNKncjark$;4.413
24oLrfyGHEoQAu5krDC4DW;1.052
0S9EZpSJ90vx7uTs7SFDzx;0.472
0eABh2i6539RvG1amvTc8E;0.946
3h1yyj5VD2SeecyE8yuePe;0.645
25mOrpGivBSBJyEqcqO4gc;0.966
3O47NSpD98YfclOJaV3IpS;0.601
16stjCVuf8WPNufnhrwtCO;0.456
1B3hAasZzDmRBo$LOX3NDZ;0.744
2wL9tb6Hn6KO1q39w0o26i;0.758
3SndM3HBjELx5w9z0eGHiH;0.783
01CcRUU9LBu9gDrnGCLCXT;1.057
32nEwqdQDCoBAeTlySeLjr;2.36
3IyaU5HNz1kfZrRXe1bevS;0.66
2TBZ05ayP7AfgdnoB$NFjK;0.656
05YtNwyG9DPhG5u7NQXvwE;0.456
0nhcRz8wD5NfHNUHy9DxYw;0.682
1y2kL$j$HEbfhjm_wBZdKj;0.609
2RUB8MYQH76h7jNKqyQAKs;0.6
0lIlZWfmDFgRiPv_wfQLjW;0.697
1obNhI4qjE4Aim7Uh4gkum;1.435
1X1skuBWTBfOVto4dBE2FS;1.019
1EQACTaVbAn8RiE5opO5TB;1.066
1KuxFDld95kf6roE7ASVSL;1.677
1iLReHqU1BU91NxZNzveAF;2.658
0x5PsEVSL7iQsue6HcpDMQ;0.65
1hC$aEJtP7MR5zZTLF9mAI;0.475
1EX2MIbiHDJgyFS6o0t$nV;1.806
1C4GOh3cf9LeWPZElupN6J;0.526
2Be5Xjn$52qf14IehUS0bC;1.798
11250p6VXBvxJaBz2bTpgw;0.457
0UhZLm7yf2dOoWx298ol2D;1.806
36a3mGlYX3b9XsPzwHzCTT;0.954
3A6DD5ZKXETgtMJtEaMwx6;0.642
27ft7Cz8nD3OyMKLUA$75v;0.512
2ER$O9Qx548elWfLz1mJZB;2.041
14UJgogPf6WBUOt2YcxMu0;0.903
2kVrwkgabAru5TZFJ32rNN;0.595
3IKC0Z0oXFLAaWBLpCDjtS;0.523
3XeGGvMy98LeeocChAtpLk;1.056
09F4_$lYHDmgRR0RYlB0Wa;0.937
1LRidEQV9EsxIBqeVM1DPN;1.12
1j7Rng2Gv2xe66PP8Qny9O;0.492
1XfYGyOSrAxvxnmal7txyg;1.091
1DgGjGrdD12PKoQOVMX5rV;1.089
2x1$CEGo1BPAsgynJGzPzl;1.04
271M6XzPH9EehAewIFUI6u;1.828
2xIuq1n$bAFgRZ4gYUQJ3u;0.526
2i5Qbe$ln2cRRojAzERLFr;2.962
2Pe24T1az28eGKR1wUyE6L;0.444
0zUheQYq99qAYs2CTKyxp$;1.814
3mtyZLeHT1$eIVP9BLGQuv;1.135
01zlZARuP20f6qL9e5dtAH;0.812
1uC4PcVmbF2Quz996MpLrU;0.533
2P9oMShZf7lAM2LhG$g8A$;0.861
1ySC6IqUT0Cv4wRam7Gt5u;0.607
0TMGELYb10DfHP5veKoLxK;0.48
12ttJsYTr7i8FqW7jAsr8a;0.777
2m9lFCOHv4gQbRsfiw8XY8;0.826
1DHwRplaPBPvfKa6w7UH5L;0.885
1EuLyW0qrDjgCKJPId$Cqn;0.966
2XBvUdI1HCTvUzu$_BQh2u;1.205
3Wgs2SvtD5zeP87L98MfRH;0.433
1T9C74x$H1iQuy3dff3k7j;0.564
1tioXPTCr7ZOwpE2gtepLI;0.441
1bTNtLT45ELAPVrAjluiA2;1.179
3CuFfkwCfEvxXEGGiQ7Se$;1.631
0e_xt7IjvDdPKBfR_uXuJN;0.577
3h1wX5o39408IdRArcFPkl;0.655
2Dm0ouMEj7$QqriH33ijYh;0.63
2NkfjTSWDA8QpjjhevH9kJ;2.146
3RMMBDQX917B0GJrokNoGa;0.576
3aM1grbn1DEeMsNjwpfroc;1.135
2pTcvP3uH23vfe4rVzPYSQ;0.663
1x_8FmSZfFkQOvIC_HZCJt;0.556
2ODvXLcirFCg6x0N1VDt49;1.607
2Vvi3txoPBNgtwTn6$NQkr;0.446
3v_a4X8dr9pRYGn$khVu2F;0.549
0WqvN1L0907BsqhPyvbgc4;0.825
2ZEjX$vu12Vxw8BJ7d7SDd;0.737
3COf_5Gmr9su58Is1lrqKy;0.641
0rOem5CwzCcwd9NgzfXQdQ;0.749
3ooC_0uBf5wRp7BMLp8bHa;0.461
1zLDlkq3X0lukMpo8LJtZI;0.637
3a1LYpUgj64fyHb0MMncVS;0.727
3TrBoXVZf3bOOCGn9E$KXU;0.458
3ts0At23bAeRBnC5A1jOEO;0.576
1SqMFY6612kgjXrMQTF$2F;0.656
0QHYwfdwv18ghc_6X5uzuB;0.729
1mTcCNNjb2AebiZX8FBht2;1.159
3khJbiKlr2yhCfqdah8XOc;0.718
2WF9JELWPBF8t0Dq$jbx75;0.786
0diQuY09XFFOHsQDZ5OK5f;1.124
0_02kmSBH32Qs6stEqpZcH;0.874
38BSF5_xzAhubkh8S3VzoY;1.351
36MTFi8nzEIOKEuMtVoZHL;0.439
0qNSMhcZn6ZOMtD_s4vEjz;1.01
3os4P1vLr1UfwsNwycRso7;0.632
2jWNBUi$17IfZSFHUBi4o4;1.314
0fctJyn0H5hQHelIB1yaeK;2.956
1fhM0EIOL2G9zdKoeNw3p4;1.302
1eQV$qEIDDq9QiStyWmoOi;0.567
0LRKW9v31DIeoEkt_csgmV;0.543
25nLV2J6DCzQeD4VETvgLf;0.556
26ZWHrtG1DGOiLBvWFiq1T;0.902
0LykIVPsn4LgUu8cwlZ8B8;0.538
0KcDvmsW1Fdx5mEf15HqAs;1.052
2$S8yXKIH0rfpZ_EzenIBD;0.758
2Qh62OV2rAaPswjoR449Og;1.281
2mMa6$6UD788EEdqoLNLdk;0.937
2EtDePmSX6NvWyi1edBXZh;0.664
2MQmL2fED8Hhn$$2WBVsqI;0.5
0kqndm_ybA6R0URUgd7CEs;0.663
1qNWdR9m53BRRCIjtzmywu;0.508
32weIqlO97N9QFq6N1GPoR;0.681
20JcixhpvCZ9vlj1GnQ$gm;0.607
1J8ikKw41EgOYRGZrLjsxd;1.012
3f80sSpbjECxIuSuewVDb$;1.128
3viVizgU14gxthv00yKbSu;0.447
3UJ7YjCu9ENvpiYQXbISPQ;0.648
2WuqPTdlD5FxjBs$hRXi9U;0.643
0LJZW83_H05hcl_U7_1Ba2;0.568
0YWO18biL25BBBCnOaDl69;0.576
0$v9NdokrE$xYW4u41Log2;0.474
1o4e$lKWz3CvvJb2GuQP6_;0.505
2xmLr3XLD7D9LcWUKmGTvs;0.893
2tU_1MqnXDUu6u$bRRxVNs;2.956
2vUGAldyv42wQkEHvCxuTr;0.577
3vKLCBDGL3XwRGfZtpdOw3;1.695
15yUkH3M13ahU4b8P6UyxD;0.567
3P9IrfV5r9UxfJHIiMIhL6;1.012
3o2hyUwtnA_xLbw30nkL0A;1.056
2bhsIqrpL0qvc2ABC0krDq;0.73
2PMQWDEKDBSQE$YmoaR2U_;0.823
0wIeHOXtv0hwRNtqyDchQb;2.146
1q_4pp5iD43efFg3ba$HzC;1.016
15kUdhi$92O9TjFvAOwqqw;0.457
2aAA8EEtTFHehhnKqz7MXr;0.704
0OPEDKrar27O7Du54WpX0b;1.712
28NLzXPEXAUv3on4OHWf0w;2.058
1P8Nm38ZX19RsY7HsWUAiV;0.802
3zj3A5ApfEa8bb6wmCJ65L;0.652
3xu0sshQLEpwZh5Bcdt9KF;0.791
0tqdGyXvv2sQRu_k9YsPjk;0.792
00Pr_a3Q19Q9Wpze_tMfUz;0.696
21rrwjVcLFAQkXDv6pkIyT;0.862
2Bng0MpzDCcfxYxdsTXUVu;0.866
1kW1Nd8IPA29imzbQQDB3n;0.472
3XA9TvKv18FBq3X_jDnqCb;0.821
2LpZzZUmL96g2RzjgWHkBG;2.022
2zHcR$M0DDJOR4hcYcsOFd;1.105
2voX1SpCjDuOnXaS3lErNE;1.473
3dnL8wJeD0$PHFolsuuVRZ;0.444
3KY1iyM616yxRoovAS4sIx;0.567
1XKClQRpn4XBgRoQt83v$_;0.689
0rzH7nv4fEaeHO4fW44_Md;0.477
1f9pzM_FD7Ture_zlzkaOC;0.765
0rGIOX$Xf2Z8lCTGx97R$L;1.084
2HfaJQMrzEtgfkpyUdXuQt;0.895
3NzA_lz8rDgfLmaOKC4iMk;2.184
15Dae_HX54IRqso9NlW$wg;0.551
3TegdQdNz1af_VLFskV6cE;0.475
2lZDKlMhnBIO0IF_TgdpX8;2.962
1s7yLojQL57uDS1BqoJv7E;0.826
0IG9AY5XT7Hf2U13ttucFl;0.492
21X7WzbpjE0Q0fOxbj8u4q;2.398
2A4AzB0JP1P86HYSxNL_s8;1.128
00r3oum6f7HvJgGArrKZvW;0.534
0PiDnoWlP5WwgBDUmUFF8s;0.564
1oWAeaQy16fPqX3AGKWRTt;0.515
3djujqforCL9g70EG1Gt6z;0.669
1bZlNpbuj4UhRtBq6cGL90;0.576
3edEyqCLz8FhsJ6KY3dZu1;0.445
3hj_1Sx85FJwmeG0E1BdgO;0.923
1U72yaZqfBvxCTX_ThwsrR;0.895
10aur_tPb74hPA6U_xOCxr;0.439
3EsmCF2PvDbeXL2HVl4o07;1.012
0$ndAdcqXASBjVlb_2sIF7;1.084
3VT4a3mBH9LRntpk5VJCAn;1.084
2pgz05sZHFHQPSLbeN18mg;0.793
0S6b92ufT5KfIwChmZkLGT;0.446
2A$DmPCt54xOV39fMSjsgq;0.943
2EP163VJ1EKRMKlAJjlbBz;1.824
1WSsa$62b0JO_8z9dEF2aM;0.612
0znxj1$U53VRvxCqYH6_co;1.854
1QazKsn6v9xQuiSCPnF6RD;0.892
3RuGG3fBXDDP94l7mVj8Wa;0.477
2oXi8XZJ97Dx1dTLGfC4Y_;0.702
0FroRrIpj2sBx4FurNFtM7;0.597
1MaGdKVhvDx8rOGG8VJw1k;1.012
24Cb6hO5zFj8Awe047bxNQ;3.305
0AoYyWAdLCi9z_$7O1FpFv;0.829
04W3Q2X11Agw1rM77mOFPl;1.092
1BueoLG1X4rOlMQEd4UTJB;0.55
2XWmVFCrH2G9p_iC4usQcU;1.064
3l2zvme5zAr98AReOaq7Qg;0.658
1Ojo2cywPDjfx$RjLVcUgp;1.557
3La6UsA1H4RwaWYGtVYQDP;1.084
2QgdZpFg92X96Av76RwJHU;0.826
2ADYBqJAL5exILxqCX_3dU;0.904
3b143qEIb8X8$nXGFp75LA;0.447
0NWAKnp693uR0vgqSRmAx2;1.473
0garrvrQHDRh6XacFG4o4f;1.066
1KSYzw1F580ueGDKR9LVha;0.549
2j_19OQCzFd9ttyGvd0k15;0.549
0RBBP4geH24fUNuB0hR7sX;1.159
2idGA3QUT7WPldgf6H5Tsc;1.631
3luYEo6G55t9NpehHzujNZ;1.274
21KYKnXGP7v8l2APbfGp$v;2.066
1Ikngq8nj7LA3kH3hhF4Pj;0.488
0frv6Cm599zfI_Vt4QHzgF;0.433
05lZPA8wL7fQrVVH2GdgRY;0.62
0JWLl0l6X4XvSSDMUHkOYc;0.551
0ftaS3Wpr9VPe$vIkAlRJ9;0.678
1nnADj5fjDDuwMH3Py6sBY;0.488
2j4dX3ZK58bx3NowI8eyo0;0.652
34dkKBAk17EP54$L2dLOq7;1.695
0XPBiJv5L33A6V2RCOjXEk;0.508
37CFbN59r4vvL83qdfZWfi;0.556
31XVU293zEu8x8JU$kqmtt;0.593
0DwtoYkKT1r9B3uACZywRo;0.961
0XsHHMMcPFBxqMaiLrmF2B;1.226
01Y$JL8eH8AwgNZsXUfVK7;1.012
13UY16_v90IgucDTdMj0rr;1.398
0Fq0M0jF5EIwozA5XDm8FF;1.398
1RJo9v85zFpx53K$Tx66wZ;0.576
2M9U0nzOn1Tvk9aEDHv6$_;1.348
3CpZQSrwn6cBEDO4njLnBH;0.439
3swtIscHn4hBL8$i6mLRH1;2.295
2X9F2udrj0wAAo_ZZeApkX;0.549
2iC90y19vFBe$SqD2djq1e;2.952
3tWynUn4nEzBlT9YdOYJNm;1.012
3TWkG9z3f4Jv05rupAayI$;2.81
2S4FSbNoX05PAlurFNDWJ_;2.81
1dr9bWyxn5Ag0VUNhIp3i2;0.943
011oFX7oLDU9aSWP1WSIIU;0.96
1tDKKYu$bEKgU94vTxq9Xd;0.65
17NwSKYPPCpvcO09_Hdiem;1.179
0Sdbxx9CTDre$WYxabFyT$;2.956
2HXjnB5UjDU96KiDyZb9Es;1.159
3cifiQsEX6n9ULvNF6GoMj;2.066
3G7eoebfr6uhvnV$l2wZJ9;0.984
2Pev7uDm1BOOvQudl5vW2q;0.493
3RVH2VZnr17BvrypayGzHv;1.201
33LWxCKTTEM8NpCK7WwoL8;0.579
0CzuMUswj16BDpRSqBjgbY;1.159
3egQDlIKfDuQ7FMM_JmF69;1.281
3cRODF1GHB19E8HMk8QxR3;0.493
3muc23UN59XxglsY_jq0zI;1.274
2_CHIZ9Sz4JvMMGns6xGK6;0.493
1bHHg72ID7Nw2jiS_1vL6N;0.576
1UV1Qqk7T0sfvOTTn6W6D0;0.623
01ASJaoXjByfX4RRcAfjky;0.923
3A20ga00n5KgzqHbWdmqPh;0.829
0xypNqlw18qfew5Zg$EArI;0.659
09LbriPiD91wCneSln99O3;1.274
3s17D0QyP1GeObd27FKBOM;0.471
3YVd04ghz8O94WSA5AMDxy;0.791
1zCmUaDrj4EQ4m_T83x2H7;0.749
3hEKL86erBt9mhztlERnl6;0.812
33C60VPajE09BrJ2vtdhZG;2.041
3tI0wWH8vFGvc1AUbznlS4;0.577
2bdpJr01zDB8X$hL2$BlYf;0.632
2rI82NIS5BRBrXILcTtTqF;1.159
20CAaGAaHCuv4xe$5JvRR3;0.749
1LcgqypFj3pxE0tMQylM$n;1.095
1L2C47feX8iO560YASOUnF;0.653
0U6Etbc9D3$BkkQNMnoQJQ;0.447
0kzZvw3QvFGBQw1LtTSccp;0.63
2Nn9o13OX7ABe5YciguplQ;0.48
3Cz1QCPXz57uCTmAk5QN2O;1.012
0oiY2ZwJf9yggHmAvPYjA5;1.106
0AJTV5Voj2WhVwagGDOZNx;0.517
3Q4Ifjgrn778ifakj49Vgn;0.819
3ek9zkAjbC4h1v3TwhE$8B;0.879
2KYHKb7RXBfxXYr3MknhwP;1.435
1BnXuvHEL1Re5AjDoAyP1R;0.58
1Z86T8ZBnCphDUB$EafuJQ;1.057
3zgOWwS8D2p8BSVnb9rDyP;1.475
1aS55kxZX5CAPoMUtIPn2F;1.274
3Ju6XC5Dv34AetL$RPGne0;2.953
0UJUpTMpvFoxuyh1kI_QDV;0.65
2eJcCBQdPELg6cztBO2uQQ;0.648
2Be08Zvg52Og6$VxleuA71;0.826
0WjLl4lxnD2xxHXa05OzTZ;2.953
1VQAyDSGn4uBuglHOS6OW$;0.649
1eaHSDkL5B6wiTnfFjtyNm;0.649
2ZggdJ59P8IwT2cdyhTcZv;1.905
1obDTX_krCTOcZnGLSOvsn;0.892
1oVAlWBur5PA9NyHmymPEf;0.826
0$U1R1mGH9vxOyREJDN9TZ;0.648
2SnUvj0kv8cwRckfd78P6g;0.821
3ORIDGdaz129FegszbXxDw;2.36
25jnVR3HTAExh7VFKXTz8V;0.653
3KbstM0G10PwaMxCculqy6;2.667
3_8CD0$OLFlguV16FcuMap;0.682
1qdIhK7$f2ZfePu3DEZKG8;1.679
3YroeYYGr07eAByeIuLORf;1.381
06XBAaJ_5CLOzwf$5NLgL9;1.281
1HwENRAQzAMO864VkrcYh5;0.9
1D0rU9k3L0vR6GhOOB6i2q;0.792
1Lj2ME8Bf9j8aU8h$QIg$T;1.302
2A5mu4K3P6pvWXpE3dWeIA;1.968
1k_IJLmRj1TOkekw44rzMT;1.63
1f20l7FZv3w9F7KPzZQgle;0.458
3LlkzRDU1DKAYqVQsH0RE7;2.667
1wofEneIzBvwBsVizZvCt1;0.458
3QcbZy2hXCIx7Up6zA8d5S;0.462
35GWxpzIT4jhvjRSHqCYqS;0.577
07aSF9O19CS9YjuKrXcR2t;0.459
1GWRw$Jp90JgBgIOpbeNjb;0.53
1KBbjlBs5DIQZYSFQ6XOTG;0.577
2TkZ1gkMb2GgHZJ5wMT0kR;0.549
2Yhbtd2yv5hRE3JeeGKUp8;0.462
0lb8Nv771A5wwbzI92KteO;1.295
12pGYYqI59OBAQRNmAbFgf;0.566
3hxKY1BXfENvxZ_LR6s5E6;1.454
2Ivu$D0Xz91xoPhaHBLRzA;0.556
0qW0ksjOTDJwSESlNZNcmc;1.159
2ccjRqWhXFUQ0lwE55sfl7;1.159
1Xg9Zq3Kz1$RjDdz_yvnoB;1.968
22M4ZPOxrBpPHPg$VbA6tW;0.471
1R7V65evfABgPcLNRYl4$7;0.456
3pahifk6PA39YdP__txUeb;1.968
3k$Vj587H15PNQKFBKgOcl;0.623
2NZUhVdab1aPPLOXtu8MAv;1.968
2Y1iPcns1C7Pxqb$WybRZ3;1.084
1BGvFSknf9kvGnIYZfk6hd;1.447
10WRHEFhb1JRDeiU_XGgvG;0.473
1$FoOY_OH0_xagZMJbw1MT;0.468
1AusuJ_d56Tw4iRibeFjqp;0.9
3INedVi3b1bBeB2$vNDbg7;0.577
3cmA7jQ$j1ufDB3TZMgds3;0.477
1F9pldd6T25wr_uxlfIJro;2.674
1lYTZ3KyP50hzvnk0D3_Xr;0.903
2MwTP3elzDmxJuiEnROzzN;0.462
3C$e46Gjz9lf42VT7R1Cbg;1.055
32njGsjTz5LQtLl9jzPUJm;0.652
0xo4dYtvn7UBTYHiaNk$Yj;1.197
3zN5R1zKf3fv4sbKvcp9CX;1.084
1f34HTjQT2PheoAkt3$808;1.958
3_cvXaH0X7AuKZvymYCDw4;0.433
2L3PpOXRn1BgUqrdBB7kgx;1.274
0IjaK108XFdQc_ACShBmLe;0.662
28OtswgIn3qQR_Tu69ho$K;0.608
3y0qsSbzPAKRIj6eU2_b5g;0.691
2BYMGHyar0_xB4a_tfOYwE;0.652
2HPyi5e2n5vP5ZUeVYuL7w;0.652
3yIaDdkwf4ExU3agsmzx1V;1.274
32BNpBIYT56BVwpiLaUfPk;1.274
2F0fppDU18k9A7szPTM_AY;1.159
38pO4_zsvBwx0Ja_53iK57;0.472
0hPJLYN5rC1AtpGSUg9Bkb;0.48
3Tycgk7G9A8vHiWpQDe_7C;0.476
2NawgHS6r7sgPNO$XdDX$g;1.123
0qb39sXWHBxgSxjoSuDPoX;0.631
18ZUgL1Jr9ufvrH2RzrM6H;0.579
1JFHbhXZvFoBs6DhKqpvvo;0.433
2dFPnD4M91iRxoGvJirFC5;0.902
16cjlCD5163hPGTP2diNbd;1.573
0Ay7DTzI5AWRe22S96bieX;0.449
2tuko5tTT3A97Hbcm5ZCBr;0.825
0TkI361nr0kRKafBFMJ7WQ;0.686
10vWVxjUHEAx52TFc7_IaN;1.348
3RVR1pLSD9yf3ArRnzsTBp;0.52
3rMUymCrX8S9edGM9rghdh;1.693
3uFjefwdP3zPPtSpgDTF3I;1.693
2RzNnRubr5gQ5uEplT5omY;1.159
2cmIAdjhD2FR5gaJKw4OiI;1.823
1Q0uXviQv4SxoX_jkMmIbg;0.652
1l$xS4N9L3oQ4hL6zH3oPf;1.128
2aQt9uGo99Yx2$eVIX$3A_;1.281
0AeU32zCX00wYH$bTZl1Q6;0.439
28G9Tq2wbCKe$K2Jrumogh;0.537
27bkdbWJv72fOhQ_BEGMKw;0.457
0UFX6hYYLAZvyQDmHACth_;0.477
0tTxG0cvLBS8KzGr9uZgqp;1.101
0uKvIj_kH5hwna6fMTNJ$G;1.366
0evpXL9Yz3A9J21YUmzeBm;0.449
1o8ExP4R594wkLJxQCOaeK;0.52
2rF2ppyDDA_vs3NXqhTUXz;1.085
1NduQMNe1Fi8UzVc1r8jsA;2.225
3TfPnAzR5BAeNG79YRQVwN;0.508
1kLm0WT5z2PBPOSvh$A5BB;3.305
09S2XbGXn0bg0LlARLH_Xy;0.549
1NLUlvSCj6QgTMycCAckZ6;0.671
0j$mN2Myf8ngiC93HF0LwW;0.863
3IoKPvuHL9rwScXpSrWqAs;0.535
0NnIUbiT17QxoAmejZGYem;0.508
25V0gbWmn0TBxea1JGwmZE;1.129
1v$UroLpH2Keef_HgESNYs;0.664
0g_t0sdcn0dPlZhE4l9UKM;0.598
29jFBRPJ59tvKWIxLMsYhy;0.684
2$bVoNXAfA8Rgtwr4$VlLo;0.687
31eDXMbWj4ewE7nghiKkqR;0.626
1JFUq7r8v6geZ5aT929sj2;0.438
0s$ylCgK52Wh6KE2VTKApx;0.685
1AX1_G3tf60BKa0rXx$lSP;1.63
2x9ajJjoP2tPIUcnK0IbX8;0.701
0paHPGa5nCXerMyGCnqtMO;0.488
0fbMFG0gT2yuzi6JrZ$VIE;0.488
23ZB3taTDEuRlyJBQ1elnB;2.225
3Je43pIYH80vhrbeMjmp8q;1.366
3KskVlGxnFy9aeKwO_wpeX;1.101
3QwTwpKuP9_eVUa_ZL$WEu;0.457
3GiAaR9gbBgeaXd0OGC6$k;1.084
14EMiFs3TFmPFZKZVXIPg$;0.549
37xDHXZDLEnfyJ_SJTbdqu;0.457
3j9VShYcL0FQuiNr5a_kTz;2.295
0RMJ2OXvP0dOU5INoll7J3;2.434
2z4PFYG1z96fCFGpR1R0OK;0.487
3CKfcfGPD6XPwZWNa_5YQM;0.9
05g1ugqPv6MQnHQzEF3M73;1.482
1nP8gCii9CfxY_8wJfkvXS;1.053
2cnIZJOi53svOsr84TkNf7;0.685
3Tv1BE3597uxJ67ib19mZm;0.642
3n_y$19FfEeuFJ1ODq1$xN;0.642
1YKxLMxaj1ighIx47oS4U2;0.642
2Y_jzrGgPAuwCs5tuxPjlq;1.274
2qbudu9eb1OwrtUndE0M7Y;1.274
1vgqwSTqfCIAUMddKa9sJu;1.211
1$JmcIcQH04hKHlerAD6e0;1.419
0fWsRiR8z0lvlFn8CR8RkV;1.12
3vf3DkJ4nAvx1y4cI3jXEd;0.447
2AxEMB9$rA9Q22Ksx33Wvq;0.663
3p2Dt5pUrBLwPjulLLtVzm;0.477
0TCryYld58khwaTVWUIy58;0.549
3uxlTbbuH1a9RZqVa0zo9K;0.577
320v5EJZbBtPLRh$$Mrkkc;0.682
2Pv_k1ugTAjBo3gSQe4Kzn;0.439
2_PqarfEz23fvorHkVrmZD;2.172
1vyT6oJpX2XhkYM0qhDnKY;2.2
0dUBH$k3T5DAdtFUtqRFho;0.439
0m2xaMAEj4IeRn1NVZ_dfR;2.342
1K2bG3iYL9_AsRVMBBvStI;0.439
2xEyRheo5EZe3c43BTX4uh;0.652
29X$7$8QPA$P40L9KnrjM5;0.879
3rcE0HPrfDgRd71JOJ3Hpv;2.463
1ZjZwSaP9FcRuhIHFc9yId;2.179
0StZ5$0MvFb9bCkxgRVwm9;0.902
2Okk2$ew98IRF3UiM9ZXpB;1.302
3WOXb5U1j73BZN7gXirzRb;1.302
2s4sx35tXFdwVSzUIesVEn;1.295
0azKh3inj1I8MKpnYvQtuh;1.302
2$ucqkTEf8HP7m6bpOdn1p;1.302
1KoEHsxsX1A8iRwqXJZCgV;0.444
277CERZOfF$vNechH9sPxt;0.9
0Ii0oax$9Dneq80QbBYeJo;0.652
2RhV$bpyXBkBr2Q$Eh0MmN;0.652
1MLr8_K6vCx8xlDQyScMxR;2.674
2DATUFmen8xgB9CLtY891K;0.902
0qTdcjU9HAyAPk7Z3_Ts01;0.954
18Vg_ilOXC1uNcxdBZz2ex;1.607
23aB4iAhr7$hrX$9gtglVv;0.954
3zk87K7nbFBhf2Y52Gm$cr;0.954
09Zf3XNIz3ee2Yf$P3xRCR;0.626
2kD1tFBl576xKOD87o5yGe;0.626
1C_i2VLL96FungTpoF2w$M;1.854
3ZlNMU6BbCz9MrQeRisO2t;0.626
0zrFLPM$z3P9wt6N2JwSDF;0.626
0AtyaQLDD35Bd25PaduV6A;1.854
0lYBSSs611M9fkVxZ6uAs5;0.626
1b7LjpBhj6oe3EOG8w4QUa;1.854
1qa6K72AT19Q26sGM3VYhR;0.626
1Kbw4o4Kb2qh914XF9yU5N;0.626
27SXUgBEH4jehrS1JdGEoQ;1.221
3VM8hhA$9FKAjRN8EJ0EdO;1.381
1pHJLzRa552xje1jxOgYR9;1.226
1kna2INoT2$wE3BJxsIDAK;1.226
0lx3XR9AT9Uw_IWi7$PSub;0.652
1Fnyvhi8D0teHB45MtO3Lz;0.57
19DMmIiiP66uDR2DcB7OUS;1.607
3N5zuLXVjCl9bQG5y4jYvJ;0.984
316iim4sD8yBX9a9rlgCaf;1.958
2sBEkLW$5AK9pfEvPKicok;0.449
1S0zr1qmDC1B6pX0Q4458u;0.458
3bIHCPFzn4gRl48jpbXltq;0.471
10ovGAUlX0$ujCmTaHQq12;0.471
2PA5vM$0PCsPfYCckqVGpO;0.467
2KDmibNUvCpgbLdC4j6wrU;0.494
0qjnp$1PzD3P7xqIUw2jmI;0.471
00Ti39zE15xvX505YgVa4N;0.45
26u2hIAsT4JhumqJDLrTkX;0.975
12g4R1F5vC1ubQpqGhBmq5;0.975
0mv43Gc6j8mvjS$nQo2xfO;0.961
1GqsNB6ebEHe909RBgZLrV;1.394
2BXpJ$e4r9FuNTwdBn$x5T;1.394
354nGFOlr29f$k6DY8FcTC;0.96
3ALnB$THX8O9o9q1hfRQ1_;0.443
2gNaz4xMLAev1d64_1ArWp;1.608
1wmaXXigL7yvDCq37KF7tI;0.57
1nfpRaBYj8Yvof4rpzsnHM;0.57
38JU6kaufDyekGwLIf5$9Z;1.017
39yOL23h57ZRDrJ$keCE__;1.017
33WxnBUW9C9enpmCyIv4oJ;0.879
284L822ZvFWvZ3CEGHhcR2;1.608
1JLmf7b250YRMMlCTP6LiX;1.012
3NeiIBsxbDPQTN4i3k7jP1;1.142
3A_C3TczP3tfey2gumf0gP;0.455
3EX5e4vq91gAXj1XSsFMxO;0.844
16ZOB$kNv9quScSEHpkHtU;0.676
0dsh2Yu9z5Ph817ehtc9d2;0.731
2IS5pGcD977Qj2wQJ9lnL1;0.752
16pVm0MK98TfIk3X5JywmL;0.44
3rAE_QrfLAEx_D5dEd9SzU;1.804
1Kn4aGWrTDg9r3dH9Oowsf;1.142
2iiKmQpuD1lPvm0mt9YfFR;0.96
3hcXulYTn2TB6p_xiNkpEw;1.012
2rRlnx0Wf81hzjHORF6U48;2.36
1YRMJM1EnDuhmiGkQgQ3DC;2.36
3vNQ$Vb_fCLO7MlGth$l08;0.96
3aoSAV_xr0Bgq9gNMHSO69;1.905
3mCZYKz4j0P9toFjcUgp5f;0.96
2$1r$BN$v6eRCV0Qsdbp_z;1.447
