GUID;WIDTH (mm)
32xa6lpT58ZRlzIFh_CNce;300.0
0E2j9AJoj5geMyN15kID0k;240.0
2cI7OWbs93XwvBVnJ7qSyk;300.0
3wJhYmAjz4OvKEKsjhURl9;240.0
38jJAWI3z3seZrZB0S1l8r;300.0
1IaGjeEHLDyv6fRss3vJ8b;240.0
0pczJlO0P94Q90OEyCTKat;324.0
0LYtq8Nnv1zgcJ$mnqJnwA;324.0
0NzknilubAjw9cjLN8p2wn;324.0
2uvbGFQ3P06w78mTjiW0Rh;324.0
2ZNhGNBE1BHgr$o6l5a6U5;324.0
0GW4Rfjp5Ckgs1RJyi8_Lm;324.0
0ANgf_X8bD9f$WMnZ47cBS;324.0
1VBuPOvn9EdA1w7WjnlIUn;324.0
1glH8dMXf4KwYRapHJ3sS2;300.0
0yYTp_ENj1jxtAJ1j6b8ej;300.0
2wLkwzZ752eP$6szIP61$L;240.0
2l7O2VrHTCN8lTjpu2qcHQ;240.0
2x1Z1Ays59$gzrgmBxbVvw;300.0
2fO48GNXzBNBbtxm$Fz7Qc;260.0
0OG3aflanA3f6rIH$0YYE$;240.0
3hTjN_Pr58jguvhD4CMFsF;300.0
3abl9V8b19mvM2M$mFq9Vu;300.0
3VPg63iWT69hxlbLSpKqzu;300.0
0AG0lFnP9B0ghEcdEtoPJL;260.0
2hXJ0izqzDhwHJmLlcKF63;300.0
00lJEm9lHDGQh$KljPEosH;240.0
2q8xRzePD9nOzZDSUomhW9;240.0
3GTtDRSg1B5gCKe3uuZktI;240.0
0tBA0eThv74O8GSnmcTIEa;300.0
3WDz6XBbH3NvcIFJTpcPAC;240.0
1wd$a12gXDwu_GSLD5twpN;240.0
0GpYRq0aLApPysoKDFAQMp;260.0
0NBHsvKGL1RfVxtnKvnkaX;240.0
2KB5iKfwbFI9qwe7rDpsuC;240.0
1JZNe2YbL7E9si$87PBlDQ;300.0
1Gx0fMaUf5GBcbBpyd1lPd;300.0
0VGM_KSW5BfO3rcz26ynmL;240.0
2CWtIm1E998vCUPaWV$E6H;300.0
05KQK$w$1CJ8rV3lcndcjx;300.0
15Q3rG0$vEsAo7mJkJlL3f;300.0
3yHKHo_vbC_RUim7ciVQAG;240.0
1iEBGFlWf0Qg2a3Vd_KAVB;300.0
24W0ZznHT5JuwR_eGjJrmY;300.0
08WMxWjUnBjBZD6C_lNlZO;240.0
1K_fgqBh50m9n4kb5AszH7;300.0
0vHE4vWVP0EApy8Qq$5oOc;240.0
1mVdoY2C94nP$A5wKjwcPc;240.0
0FFXPGZsTAtQw45aoSH2QM;240.0
2$6mVXi2rAGOz94mFsldwm;240.0
2EQXwEo9PB$Pl61_2_pXtz;240.0
15ivVL3T5BhewomUXmdUr_;240.0
1ElLNMPP1DU95eEdBTcIqo;240.0
0wkra61Bj2wxD9HkdM_o9G;300.0
24B3qof4D9vPZippHrXsyi;300.0
3am2VK9KjBcBIPz5cArp70;240.0
3nyYpWRIz7mQok940paGP_;260.0
2NWzUQGVj7Yx6V8NMZRlUh;300.0
271SCxhnX4tOwM4gFjaAF7;300.0
30g1oy73b8$epmrr3K2pFJ;240.0
0gVu8h0Gz4avImTiCqnKd$;300.0
1lkw3fnVb4S8AdCCVCpf2r;240.0
3Pvwr$BbT7bO45ZVK124xZ;240.0
3egTI921rA3O0NObX7N4v8;300.0
0F3XcSaqDFVx2XNUEU00T2;240.0
14TJYnNQ9Dav6ZRDhhSXj8;300.0
3s1ssSyenBPANmt0TRr5rt;300.0
2UNdTYxJ95lO57eJixkeM7;240.0
3XAvGLT0z54AlVtCoa9DuZ;300.0
0y5tC4co18g9GjfjXxQ1rN;300.0
17XMV8D0LDHun3ITOol9pG;300.0
3bP8E5PHr6EePMr_DUMv6m;240.0
0YgkPHN5XAXBwrg_2gqpnv;260.0
3bx0_DrDP9Jg6gGo2l52t2;260.0
3G7X1P6fHFlwgQJjmIeYg$;260.0
1CV4R8lOD0IPVWEbkCLKQh;300.0
3t4dEBEB5EIeGtgB3Pd_Fk;260.0
22F7rQIRX4deox5CveRzWb;260.0
2h5WrNvED6FBHSkJeuvdE6;300.0
3lh5_WXbj7vASe0UQWCHwU;260.0
2dvdn5_Rr5RwcfHxGoGGyZ;260.0
3WkK54ujf0YB0Bz9dduuqT;240.0
29_abVfk55fQNscr1Jd_Uz;300.0
3FKnutT1D0bgynhDSlD6SG;240.0
3eAd5Oi$j34e$Tmk6in5nd;240.0
1oAU8p$l19TPY5xqqKU2uM;240.0
0DJtypn2v9b9KA$GXksEg4;240.0
0DSvaAtH5ATgdiZz7Dc4a_;300.0
0yiBaDUuv3Vg0STFNLwKDC;300.0
0rY3b_cKz80un2HLQw6dcN;260.0
1FkWx6Jv143R46jTzqYgAa;300.0
0ptKS9q5j1TO7Do32NnzXe;260.0
3JhuFv2UP10B7U5YHGwguW;260.0
2HKkAu3LD7Ue7s1UmShEli;300.0
3CXNBUnmPFdxwwre2mjR7F;300.0
1QYGJ9qV959unHu7NXYpKb;300.0
1T1d4wG4X9SBLFmdodz9Ch;300.0
1LChhd4xP1VO8PFqL3VTy1;240.0
28VNMr5Qn4uvMeHTQNsUnR;240.0
0Ze22I_N9C9xbvYefb0zNV;300.0
07rsplLhrEIxRxvh5VHl4X;240.0
2r0VFvHtX4Dv5t0sHb02nK;300.0
14siqg0DnAT93UqfOM4AcW;300.0
0ZQepUaan93esCSI1VZ76k;300.0
2ylmPRaQHFluiNWJh_2U6L;300.0
0yflxJxj1EhhOhnCs5ySCe;240.0
2Pb2EZWOn65er8A1ZBI3$h;300.0
1ZejYKolLDE9kztMOdEtfx;300.0
1vz2Bfdcj6V9ETNv9JnNdh;300.0
3pnct2E_DChv0_Zo2nsP5e;240.0
2jULNp3_HBMBmUKE$OzkvN;300.0
1350_BFDfEXPqZk$hCd6pP;240.0
1v4m5yml5DlBtp_ryG$vhP;300.0
3xNhEWxSj5LRQ2fhYCmP6b;300.0
3W6aAzd1X7Y9zr3ch6M9Pj;240.0
0hF9XRFm57bgLbaW7Qr4Kp;240.0
3K26lVRw5CIeYcV1Zqa97Q;300.0
2YmD354n5D7uMnNConDoJA;240.0
224RTNhkP1lvrqmlDLAbSh;240.0
0QmX75ni1EMx7khf_SYVCm;300.0
1Kv$Ul6UT5pO2TRysfEg_X;240.0
3oW3gOyWXC4Bq$P8dzM9EW;240.0
3ZPEkmqVz5Rgsn181SZGBR;240.0
38ujImU_jEIgcB33Z2Q1Py;240.0
07N_v0GgzFbeHMDoVcfbeR;300.0
125epQVIv0oxOWkMmfvr75;240.0
1dcRi1OEjB5h3oJXOoIrzK;240.0
03oVSDoYb5KORmNH_Y6e5n;300.0
0Cd1IjW691ueThTzEJLtHu;240.0
3tGCO7UlXBMBbLZzRgBkOs;240.0
3J5nIgVOD85OpwgHblAWoh;240.0
2sKUFHIFvCGg2LIJqDbY5D;260.0
30$TOb5lbCruI6v1MCZYwe;300.0
21AAvwonXFcuVb3F2RRPIs;300.0
36nr$u$zf9NhoYcFR56cwu;300.0
3Ap71FFtb1uwr5wmof$bB4;300.0
2gfMthBQb9EfL2X2TNzjqW;280.0
0hf64PH953ZA0P2BCpbybU;300.0
3rqS2s_gH2XxZeWFPcteJo;280.0
3a7YDBvBT4je0B0K0b3RLr;300.0
0tXtp02Mn449FUI_cWoQGw;300.0
23GCuCB3DCYuzTQTdjHkM0;300.0
2tCB617kT9Peu1ZyfuvMhQ;300.0
2TrIPLBW13WwwHFvgMQ87D;300.0
0am4DmCrXE68xuP3YOUBey;300.0
0izkXOuYfEeApdtjBqIEQx;280.0
3mdYglNBb81OOvtRR3pLj6;220.0
22zxMNMXDArhIMobBK2sPT;220.0
1GEhSOV6L8wBLZCROioGB$;280.0
19Y$3qJv130xscRZvyQNqC;300.0
1dyBN9ujn4IAeW7aAOAffn;300.0
1AjGuNVwvEz95EVz3JzIvQ;260.0
0F5iy1WUj8J8G5id$5uS0o;240.0
0d5zZWPN9CMRJtbNms9FAH;240.0
1b8O3UC59EUwezf2dmuYwE;220.0
0_uHyuLHTEE8D8hoN40eoq;240.0
0pvNCTHlzDZ9f8jOri_tkF;240.0
0X9_3uRET5r9KG0tnbUWam;300.0
2Q$35$vmf3LeBHutcwp0np;300.0
0k4Z3G4a95JhbYP4KRgndS;220.0
2yrVYWXmLDrxb10tanV8LL;220.0
1yExSy$sb9svrU0bLea6XN;300.0
3_VnrloBnAk84sotEJQ$Dc;240.0
3vVLpkJwLDex_vkqHChSBh;220.0
3tB8CpNgbFUwKJn2NBj6zx;280.0
0qyyCAbEf9FPOnC8vNvdJF;300.0
12Wol$LrH10vUDQvF1EfbO;280.0
17noZWB4bEwOX9wbet0mXO;240.0
1w8w_Is3n2IucSnJQPDsrS;300.0
3xyJom$5r2ZxnsiC_AA8ev;220.0
04gb5Op6b0NPJXWBbVh4Ns;240.0
0z$0XC6hXEfvoG8ujKo_tb;300.0
1e_hsO0v14zBLYXuA_fb8J;300.0
2f76Rqa0PA$eun4y6c0j2c;300.0
13fVOufZPFdxdwihRcyF_P;280.0
2DclURhxv22xk3Uo93ckDL;240.0
3E73MFDGn0kho2Oe3e81IP;240.0
2InAuQ0GP3QhQF91jAsonX;300.0
1tkq5bP6H8kxfTlquLLW7X;240.0
3kIFetRfPDsQvsx7RIsqjd;280.0
0KODEuSFD8f8YamfrwnteE;300.0
1rjGXVdoz2iBEO$GJokQtz;300.0
2pPur$nh5FF8JB4dR5hOCr;260.0
3zb421NKb1gBBmAijLTq9T;240.0
2jqMcp43z5Iv31nVnLWCaV;240.0
1t2IamFe1Ep9CPLwxXOiov;300.0
06t8lZCc536BmNxzlMB$V0;280.0
2zWTi_1XnAlOeFtiz95Gvk;240.0
2hp8MayDvEcRP30SA_jI__;300.0
2O$ncunpv1z8DPZ79KUfjc;300.0
1uUYiEVab3TPkR3$L2QeGW;300.0
3low2lZhv3bA$TV_GxXp_u;300.0
1XzbuHXdvEhRgDiD5DCng5;300.0
3aP69VqtzAgOpG2Og1FM$n;300.0
0eKdOEuWb10g_9luxRpuhD;300.0
0N0GgeiXH0ZvmKZfFp1oBc;300.0
0ciRsuve195uxfvr4J_UXG;300.0
2H3_qSXkTBMOg_04kfwVVp;240.0
0DkDEpdHT6_fsuQLqxRera;240.0
0bubR_37D9bBdERg0FX3qX;240.0
2RSgYjTbvCuAGOjnbJLawc;300.0
0pVK9hjAPAZhhQR1Ee66QX;240.0
0kS6TbERrFExof2kGUsK0j;300.0
1xjpoKMVLExBzfI6X5zL1n;240.0
0Vwd2kdPnCTwuugH8tiUWS;300.0
32CizT61jDtOa9lULsXDW3;240.0
1owMQme7j46voVRw3Qq$KF;240.0
0hDKpbWcr0z8vvQXUZWPUv;300.0
3nAKby8515DQQvn53lDGOH;300.0
3YUjHshBbE5O2T95ofcKrV;260.0
0S65jWnr19s8l9W_CuAjIz;240.0
06zPFmYUfCTPkkkBaIY8Av;240.0
397rEPRiL9HPf51lzFwkZs;220.0
3Ye$tk7_DEbu63FJvCAuJt;220.0
2wcfv3Mp1F2AyQEZmSnf_s;220.0
22uIhp6uP3pe6YbPooZiVY;238.0
2snuUr0_TFlhFt$Gr91uoW;300.0
3Zx_H_qz974xRugg0z3xpL;300.0
31q047yNT1wult$_MfZF6u;300.0
1xNMSSYfT07ANf$slzAkTe;248.0
2sOzDxZArDSPiEbXCnMf9c;248.0
1dyRo0AaD07BJv_Y2rxSfl;248.0
1NpQLVqPf5zgFRZY2h4EDC;248.0
3CZVDIkTD8RPxq7u48qRld;248.0
2MqHjj1zD459GzYUPDxR2$;248.0
1zh15rz2z5eAo2XV757PrK;248.0
2Z9Eb6qT5Bu8kgAOvjCUvQ;248.0
1ACFrLIVLCgf4yhEjlaf$p;248.0
2bCqk7mt11Jg_JZUbqCoGt;280.0
0hPgCSk5rDqhRQ29hmxDkx;240.0
3jAiQ_uxz3Bx4eqvQ8kBTl;300.0
2WZuZhOV90XgnMd3YjOxk3;280.0
3DVlSQs1T7L9$nGPSMvRBN;240.0
0AG3Wgyer4k9qZUxjEv3lS;240.0
0KgGQ9BGPEHex_sIXPxtmq;260.0
15zfmtXVnF$QhVJDjskMwq;280.0
2KWg4$qfD8ERCoSDrVxQwQ;220.0
1dMIz3gZb0EPIObTuIZYU2;240.0
178OxBl$55jRCYzsyfXmKB;220.0
1hBJv6arP6zwV6H1RAr4hP;240.0
39xkHHyVb4pvpCppqfArl1;240.0
00HjR1xiPAwfWLEr3Vr8Fz;240.0
09vWfbD$57xA9I6ygHIgUQ;300.0
2PkWk7S5z6O86JGSekUzgu;300.0
3vjwjOew54RQhQr_IX$lWT;300.0
05dSiJGsTF09FVVjRq_u4z;220.0
2SV$NeHc12OBvnFIfo6Bmk;220.0
28VBuuTuT1fQcD9$673aCC;220.0
1WBAulW7vBe97pet9LB_QF;240.0
2cFWso2lzAch2zw165KO32;300.0
0meVKeSrfFogWNQ44Qsw$m;260.0
2ffXG8YIX7m8odCfbFclBq;300.0
3tnK7Ei09DlPc_CcOaJamw;300.0
1y6Dvtgg51XP4dzLCydfQy;240.0
2TwmG6825FAgfirvhbOPb1;260.0
3Yvn1OOfbBueuAWif6PbHp;280.0
0_xkTinEn1g8KwE1jzX0B8;300.0
3vUlW0bC16gP0LIKaUhKoh;240.0
0enYHXl69EpvZCH1l76Mw_;240.0
1ZLqoSnTP22Au14bnEsCkx;240.0
3RMSu$d752sBillmLoDgit;240.0
3nr216uZ9Ethl6MJ1rp$nQ;300.0
3tzVF0Kuf4kOLhAKjtmxd5;240.0
2Yvg42Rxv94x_torKTsNo_;280.0
18NBOigA980RCUqbV9Nn8s;300.0
2WDbHs1Xb2mfZt_t2uHNcm;300.0
2gviWXQNrFiQllqmtYVB38;220.0
2vGE9ln0bEj9B9QWje3JKU;300.0
00c2TUDvT4m96rkHvKA$Bs;240.0
3Cg9fJNPnBMhtBnQ3m9N3Q;300.0
0jbmfUi5f8oxiFZ0MhW50D;300.0
2x6Eho3GL2bg$QynoCLWwK;210.0
0s2czpvl1AaeUhehPMjoxD;210.0
1ttHjgWDv5h90pI9EDRgj3;210.0
1ZaJ7gjVr8LuQqbzINmOvx;210.0
1N$mEC7yn41QIX6ed5wus_;300.0
3Fn4t8pyrBbvVlNIr$8liZ;240.0
2Bd9CEW4n53PSsALFeweGe;240.0
0YuZBMf_fAqh_lta7bW_fO;300.0
3w9Wsbvbv8XfvgTBqQpBq_;300.0
32m_tso754gwq_Wb9cK6f2;240.0
3IuJ9YJNvBj8eQmgkSEFTH;300.0
06TkhpXEj81OReDPNmv9Vq;220.0
0nfgJ6TUb5whvYkG8NfCXb;300.0
04BvsmpDzEkQe_Ukkm6jQQ;300.0
0mKcjKBxfDRe51TqeqoyLv;300.0
0qVApLPHXEbhAMlKYaqd5P;240.0
1nfwP3XWfFmA9IQCnkcRNi;280.0
3zYNBW$If5AvRrhF320u68;300.0
0rhXYCWm1FRfRMF7Pu9CSl;300.0
2VeY9znhb87he_JcMuJz9A;240.0
0dGxP5zdLDSg2Piuu0epQH;300.0
33n0aLHNP9rxjRnpcF$AkQ;280.0
0Chqc5SxPBqeQyXZ2Du84Q;280.0
3JN8II2knAj9bC3A1WR4AN;240.0
2Pm$ghSnHBc8xShEOZDlB2;300.0
0jc_IYkLLF0RkGlNQWuX4U;220.0
0I_AVc2JXDYfDyHFNd7cYK;240.0
1966FTjAfET9p3Qe8tvnzN;300.0
3BqhBeQZn1ZeLYUxGXKaS1;300.0
1hrziJ5gLEaOpUWupxqqLY;240.0
1ISA4MjcL1MBonql2Fs2bA;300.0
1zh$iPPMXDBxOZg9Fgzwhx;300.0
3RuYcZnDL4bBo8RcL_2471;260.0
1J7PhZhUXCD9q40X2neqmX;300.0
0CzDk3V4nEuxTNVA6MIxlZ;300.0
3lMndcoMv5d9bLbI_6l8Y0;300.0
37co$z9jPDBO7UwbuYZSHm;240.0
1PTTri6QjBlx3$F$Eh91JV;300.0
3cnVXLOyz1ohEDseeRCTQy;220.0
0Yd5CaVA1599kuQs5$5WZs;280.0
0smCXq90b1OhDM82LSAd4D;300.0
3EDz8Jj9zFSwpAf$qDelDP;240.0
2ZIFSFjS18Bfzp14RcJllT;280.0
2Wexsi7Wv2yO4ON9cXzBpJ;300.0
2tfvejajjBpx2nBSpkHB$F;240.0
2iX4pyCUn6iwOqhId3Tk7D;300.0
0ZvI2tNd91zfzqHwDG8XRp;300.0
3YPgnarq14rQNj1t5xiZrH;300.0
2WZvQnrsDATwmTf87M1vfa;240.0
1mqy735Xb19xcqc5BkhUnU;280.0
1JChAl1sL2WQ34Y9DX6_l8;300.0
28DX4fFzf1FBGlTuVtZKWN;220.0
38VrUhn$L6uRXj4POEF$BT;240.0
0vpAmfkIT8YAmy8XthBiV7;300.0
1Pf4KSSZr58ur1zsjD8Zcq;300.0
0I$aegk3L6g9aik2u0uup8;240.0
3aZ7iM28bF_OF5r_n7IAdf;300.0
1T5h0XDFPF79bfPfmsE0Ph;220.0
39hcE8ec1DexmxmUYerK6v;300.0
29$2BXhOPFMeZjgYQPhG9P;220.0
2Quaq_mJ97ghTPf_R8Bxne;240.0
1C3ZPS3O95JQ7gy2APqRdy;220.0
08jBImEG17tgGlmv8gCo8S;300.0
1CgjRYLpjDdRxBGtG5uOon;280.0
3ECHQNma5FieujO86WbAl$;280.0
1bK7SHN_DFLvVrk5z_PyIV;280.0
3fKWuy8$1CYucXNmzmquL8;300.0
0bzYjh3a9CbOTRvnU3if5z;300.0
3kcUcL8NvB4e1Ivbv_lUAE;300.0
1zdx2QQgf6VupfH92ZTpx8;300.0
2TfWe5QX58Cg2LVzStn5ff;300.0
0uIwH2oePEqvyhFkFB5xYZ;240.0
2JFAZWLnL5ORSxrvh2z7Yr;240.0
3a8ApQTBD7D8wfWoMau26P;280.0
1oq3W6QzL0cBNQrAoga7yI;280.0
0sSAhLzk57oxFGSQoTiuJc;240.0
0QkLOwFHrDhQa4SNDhYD1Q;240.0
0eHP9Xou96mvbqtXtDtOgM;280.0
0EvMEdsXb41xeUauni2yHz;300.0
3n$24Ni0vBuePycYcZ0kR1;240.0
0XG6NYZhfDev92YYz8NcMO;280.0
2jj1yphhDAax8FF2nIDHG5;280.0
1q2PLA0ML0Oh$Wd_$Gk3aH;280.0
01YJbrwIf4_xQdSAufjGG0;280.0
1T81i_7dn9vhWsHhSjYdUg;240.0
3$LQ2sxMP8ahF7PKWbxnuA;260.0
14MKBUO$nDGAGGwVNvhZFx;240.0
3jO5TqT85DJBgiWtnPvI4h;240.0
0cfFvPVCv6HhorHPsxGS0C;300.0
3uKENXEGfCqg_ebBh35Tn7;240.0
0fgAhDPE9B7AAntyh06uoM;300.0
14VbGqtcL2zBXoNgYSjF_Q;220.0
2vwyfqebbCF9hUJIFEKzge;300.0
3Qpb$zvwPFl98yBijJzZZG;300.0
1Oxk2L2kH5ZQNT$$UJWsb1;300.0
3roOQbiED1PvN2xIBQfinN;220.0
2W$qFPnh946uVCQDnF$uuw;300.0
3wNegBgLrECOzuq1cbrvsR;300.0
3oXg9wMQnAxhBLawSsQ5Xp;280.0
1Ei_lF7YbEquH8_Yh4hAyb;300.0
1qg2HOTinAnAx0Z$1PW_VP;300.0
1xTghOA3P2owZ6_NqvWKd8;220.0
3VE3VklvzAeeb7H4IbQXxZ;300.0
0Yl4x78IvFqezaNjBahr30;300.0
1BlqhMxX54tQfObszxKCpZ;300.0
1MAXrB$lv4qgfARE8VEFQK;240.0
3GyterTzv619$z55vmw7j7;240.0
13Nya71M1FEeTknsIAo6Yx;220.0
36C51NLyXDdQjdK56pczB0;300.0
1IvT8DShH2d9ImTsogOHli;280.0
2yQH_reM159uvvpHwI$CCc;220.0
0u5wGKJCnF69r4JJGzwH_N;220.0
3B$LSBslT80Q3Xg5B6RhNv;240.0
0qIbFpamn9HvcJ_vmsBeeI;240.0
2sm7HGFGD4ThMpVyAAbu8W;300.0
0QfmtCWIPB9x77Zvp0gDz9;220.0
0O7TleE795yhAEynE2aTQA;300.0
23JdM2xN5DRumwmqmzgpa6;300.0
1Plb1JM2P4aBkDZg6Prf1x;220.0
0EK1g$MgD9S9G_9EOzsaou;220.0
3N8CLnI0j0sgz7W4jv5Nyt;220.0
3yiGzqbg54pfj7yqHLbaLv;300.0
0S9xwG98963gnLgoaYEYKC;300.0
0AgLniYH19995s5cp6sfnX;300.0
2OObTRslbAhBB79PHUzJ$k;300.0
1Q0M7BdFf0hPQzJvo4ZObi;300.0
3kl8d8Riv9LA3JDmHbuY7j;300.0
3EVaTHP7L5v8Puq6D0gXf9;300.0
0xPhvRjZT8iRRcrmKd2qam;300.0
1CCYDW9pb22xlFgxU_GjIX;300.0
3$J7aFYOv1CRE7487zVCHu;300.0
3Y8cPj9nT6nfdcVD_SD2Ea;300.0
3kkT5i$crD_hmX89zqAXbC;300.0
3t5nXHMo91sOZ9NgopdLQG;240.0
3cgV$cyR99sB9$Ni$D4FlZ;300.0
2P5eegQa1F8BwSeRcZ5glR;300.0
275je6eS9BYvPDzsw2mJ$7;300.0
32dbv69oT2rfdPhDAdlDv3;280.0
15_2Fda2jChuCAQ4QiAFGm;280.0
3ywQpEF4X0bPZ0NzCUNcGK;240.0
3eIvCt3Cv1Exs55tfnaBZ$;300.0
08yuXrvaHF0xhkreQgO9b9;300.0
3KbXK9kJ5FYev3$p5Tr$d$;240.0
1f4W_dvO13$xwB0azR0w8u;300.0
1Wpu9vAAbFsft1nikUTMVk;300.0
3_k1v23tPAyRbglMT2FZp1;300.0
3Rm_VxvB53a94H7A32MbMK;300.0
2DYWb1VCH6GhfGlPqqfq$P;240.0
2HUvFZpyf1Deh4$CsU9ijA;240.0
088gnzjPzB5fDrIM60DcS6;300.0
20KzNuuJb8kfUhfywNkQqX;300.0
34Jiyy4Pb88uhFiuS2LQfo;300.0
2s3B8k9fLAVuctjByQvaal;300.0
2SjsbDJbX6iwzZbRaFxJy0;220.0
2QZ_JShQnBYuGQzyAe63z2;240.0
1nsd_fAhn35QgwTt6leCt4;240.0
1N9VLKMPX5w8hxRIPUEJOJ;240.0
01ULJoW$T8EeGg8zRRQTWg;300.0
2gAR5tTxn1iQDWC7cc$6g0;300.0
3rdUB2_jDEguWy_20Rreal;300.0
3b7z2otgH9lAfX9D75ftWU;280.0
0GmTsbHkLDvAUN74ZXPdHZ;300.0
1t9$oGWX5BJeM4PErgsmqa;300.0
1QJl0jWYDFz9U2g92RxJgq;300.0
32q_BBZIf96glwijwu9eAK;300.0
35O9fj_M99$BUbXtNERMIx;300.0
2fz1$Mvzr9DwqGJdukKnaE;300.0
3E7hTDoeL7CuFXvi1C1uHH;300.0
1l0cvgwR1EzRsPZ352cid6;300.0
0EwG3LyxL4$8$5pCWpr5DL;300.0
0q_yxvQPPFzA02AMcoak2J;240.0
1_nOj$gUP4$AQYWvilD8jI;300.0
2Mdj6KNz57PfP1MKK5vU8B;240.0
2Qv40LscHDD9FSrZOpQIKe;280.0
25PNH5bu10LOocusz6IxdD;280.0
2iajTYf8b6MRH8zIE3a1v4;220.0
25H5lxxo56jve5hthHTw24;300.0
1fAMNlJhf42fOE1EXxmcfI;300.0
0xJpXVQAHAMBfDYWUmZb6P;260.0
3ZK3G_pPr5Dv8Lzj__kzgt;300.0
0lfGhfyDv7XAowWfczecOY;300.0
1dICwu9avDyu8IYLwNkVGP;300.0
0n9JTEiYL3KQj2disxhiW7;300.0
0JRahfKdH9uxRySr1R1WT5;280.0
2srFv1kfv79AgANrBjHzhs;220.0
3adw3BGqv06OJUJH2EIXBG;300.0
3Hjn$jfE9D3BkdrdRcZCGM;300.0
1P$38Yoqb65vHd7Y4TGO70;300.0
2SPisE7aHDC9PjPNU2l2UG;300.0
1ZmmtmOGbAiwqi_nhkRp3u;300.0
2zHUx3ZQv4SeD8frQHuwkg;220.0
0zpWxB9Yf6XBHmI$MJ5fjf;240.0
10RlVxO4P5euvjG$JkvPc6;240.0
2hj1TxcKX4iwQqMplLqcYp;240.0
2jVvEwXMP1FfsuhBaB9LwT;240.0
1lQqAbhDD1rvjWWBzhnxc4;300.0
0KPHLrL7j85A1vIb9JWydt;300.0
39D9qdvSz3TRnkZHUb0HYD;300.0
2CA6K_my9C8Rz8JLguxB9R;300.0
1pPiaTKsD7RP1rXVrOs_aM;300.0
1cHrykctX3iRe3JoFeayy1;240.0
2xr8tBOWv7PRv6jVDpJ7qE;280.0
2QAzqS5Lv5wPy_OPIy_Zn9;280.0
2ewJ0iLgv2KBLHQybcN9bu;240.0
1udsjpjIP878znX8V7FszI;300.0
1rlCLAVm92ewwA5wTidB49;240.0
2uXLjRjjH1Of8YuAIWNv9l;300.0
09k$ERiU9BGOF$kCm_Omq7;240.0
1dW$IznFD05hbchNcWyHul;240.0
1omaVcs_zFbOsIuWAmiNPP;240.0
2Q8_0cKD9CVRZYjGWXUqds;300.0
1FceQaQKDCvvKuuRwT34ZY;300.0
2B81k6TQ17oQkY9h8_6M1F;300.0
2YWiQnMz93cRWzeAKTxgBP;300.0
2AdapQ9lH8ve1M2KucGqYA;240.0
3CjVdAxxbAPxVL$OXuQ3M_;280.0
1Iz1pK9prCUAP9mHAzP3P1;240.0
0u4QYzu_LCnwSrfgkTgCZ$;280.0
24mAy77FbFGORZZczicu_E;280.0
3mdjkKf4n6hxwk7WzlU6XR;300.0
2jkN8uhen0Fgfs1xLmhapr;300.0
1qEG47hDnCiRHGwsxZBUqd;280.0
3T5jOzSF13fOV$kTtwc7qi;280.0
1VSYpOAu1BO9KFJqBeSLda;280.0
0sNbzTE_z0EPmxTrK_Cmno;300.0
0YEhHLbIX36g5RVK6eq9f5;300.0
3Xyn7B9zz8pub8YjHdr2UO;260.0
2mVKnca0DA2QWWypkre7j7;280.0
14FZhnc699VvjGgxgN37tG;300.0
1hpswTKrL4iwVLJMeZzqSR;300.0
2XFqmfSrP2EhzWlHvagFiu;300.0
2QbtrYQWj5DAcUgsQsX4an;240.0
0H4z1tIyDEOOMXiP7CWeGW;280.0
1AUTDW97HEj8JMmxFOfABT;300.0
3wm_kwNDT4VB9j8giEXxQA;300.0
0pxoq1HQXCx84$Di8x5NYH;220.0
3UspcGAwbDU8D7MoEMK12G;280.0
2zWgB_9HPFrwo9icX$1iJ9;280.0
0RZ3vlHVX9B9hycDPo4UFd;300.0
2FapdkHoD7nANbtN91nfLt;240.0
0Eh70A4Iv4JAVjqRIR_566;220.0
2LKgqnbMX8k8GKP4cBlg9R;220.0
3fUmVrmgv2bAILkazgrfsS;240.0
0_MvWjPKD9MBoCpoDGbLZz;240.0
25hjkxPEf17Aeoez_cHrdf;300.0
1$pNslrVP52PPS2sGHao$9;300.0
0X85A1SCf3QAHeeRP1gFtq;300.0
19hGLpDfX2KAo$9l2SLp1t;300.0
1bmhFqP8z6RvCED28EXfSI;260.0
3Xd9E4ii128Pk0o4CX83GU;300.0
1jTI1A5Wf5FgMmv9yj$Rfj;300.0
177yK2UX15sBEuFAOPS_um;300.0
1ettOhfUHDMOnyNbYuptet;300.0
1NPLpsqPr1KR_D_N61TWLF;220.0
1IIMZr2Qf7WQTL7G7EVUjf;280.0
1rXVI8EcT6XQY_91N1qzdt;300.0
3F9DQVJDH3cvp4Jm8EvHAd;300.0
2c5wPVQlL8FgBODqu9DKMR;300.0
3sjacr8D93BAhcYphH4w82;280.0
1dP2yc7hDFvhymrZjVsTSu;240.0
3D5HhzPzn3dQ2NGo3F82n3;240.0
1IfbMettH0tOhelBHXEVZf;280.0
0FPTYMOhPD_P8MH0$rKGc4;260.0
1eg7KaE35DIAyVRooz4dit;400.0
3sLyboC0P32BsmQdQDT9LX;300.0
248yQY0Ob7891viTA6IOUb;260.0
2EwuhYtUz3l8$DpKdAYqzd;240.0
1Uyc6r6N105edrdDpVlpry;240.0
0pwlE_F7f7HOeI0MLHzt0G;280.0
3xhbHvdTD2uuUivYILRqQV;240.0
3$pVxXaHv9CwMdvtme50dJ;280.0
14A$JXrPDEqBYVoPG8vwhM;240.0
3d4_SugRn7quFdEfEOcN4W;300.0
2nej68rPT9g8jpIXppKsS$;260.0
1l8XloFTDD9fJT$dfxULev;300.0
0vjd$FMjf4TQJmO1v7D7Ol;220.0
1VtKUwZPbAlPe2IAPjeW44;300.0
3fPliuQb57JAbNYmE1Qx8B;300.0
30vF$GH9fCpPnifQ$xgUiT;220.0
3ln85el3XF6PiWyZ5dlVvz;300.0
0rOIRq$QD2wxgvQrrGyx2J;280.0
0F_2ZUYN5FOuTwfpjpRb_0;220.0
0xA12$QqT7hPELXap6Ocv9;220.0
1Raot1sr51W8Uk6J13YjCb;240.0
0jG$YOn5v0ofA8CJFIuxt4;240.0
0T7vT9e7D8K91A4BV9wekc;280.0
2BF3d_y5X3pBs5LPF3QsDO;240.0
1Q5m$TWCTCogqRLv6HmMwi;390.0
23gd8_0bv2XO9IJFL_2fa5;390.0
3YHKN9SMX8VxxrdMTFrHa2;390.0
3GJcUxY0PARBSvrhWJCoEe;390.0
2r8spvIc95ThAAEDzv5Mup;390.0
3wM_JDsFP5pgxOJbGyi$43;390.0
19DLu7KbnF2vEOaG6kMjP8;390.0
1UPERcZK9Blw0Xd5J$dMNP;390.0
3QVJ_MbpHC$OyPO9vK6NMT;390.0
0SJtipnOr1Q91KjBbxvaRP;390.0
2jBOA79Kv2k9k1JW1ArYh$;390.0
2XmY4KrvD608eUXpwTY0Xl;390.0
3p52n0_FL7eeo7gitjyuHL;390.0
0sMvEAi1T7YeibubzkDGdv;390.0
0OLQW4MA12WRc3$2$i1aWh;390.0
1WId8QNAb6HQGRC8iPyAYu;390.0
1rio3VoGvCwg1BzXsfEjUI;390.0
2eYSM$Ua18595r61Ny1wwU;390.0
1lGzjxAvb7GhafZ4dLEXol;390.0
3055xznh19SRXxlbkSxy4d;390.0
3gd1CXYA1EcfOmWyf1ircN;390.0
2j75bjee11vhUZvoBtH$3d;390.0
3ZNwwqKf528hMx6kUFLswu;390.0
2FarNVaVvCg9YQsmUGTTVU;390.0
2n2rjBObv4fgUx5frDMZjf;390.0
0$U6sMKK53nhkQXD1iiuH$;390.0
3Pd1CDvmD858r31Jlp8FxX;390.0
0NDtDhFCfEZxJmVHkrzg66;390.0
36J_FluHz7Rwewoa8ykDlX;390.0
0Xc5K4WV9A4hTX9KE_AtJB;390.0
1c4lgmGjH4PwOaPRVZbruU;390.0
0otah4VJnB992$9ReQCQch;390.0
3dO3UM1FXAOu0VjkHvN6qj;280.0
2MN$kzWhr63xO1p6X4PyjD;240.0
12FJoCrKj47xV5sFikKKvr;240.0
0QebZsge1D8PhoA$RH4mQA;240.0
1AtY5fTur1TPH$jYrp3b$Y;300.0
16oe_1W4jCY9WvXxPtnKgh;280.0
32VGCapC50MugLBtS0AU9p;240.0
1xJYkJhXP9iAqSMAL9ukPj;260.0
2lP73uSG54BOetgUH5gXMX;300.0
3oG7gjiyP9EghhmnPNoCdq;280.0
00Ehee2bD6a9dVFrNCuW1$;280.0
0WCYipSbH6N9nzTUHWZeCZ;300.0
0Ac0_WOsr2rB4g8ZieOLZy;220.0
0jl0TIzj5Dl8HuPurrGqyY;300.0
1g035QOdHE4hx2k$RFU1gi;300.0
2f5OW77mr1qg$9V9PXbsOE;280.0
328eGxGpXBoP$ZbZ44fDPB;280.0
05IEY6vn9Fhe1GdEhzby9t;280.0
1psXTnlp97vBOcQYtSC_Ci;220.0
0H5X17SIj2LAn7_mAnKWdk;260.0
1pfxkcbJr0GBKIhLvQN9Q9;260.0
3nGSwQnnn4QPMAqSRE_a8W;260.0
0s3uiuj0PEYwbCSQzsZZJ3;260.0
0rkxZjIXTB384Q0muNk3TT;260.0
0SgtZTaOjAT8KAuueRdiub;260.0
3XQZNyYqrFhf06DAQbugtz;260.0
2mFBXcHofEUeQZNSmxoC2E;260.0
3_8t4Dzg52TfqVRtxyEFx0;260.0
0_1sDKA$DAC8B6_4Z8MSZV;260.0
3tE2hXIX55Ie0KjeMQijIV;260.0
3zFCHb6ynBvRkAKKhOtTUq;260.0
2GPpQ6fjnBj9CB1f3sBJWV;260.0
3ZGg2Ln6DEef0RL870yPEE;260.0
2KAS5vbmTFPfukNsxz7jNa;260.0
1nb8DQ_$L7KuhxevTwUmhB;300.0
3bM0dzP0b5fBk1EUFSg3y2;210.0
0ZzN57UEr7C9Eg3dGOOXz_;210.0
1weUGn3uHF9OoVtI_hp15B;300.0
0UMKSW21zDcf1EO1auRudJ;300.0
0ey1AbT59AC9zKI_0HgNlE;250.0
2DKkTkmWPENeGghRQK_g36;250.0
0ZUM88m4bBuAdt0$PHul7L;250.0
39qDQGXrb6deuprJHpCcIa;250.0
2d_5RK2Gf1o80czlYJRXVD;250.0
3d656G2Bn6YALWdrMoZhxr;250.0
2dqX1PJ053k9gwJ53jXBiR;260.0
3NW1RLSi96_e$f7l0jid7K;260.0
3eraHpnqj9dv7UuGXIerLn;260.0
3Rt$TyDxTCuPDgFU4wCSpH;260.0
3usQzK8qrB2vKT6h7jpYvJ;260.0
1AUDhFyfL9zQuo06YwjoYY;260.0
2eslGql$1DReJqMpAZBeWY;260.0
3y2Fql_5TFWPnpwq8Pw58D;260.0
0onisMmlrBcQ8I0uc2IdAC;260.0
3t0zVCg817F8oV2VooaXV3;260.0
1HBmNodt5FhBBj5XBCm1Cn;260.0
0XE5NrfTz8tBrznxPDn8WO;260.0
1FN3zouQ96sOZ4RuypUjoI;260.0
1IYIU9EYr8i9om_hX5HqSo;260.0
1T3gH7YP19aAtjGQDO4Xm4;260.0
1_982ShWn1XhDhOYXAJHaA;260.0
3wDbqWnxT6wR$lEv9v4S11;260.0
0kDhsUHsLAYAalsyUeNX7d;260.0
2327Q7hQ513hgY$RH4PLrQ;260.0
36WU0btXjE8gdy2AvmQru$;260.0
187RPFhtD1afG6eqdBxgmw;260.0
3DhdhnUoHFiOS69gOVAxcr;300.0
2tEPuS7EX0JwrZSsDmTDdf;300.0
1yOsTXjdH7ChVtkz3TlbUf;280.0
24oLrfyGHEoQAu5krDC4DW;300.0
0S9EZpSJ90vx7uTs7SFDzx;280.0
1zF6fAMAf9ZeGaT03_Pu8L;280.0
2szZvSVpbE_wnxZtxo0Qg6;220.0
0rE6gwkl561uv2fImvtkg_;300.0
1zsziNwsT1VBXAxu_B4kb_;300.0
2mYTAYAwL93hqtyepxWmnT;300.0
1B3hAasZzDmRBo$LOX3NDZ;300.0
2qH3L5YvX9jvSUpQCMeXF$;310.0
3B4xpbc51AhBEwuHatZ9sW;310.0
3_SjHqt8vAUvpKyVGatxqL;310.0
2k$yfvA5bF4eOQdTaYXlcH;310.0
3PkGfYSVP09vSDDC666GD$;310.0
03FGn4r058LQS5qFv1SI7B;310.0
1mHscqTBT5mOHUMLhGwLcy;310.0
1tagWvSm55vfnpxfRNBxP4;310.0
07HvAGfdP8YB$MWu$nQC$4;310.0
2KbK0x2hP7EQtoa9rf0ADp;310.0
0P7n11zNj1Tv8gdpeErXy5;310.0
13DL58idzEIRle0c5kCmrT;310.0
1ZtWjLmIP3OgFH_QZqdon8;310.0
2i15HsPCLCgQK5KpII6wUy;310.0
3AIlZREIrCGPQtRqOslsMP;310.0
0gtjBBCjjCK9L$a9OZ_SRv;310.0
1jIxM6nED4fxE4mPm_6Hm5;310.0
2m_mzQxlj1pO6BqL5GWPgu;310.0
3XQMi_CsX0tuWAceftpK3O;310.0
32ErGZ6q5DHu1s$8u93TIn;310.0
0k1JKgdWT1zg_OMdA8XOtL;310.0
0cuSEzVb9Au9Z$JUwmDLLo;310.0
2a$F627Ob1yf0A7iwDO0vP;310.0
2Mtgs6KvrCV9Lt2vX1ZF7v;310.0
2E1n1dezv0VxZ3EY7XR39W;310.0
3QLPTe7szDcuiEtGlX0U4R;310.0
2bd7h_wkj0TAB2BahE9Zp1;310.0
1zRaqBlDvC_BPArPKsyA8X;310.0
1SZekn$Ir8Mgw6N21_npVQ;310.0
1uT7RFUDXCKRKLc_fxyHNs;310.0
0N_7cOE6XFkx5q$ebpzuNj;310.0
0nFIR6L$L6bBuCppQ5ert5;310.0
0d5Ah0PCL0nRmem6Cbs4HJ;240.0
3RwdKOfJT23QG5$Z8oPKyh;450.0
2t7bwXqqbAj9HV8HX$oxaR;450.0
3Rgwz4UcLCeBQi2hQM_$nj;220.0
0VXZfbwcj2dReN902Gh3D6;240.0
3SndM3HBjELx5w9z0eGHiH;260.0
1cZAxYsEPCwxLfQIiY4l6h;240.0
01CcRUU9LBu9gDrnGCLCXT;300.0
20s5$o7sv51vzChm0c_PIZ;300.0
06__MiC$TCcwQYVVa_S91X;280.0
3Rrny5Ed5C_ud5akvmbvwm;280.0
0fdrMrf$jB39tZwoVyvmwv;300.0
32nEwqdQDCoBAeTlySeLjr;300.0
3IyaU5HNz1kfZrRXe1bevS;300.0
0G0L7hk4rBWf2lGbsAYMqJ;300.0
2R7mAnSAn3YebKzsA9t9Af;300.0
2mv0bMpHDEx803zr0Pz4sy;280.0
2$RKLuVZH8e8WRb$e3erPA;240.0
2TBZ05ayP7AfgdnoB$NFjK;220.0
05YtNwyG9DPhG5u7NQXvwE;280.0
08M7DJd7f6hg$NfTr04ztZ;240.0
36udqh2I5BtwMrpAjw8hiT;300.0
0WJqsmSvP6q9JuSOmVrNhl;300.0
2x6dD8zrH2k8cah$zr6_a2;300.0
1NQDOhqgbDl9fIF8VV_71K;300.0
3RwBh8tSH8NxTMz5ZckxmT;280.0
2BKkaXDSr3Xwrh_3EAv$m2;300.0
1U5UtS5q5EIfoKatJ5PNk$;300.0
0KcGTHmUjF$BS869zBM7zR;300.0
2VdP7gPDP7NQGpZhXyzPYt;280.0
1X1skuBWTBfOVto4dBE2FS;280.0
1EQACTaVbAn8RiE5opO5TB;300.0
1xdQMm4xj5qeAlSupI6zRz;280.0
3Z3ZtV3$X64PtNiAWGAZI6;240.0
0LYv7g3hj2afcnfnuu1H2P;240.0
1pnABjqaD4WQSzd5yWCmyB;220.0
1KuxFDld95kf6roE7ASVSL;300.0
3CZHIIgWzApwDNqMBZa0jy;300.0
3vXqKktI57RPr81S6HElvT;300.0
27gS7STtn8recgw0EDOyH2;280.0
0xhmvPNif9BRhPtbCLtrWr;300.0
2J8tP9y7n9Px6ba9BG6Xon;240.0
0JT4vMoPT6Wwzx1YtcoPW$;260.0
0x5PsEVSL7iQsue6HcpDMQ;300.0
1hC$aEJtP7MR5zZTLF9mAI;280.0
1Pv6gvRb5FyfCRgnb0yDZd;240.0
1EX2MIbiHDJgyFS6o0t$nV;300.0
3xX1ikQenCyA_C9$6ZosZr;240.0
2Be5Xjn$52qf14IehUS0bC;300.0
0UhZLm7yf2dOoWx298ol2D;300.0
36a3mGlYX3b9XsPzwHzCTT;240.0
3A6DD5ZKXETgtMJtEaMwx6;300.0
2ER$O9Qx548elWfLz1mJZB;300.0
14UJgogPf6WBUOt2YcxMu0;280.0
2lssn_TGTAjR4TNOSPPtNw;280.0
3fGkVIULX6$9ojewVRF5iT;300.0
3eImElRhD2cxzI5Sxao0VS;240.0
3QJ6991U13vgaVLJkX556i;300.0
3U0pHZ$4L1tvk$tpPNaMDC;240.0
2tsfvWihLAuu03Lp1L8baZ;280.0
1goe10wmr7TfxLdIJQ4LrA;240.0
3c5Nhhs254swqA89DF41$a;240.0
3XeGGvMy98LeeocChAtpLk;300.0
1MRu1lAqP4ahGZDauKNg2Y;280.0
3ounQvibDDt8y5IQn4OHsp;300.0
09F4_$lYHDmgRR0RYlB0Wa;300.0
1LRidEQV9EsxIBqeVM1DPN;300.0
2TsxBsHzb8MeHw3hwvuioH;300.0
24SBNIpXH7cu3GqCo0o1SG;260.0
3fqQl737v1SgqVv$iclz1b;300.0
0y$PHUlo1DfQGVIgojs7UM;220.0
3wEcEM_lL7gRc69sW5JAkN;240.0
2i5Qbe$ln2cRRojAzERLFr;300.0
0Jfp6ZDyr5bQI6ftlD5wCA;300.0
0mn$y3JMP0oPgvcisyGazh;280.0
2xRYYLSyv0IR53tEqPEwjK;300.0
1k_CswBTjEj9S33ZNI$loZ;300.0
1aMRHfmnjDWgUBVvb2PEoe;300.0
2Pe24T1az28eGKR1wUyE6L;280.0
3Z3W9bAp5F5BWoJw9_DAuX;240.0
2ya50F8Kn9Eh5cPH66SCP1;300.0
0zUheQYq99qAYs2CTKyxp$;300.0
3mtyZLeHT1$eIVP9BLGQuv;300.0
3CmEQ2ykLFGQByfchjFrzK;240.0
1_Pnj0sMv28hXfYATywkfQ;280.0
01zlZARuP20f6qL9e5dtAH;300.0
385LYSlG9CjfFSCkpXIVpX;300.0
0gn3hf6dX9VQ4Zl13M7yiZ;240.0
0T_vzGKRn1lABYAkmPV$AJ;280.0
36kh7KuBv14PG9l6HmBD8J;300.0
0mjrnrdpv1tf_8Pkhxr43y;300.0
3K63DVisnBJwS0Ie_xJTwX;240.0
1WQABKquHEVhQVALlBH7_M;240.0
0CskARtB16kgeaQ5nr9Xl2;240.0
20x803G$rEOub_La5H7Ji6;240.0
1zNo30qC94l9enNIvf9AZx;220.0
1I0c2jtS54kPBuqAewcU_L;280.0
3ft3nWGHHDcv1khATaChJY;220.0
22Bw8skHzCLQwuf3Tf6wQB;280.0
2eOPAEOjj5$Bop$bJQtKAT;240.0
0TMGELYb10DfHP5veKoLxK;300.0
1aOVe_kOj1RBUnBEt4N$XY;280.0
3vhkiqzlX7yOPyrfUU$qZN;220.0
12ttJsYTr7i8FqW7jAsr8a;260.0
0upXk4yoX6WO_wDtJVAsFP;300.0
2m9lFCOHv4gQbRsfiw8XY8;300.0
1nT$rFo0HF3xTavvktj2Vb;240.0
1JaIqyAyv4jO2A_HaizRD8;260.0
1DHwRplaPBPvfKa6w7UH5L;260.0
1StkmixBD8SxoiqaVD1$1K;240.0
2XBvUdI1HCTvUzu$_BQh2u;300.0
3QKlG1nUzCqBTp4H_lVZJq;300.0
1ZooR_GIT0HRIH9kqTbIhc;300.0
1_S_tVzHT3svXxKU5oyecJ;260.0
3Wgs2SvtD5zeP87L98MfRH;300.0
16HqnPM5LCzAEq1s91jEgC;300.0
1cp5wDDkr6fwnIghZcWFFw;220.0
1T9C74x$H1iQuy3dff3k7j;280.0
1tioXPTCr7ZOwpE2gtepLI;280.0
10xGwG2wfFog4uDGY0H9U9;300.0
1bTNtLT45ELAPVrAjluiA2;300.0
0S77Cl0sbBfgn46sYaII0y;400.0
2WMre2CUD0Txaln$xR5sM9;280.0
3CuFfkwCfEvxXEGGiQ7Se$;300.0
3rq_ssSMn9iRwLemcgr_eM;280.0
0nrjMJW$124BOE_tl$8lSd;300.0
0e_xt7IjvDdPKBfR_uXuJN;300.0
3G653lSP10vQVULGO3A9Gm;280.0
28zz$rhDb66OpckgVNAbKy;220.0
3h1wX5o39408IdRArcFPkl;220.0
3xpUXrl6D7RfsKRTjOe3By;300.0
13k0x8EaLCYBH8ED1mZNuW;240.0
3Y4kTYVbbCCxB9hAufVK28;280.0
3_qVc5AQ1CTAL4xgGBt5P4;280.0
2bTwjsfB905uVnJvVi2FQG;300.0
2Dm0ouMEj7$QqriH33ijYh;300.0
2NkfjTSWDA8QpjjhevH9kJ;300.0
3RMMBDQX917B0GJrokNoGa;220.0
3aM1grbn1DEeMsNjwpfroc;300.0
3V5KT3kYPBahlYWN__5Hqf;240.0
3IPXMrk$nAJ9fTEjWjK5ng;300.0
1iRZthbV19FvCrhtkvXaSm;240.0
1x_8FmSZfFkQOvIC_HZCJt;280.0
2Vvi3txoPBNgtwTn6$NQkr;240.0
1ZAOFgvmz1tuU9AsXDhuq5;260.0
3v_a4X8dr9pRYGn$khVu2F;280.0
0rM9K80w10$fQlLH1ZwY3q;280.0
0P8kroIGPCBwoH8NsxkUmn;240.0
0E6C$SIhrDVfqhdDFHAQDd;300.0
2WSJStrlv6Uf63PSLhbXtO;300.0
0oIT2W_In1EgUuDvGCyip7;240.0
3kaiXWQg90u9qR0wkzrBNM;300.0
01pIiZOBLEAu69o2XsM4tk;280.0
2djYQxbFr92um26VmP9BJm;220.0
2oKwhqTdD4geQp195Iisqy;300.0
0X3zkyvE56qfwOHP8v20bI;300.0
2hmLPsbrD6IQSqkIV63xyH;300.0
2YgMCWn0bDXhZUUJBgHVOy;220.0
1zLDlkq3X0lukMpo8LJtZI;220.0
3A_tJxcjvBzO0DJB9n1CbJ;220.0
0PmEXguSLDOQUc_6HhjRaE;240.0
2DvTSfcCD40RBE$FPLb10O;260.0
10C2eSd1L4DAXFeNKDmx7n;220.0
3QZslNddr0fwoCMuzjk54K;300.0
3ts0At23bAeRBnC5A1jOEO;220.0
1SqMFY6612kgjXrMQTF$2F;220.0
151ijUFxPDvOhDIi6NzYuY;240.0
3EG9$FcSjC1QJU3J3tJA9N;220.0
17CCuz8xH9f9Q7rH9rWfdt;280.0
1DgPikNV592heb5xnYikp_;220.0
1_77GDZP93vQElq3tmNKPH;240.0
3k8bEziCn5KOWVuwPUNywg;240.0
0QHYwfdwv18ghc_6X5uzuB;300.0
295Nerr2L4xx1NSPX4PN8o;220.0
3FoztZvZfBKe2uFftLcjy1;260.0
2iUz69oJH42vw6eK7svTdQ;260.0
01X_QO1GT3luuioJAvJY3h;240.0
270NzDNyHEBOUxBpuxuc4O;300.0
3GESQBeBvCT8c8vg$hF3G1;240.0
2qakoaMP96LB75NoPfAIsS;280.0
1KuUJW1yL0wRndGjDK2Huj;220.0
2TYIX7i7z6mhRO9rtsuClG;240.0
1mTcCNNjb2AebiZX8FBht2;300.0
0X8SouBKrCNuWosyjoMMFB;280.0
1Dh79m_T94cPa1HH7OlMUj;280.0
38BSF5_xzAhubkh8S3VzoY;300.0
36MTFi8nzEIOKEuMtVoZHL;280.0
3lg6d4DOLABfvSWZtlwOav;300.0
0cdBPyqy5Fp9DKpwKQefN7;240.0
3Id6wSKa55jxhn$LzPAhS$;260.0
2zwp0XqL9BNu2EveU1eMsb;260.0
3FIZk0ZCD93QgjLiSmEzPE;300.0
3os4P1vLr1UfwsNwycRso7;300.0
1hxeIOEbXBIR548UzdUYgx;280.0
2jWNBUi$17IfZSFHUBi4o4;300.0
0fctJyn0H5hQHelIB1yaeK;300.0
1fhM0EIOL2G9zdKoeNw3p4;300.0
1eQV$qEIDDq9QiStyWmoOi;280.0
0LRKW9v31DIeoEkt_csgmV;280.0
25nLV2J6DCzQeD4VETvgLf;280.0
26ZWHrtG1DGOiLBvWFiq1T;300.0
0LykIVPsn4LgUu8cwlZ8B8;300.0
0KcDvmsW1Fdx5mEf15HqAs;300.0
0ozHo2m1z98Bftp9EoUusm;280.0
2Qh62OV2rAaPswjoR449Og;300.0
2A0VQhrYPBnu5CO3EQSQ4p;280.0
1KSVajnAP0V8sxbSdl7myv;300.0
2mMa6$6UD788EEdqoLNLdk;300.0
3Vo8LutWH4kBEpNLrhsU1f;260.0
0ltZo0uGDEyPpACUj00KYK;240.0
1qNWdR9m53BRRCIjtzmywu;300.0
1gN7Oe7mD6JuGqFyzP6OAI;300.0
0fRtLULRj9VQ4h3iUfl2nv;300.0
1J8ikKw41EgOYRGZrLjsxd;300.0
1AdpVoCmT0d8IhzR0BV2Qk;300.0
3FakJZPHP88gMd4PTNYtqz;300.0
1iOEFvHXX5OvQDs3Ope5Op;300.0
3q1i43w1PFhgPmWSKu4Ifb;300.0
04A6gxPLf6rgia_hq8s2N6;240.0
3f80sSpbjECxIuSuewVDb$;300.0
3viVizgU14gxthv00yKbSu;280.0
15P5simyX7g9QlZq1mRWMi;240.0
2JG7lcio12$v$zp2TQUwKD;260.0
1fPRHbURX50xC5NGIG$p3S;220.0
3UJ7YjCu9ENvpiYQXbISPQ;300.0
15dJEgK253$uqSJk_$OCUG;280.0
0Qa5D3SI5379rW0eEt5ydk;220.0
2gLOhCk_L6Dx6yfS$6OPL7;300.0
0gZdpq7djEdRZEepLnfxlL;300.0
0wgsBaqMfAff_S3jXYD_ct;300.0
2tU_1MqnXDUu6u$bRRxVNs;300.0
2I3fiUQXr8af72Ab6DRu4B;300.0
2dRpPp13PDyuavlEXRZsZ2;280.0
2LeAYDd7jBzvTi1MZ58UbU;300.0
38NTbaQTzEhxF44meO9UeI;280.0
2WOtR3Cdf2h8aWjvOMBwru;300.0
2BvnPLNZzAHxSSn37ZH7JZ;240.0
3vKLCBDGL3XwRGfZtpdOw3;300.0
0QpWwTOPv1lhj7FTTzITWj;240.0
15yUkH3M13ahU4b8P6UyxD;280.0
00yTYuqrHE$eI5$XvqTJt_;300.0
2O9AxSJxr8Qw2NSWm1hrtI;280.0
3P9IrfV5r9UxfJHIiMIhL6;300.0
2h9NEynZ5EmOZ7z_DRgUoV;280.0
2LTtQ5OujFDuoCZSwgCWxh;240.0
3o2hyUwtnA_xLbw30nkL0A;300.0
3u8viTHrH4cQwINof$Pw3g;300.0
0JLtXBcUX7jhti1XKXP9P0;260.0
2nuLP1KAn2g9HP99zl6LRe;260.0
3pBCemTP1A5BGg7h59QgV2;220.0
33v3nqi21CwQk$lCTq5Lea;220.0
3MUW1cjjrFyPOB75kjKbWT;220.0
2u3sELqq96YeFlgiwgdbI0;240.0
2bhsIqrpL0qvc2ABC0krDq;300.0
3jgnDF6fvCPRZiP6IeHX33;260.0
0wIeHOXtv0hwRNtqyDchQb;300.0
1thAkh35HEGB4mVV8qZBTv;300.0
2rm3piUCXBKOzQYnhIdDEv;280.0
0WL4H6B8bAtwqvHptyV75n;300.0
3Ow_dq4lDEVB8G55swelW9;240.0
1FHjU1T1z7sAuJskNgXlVh;300.0
15kUdhi$92O9TjFvAOwqqw;300.0
1rRqBwdvv5MxQ1C1rumx7D;300.0
376xYj12LDQ8hepdw$feUX;240.0
3dMu$QnEH9QfX$$OB1vWrY;240.0
2oTmlRr9v2$8loLIjCqMS1;240.0
0xhwZqv652$83$Fw0VKjAA;220.0
3ZuLrrxRbCNgjr6Fg_w3us;280.0
3XA9TvKv18FBq3X_jDnqCb;300.0
3tYQS_vTL0GxWheyEzK0fw;240.0
2zHcR$M0DDJOR4hcYcsOFd;300.0
2voX1SpCjDuOnXaS3lErNE;300.0
3dnL8wJeD0$PHFolsuuVRZ;220.0
2YD8KHdCDEdvkbymAzYotu;240.0
0HH0GgNhT3bQ4NZ3UygdYc;300.0
1n7mE0usPCmAURTl5GfHWb;240.0
3mWScDulf3wvBoT6OCSMbl;240.0
1UksTuNqH4$96KB61hduGD;220.0
0camxwUwP5SgIzTQeFwkrD;220.0
3KY1iyM616yxRoovAS4sIx;300.0
0LeP4orR511OHQsHnHgivs;220.0
2NydgxbSzAk8H_Q3Hw4oP3;220.0
1gjLk5CcnBJhqL3eiSgIhU;220.0
2nkJSx0Qb0jBdOGPobbDqj;240.0
1t$kJeOdD3U99GnfaDRGsV;240.0
1lLMXl3y108A694M9RfnXa;240.0
1XKClQRpn4XBgRoQt83v$_;300.0
2Aj$DOuCv0nfNB_x4gkUDi;300.0
3EHpHYuvf0l9ZvVTC5vtvP;260.0
0rzH7nv4fEaeHO4fW44_Md;280.0
0uV3bNaEDDAx3TKtMUsC$4;280.0
1IDcPkmeb9RAPxY5xO2SxY;280.0
3grMfIZL92ah7ljY3u1Yxo;280.0
0i6Du_BAbCw9y5Lm0XQwMv;280.0
1f9pzM_FD7Ture_zlzkaOC;300.0
0Rh4LAq_50Ngr$Yamz6cAU;280.0
0rGIOX$Xf2Z8lCTGx97R$L;300.0
2HfaJQMrzEtgfkpyUdXuQt;300.0
0fSaE3Iqr2VhNwYVHcoH9f;240.0
3NzA_lz8rDgfLmaOKC4iMk;300.0
0r7nCwCsfDlu0JAlvl$2ox;300.0
3apOjM6WH25vT5Es0Pwf6F;300.0
15Dae_HX54IRqso9NlW$wg;300.0
0Q4uGmEy96g8CfrJgp$QRH;300.0
05PFzgf_n32gtIoNb4zkUm;300.0
17VGqUUCbDShvNxSzMrldg;300.0
3oxGY$1X1DqgruEbFkw6BX;300.0
2tcQDOCtD1$ephHUot_9zX;300.0
1MTbQtQ$zCOh2aFLrfHLX$;300.0
3TegdQdNz1af_VLFskV6cE;280.0
0i3IESx4H2JuyWvnPymVFc;300.0
01H1KucFrBGfc_3RrSb_t7;240.0
2vbJVBLbj838QcEiGsfF26;300.0
2lZDKlMhnBIO0IF_TgdpX8;300.0
2c6pkOsJT56x73warMRheb;240.0
3JIe7Mlw5DQRffv1wekxO0;300.0
3ZmSiqtmP7kuZKP6W2HyW7;300.0
2aTpKgDtPDbe_js6zpv5GT;220.0
24TD5gJW1CBxuNcGt5gvpH;240.0
0drTrqnyz8HRo_eMbh0nl5;280.0
1BtyE5PrjFmwKo7PNQ1yBo;220.0
1oWAeaQy16fPqX3AGKWRTt;300.0
3Mc3_c0AT69hWbiYX9WkjL;280.0
1bZlNpbuj4UhRtBq6cGL90;280.0
2Tas_KDgj39BHRWKBRwAzt;260.0
3qLVEsx6nBBhHdrGdc6duH;280.0
1REmnDtaL6wvNCo49SMOie;240.0
0y9brIN0j0bRySqfqYgn9t;300.0
3mMEX8fwL2xPscZZLwha6i;280.0
0q96q_0tL5ne194x9D3wKz;240.0
1ppH9hfufDWQFOQ7hOZwwp;260.0
0R1h49JEn49QgrqQ_1EzOo;260.0
2bzGK7lfr0AfDqIlrWm2j5;260.0
3hj_1Sx85FJwmeG0E1BdgO;300.0
1_aFc52YrDpOPk7zShQgT_;280.0
39RggZBhn5wwCzVsPTMk78;300.0
2Ks6jL_njEU9kf$Pa1xqrA;280.0
1ia14FJY5FbeahYsLzeIT_;300.0
1v5jd8Swf2e8fZ6ozPVnyu;300.0
3DG_eoSt57p9bcPAS643qH;300.0
2XdCw7_nD71fpKViT26LaE;240.0
1kn5K4Nzz2IRjGYMyUCg0n;300.0
1U72yaZqfBvxCTX_ThwsrR;300.0
2qdfveva14OwtOsJZBvxFt;280.0
10aur_tPb74hPA6U_xOCxr;280.0
2YmQHCFG50jeDZkrFxvCWS;300.0
39lK211En0uQQrRywUx66c;220.0
3EsmCF2PvDbeXL2HVl4o07;300.0
0D6HTZ7MTAqfAMr6_iBkV6;280.0
0$ndAdcqXASBjVlb_2sIF7;300.0
3VT4a3mBH9LRntpk5VJCAn;300.0
2pgz05sZHFHQPSLbeN18mg;300.0
3I3KpwQ9L2lPnrMnE1Oeu0;280.0
0S6b92ufT5KfIwChmZkLGT;240.0
1$9SgEuYrEmgrPDP2U0PP8;280.0
3b07NgoITAfByPUi010pbW;300.0
3TKsIpoT96H8CHI$$FyJGb;300.0
1CWxSBwMX2iwRPF9TNpAqB;280.0
2HOV9el_fDRgfvXTQwKuLi;280.0
02VMTxCub3XOtWLrJw44ZG;220.0
0F8SfLF2LE4QhR8JOQNcYd;240.0
1yUww8UnDCAQhRUmb3H6uH;240.0
0dkRJ7W9zFfB3TMyZ8X5rf;280.0
2A$DmPCt54xOV39fMSjsgq;300.0
3qslxNIlXEJOm1TiREebA_;300.0
0vAT8S039AzvI8PMtSGm3v;300.0
03Qll3iMD8JPoyyBr$J8EW;240.0
2M50mMcRX4KAPsQdzPj9US;260.0
2EP163VJ1EKRMKlAJjlbBz;300.0
16SwlS5EX2iAQVSfEQFLNh;240.0
0rjCTCwMD21AluE47FVVCx;300.0
0ikeAGDxf2Fe$TgjKzE50v;300.0
2Q0_ciMIf5XxiTamWuLQtQ;300.0
1WSsa$62b0JO_8z9dEF2aM;280.0
0dj0Xvf4vFsvAcNZpPWQdI;280.0
0gw92K_b91VxSa1AyRYSLN;280.0
3Va8c6S914yxSSHKiSQOfp;240.0
0znxj1$U53VRvxCqYH6_co;300.0
3jB1hD34XFtPzPng1pleIj;280.0
3qabqeten4eAhGnCKf0BXw;300.0
1QazKsn6v9xQuiSCPnF6RD;300.0
3FgsAJRrr6DOMqXh3$UhYF;240.0
016W0VPuH5YgpP9qSHJhik;300.0
173FXmI4nEThLjxeez7K_s;240.0
16eCD5zYH7thxxAZrIMUfd;280.0
1p_AwerGL41O5LITRUbbf_;280.0
2WyrcFnWjBm8QMo2yYoVNl;240.0
3mBFzYZ2r1kOiDQ7GbdrMg;300.0
3RuGG3fBXDDP94l7mVj8Wa;280.0
1MaGdKVhvDx8rOGG8VJw1k;300.0
2l5W1HfwjCqR$Cjk8p64N$;240.0
0rEGCtBdDB58UMjmEGZrDj;280.0
2fe2xgjB5CiACCB$8zHXtr;280.0
2sEX8q06nBbwFo6vw1Gdc8;260.0
24Cb6hO5zFj8Awe047bxNQ;300.0
0AoYyWAdLCi9z_$7O1FpFv;300.0
0Q9cjfd_5A5BcWzg82AMhe;300.0
0SxDahot15VhBhDTjkaHsw;240.0
2Ljeo_fjj2wgZ61WZqh2MN;300.0
1Ojo2cywPDjfx$RjLVcUgp;300.0
05Vo8R6nP1VOkBWYO$K$iP;260.0
3tQzesOhT7Ex3hfdDFSvT3;240.0
1wtthVX_55aQ$C1UX$5MOM;300.0
3La6UsA1H4RwaWYGtVYQDP;300.0
2QgdZpFg92X96Av76RwJHU;300.0
323owbjY15hfle8wmZCBsQ;240.0
3PLGNKiDH839yIF2$Oi9Ap;300.0
1jSbv$auXDoAkxaGayQpoI;240.0
1ebWHF93j6zO$zn2offpU5;240.0
1QVVOtLTT8DfwckMRdtzOh;300.0
3eWF4Sgpz7W83ByRz_NbfQ;240.0
1X5YuGU4X8RQQdl8JrRelN;240.0
2lBDPxpgb59vBVxxilT4yu;300.0
3ecFhbbVn4khd_SrlpOIjS;300.0
2dFB9lY0n9c88FLAM8G1nH;280.0
3b143qEIb8X8$nXGFp75LA;300.0
1Xvejou1X8yhIxPLq4xg0A;300.0
2K$rBBhLL3d8DLzdUqoZoz;280.0
2FitWNw9b7rvA2QBbMVfyg;300.0
0NWAKnp693uR0vgqSRmAx2;300.0
1Y$$fX73n8wfFd9X50pBeu;300.0
0garrvrQHDRh6XacFG4o4f;300.0
3vWU9B8U912xDFYG2RRIZT;280.0
08T8890ej6n8YzI5wvkjXF;280.0
1lpNspoTL05gehyk0vUAEf;220.0
1KSYzw1F580ueGDKR9LVha;280.0
166w8uY9vAdwGJrz4cE7cA;240.0
2j_19OQCzFd9ttyGvd0k15;280.0
0Kmt6hux13yRUz_O3dmnjB;260.0
2YM99W_pfCzgIgQ9a5ZlS9;300.0
0RBBP4geH24fUNuB0hR7sX;300.0
1msZyMniX3CORiJbNgnF64;300.0
1BIA0ljGXBUv4y1CH8CEYV;280.0
0FoPSqbEz2P9RCuqseFw3W;300.0
3SXv6lDpD9M969lDS$Arcq;240.0
25rAEQETzBSOuc5fou0cKD;300.0
2NSpxedUv3_QUFNMhmy6g5;240.0
2idGA3QUT7WPldgf6H5Tsc;300.0
168O7QQuTBRfz8e4Kgux7l;260.0
3ydDGEE79DJ9UAlgwizsqp;280.0
0rBmC3_aT3_PwqQny0WTIw;240.0
1wE5tFHDTFr9lRNSv16md5;240.0
3luYEo6G55t9NpehHzujNZ;300.0
20vI2ZvbPEpOUQ9eDxcCg8;280.0
3cJIdXHarDjPQvcfjaEBkm;280.0
3m2wPdcKz1WvHjF3iHwhHi;260.0
1R70y1W_jDxx2a7vEOrdmC;240.0
1FrT0ld3n4fPMT84CW8bII;240.0
2soX1oj2TCS8P9SMRm_1ty;260.0
21KYKnXGP7v8l2APbfGp$v;300.0
1Ikngq8nj7LA3kH3hhF4Pj;300.0
1VWHCEPiDBOAs$eJEEocCV;280.0
0Rq1sR2xb6mv9AFzJIXVEH;240.0
035TyG4ff1MhWps$9jL4oY;280.0
0frv6Cm599zfI_Vt4QHzgF;300.0
05lZPA8wL7fQrVVH2GdgRY;300.0
0JWLl0l6X4XvSSDMUHkOYc;300.0
0ftaS3Wpr9VPe$vIkAlRJ9;300.0
1nnADj5fjDDuwMH3Py6sBY;300.0
01x7Fd8GLEKhTxkvaPj$Ol;240.0
2j4dX3ZK58bx3NowI8eyo0;300.0
1mRC0M0i518Phsb0XjH$Sk;240.0
0d9FRPIDD7TOCZ5UZFXP6U;300.0
2PdgxwL754z8qrDt4e3y$K;300.0
1$eL3CW0T9xfaRXJbwgXi7;300.0
2h18uU68X02Pj6Ku1R4Z4x;300.0
2gmiYyabDEtxFff33zSDO$;300.0
2LzmWI8_P5yBGqoSPnwrtr;300.0
1JO1CK1f522Ohf5SRWsO4a;300.0
2TuFqYCTTFZQB8bOkWWDAa;300.0
2XmVW0Rb56kuC$$PGbqvWO;300.0
0Tp1NzIQHCdRKPXgP1PVOD;300.0
2MdbZZWCH0q8yAr5DrMBCm;300.0
34dkKBAk17EP54$L2dLOq7;300.0
0I1Fvy1WP0pvxPFcM6OCM9;240.0
3Xaf7UDvTBeviR9$eEnQrw;240.0
1iC$esTif0aORr8tSR7TGu;280.0
2IhYFGjJf69eiRdpMJjM2u;240.0
06Rxkf$NHA3R2QglaYvc7a;280.0
1jvTSoLN53p9OZjw3VvfXE;280.0
0XPBiJv5L33A6V2RCOjXEk;300.0
02mftLYVP4GhtT$dzLSr1K;240.0
1jZNzVwsH4ZgDbG_3B6zHH;300.0
37lnP_vFbFwPUNd$WgkT3n;240.0
37CFbN59r4vvL83qdfZWfi;280.0
1W$V_3Dm9BgPxnT2rDOr8p;240.0
1nzx9cYhX5DRq0aqQ$ADmz;240.0
3mCEmg1Fn7R9l2Okgt$cPN;300.0
31XVU293zEu8x8JU$kqmtt;280.0
2LraIiY5bByPXNmHFWQPuw;300.0
0DwtoYkKT1r9B3uACZywRo;300.0
2_epx1L_PCLhRpT0U$1nS4;300.0
2d58Iya$f0SOxYb1ZKw_0C;280.0
0XsHHMMcPFBxqMaiLrmF2B;300.0
01Y$JL8eH8AwgNZsXUfVK7;300.0
0IeN6F$LT2RQbkZF6PPCAl;280.0
3f$GhwhDf63eBpkK$vz0Bn;300.0
3R71juWw1FmuYWHD6Bl5O1;300.0
13UY16_v90IgucDTdMj0rr;300.0
1olPJLZRHEIgCRlGlupnFh;300.0
3IhtQf9Nn9G908RiIhO0by;300.0
0Fq0M0jF5EIwozA5XDm8FF;300.0
0p$T0Sloz8PuekbBEHMtn5;240.0
2zBzFPDUjFrxneKLeVNq1D;300.0
3rvuwwQpHBtO6g0rcK37PP;240.0
1RJo9v85zFpx53K$Tx66wZ;280.0
0$gIuNrxf1efEDq8X4b2RT;300.0
0WXPr2_4rBif5ohS7qx8Wc;300.0
1HQIrWKAn71Q3ZifNzZyST;300.0
0P_2A47fP2uetd2pF7wN9v;300.0
2hOOcACoP3gBTOHVJkyVNM;300.0
1VK9a1GmL29QCvr$2E5T$O;240.0
2I0rb55xTASROo8rNxELjv;300.0
1e2THPWijAjurEAI78i0Xr;280.0
2Yu$i$KO98jvO_dYxzOyCo;260.0
0UPOxtgez6$RRcbYrUwfsq;260.0
2M9U0nzOn1Tvk9aEDHv6$_;300.0
35e6KFBEDEcgTr7pK26h9r;260.0
1lchumYkvERQMu0Y87oZ7j;280.0
0ECm7a32X77vL74pfYSVQd;240.0
3CpZQSrwn6cBEDO4njLnBH;280.0
2ZoY198FT1WAFDct$4isI1;220.0
2$1MLWAe9AcPuzaaQ4YifB;300.0
156tQlkKP7twcQSUgVKxoo;300.0
3Ryw1RQsLAaOXQYlz_v$CC;280.0
3k3fdgdFn3TeAbDaN5mL3W;280.0
3swtIscHn4hBL8$i6mLRH1;300.0
2X9F2udrj0wAAo_ZZeApkX;280.0
2iC90y19vFBe$SqD2djq1e;300.0
1GjOoFG1fDLO2aSWCS3FIV;280.0
1ngzdqp_j2dvGpr8_6BQC_;280.0
3l4Z2BOjX91wPmZyR8MIyP;280.0
3tWynUn4nEzBlT9YdOYJNm;300.0
2C6p8CVeDCOuyWFpCLSd9G;260.0
1OTQMjTzvF8eNNF5GBXj8r;300.0
3TWkG9z3f4Jv05rupAayI$;300.0
2j0XY9pEX2dfx5CBZUeZZ$;300.0
2S4FSbNoX05PAlurFNDWJ_;300.0
1kW8OeKxD9m8IE3nIxQWTH;300.0
3AWjLJ7Df59B9JRO$nciHS;300.0
2sHMg13Yn8_8QIugY3WIb7;240.0
0zvRD0nevAxhT5Ar84z_NK;240.0
1dr9bWyxn5Ag0VUNhIp3i2;300.0
2Uu8WpDRD2XxYbyv51i2Fm;300.0
24wcAcoGr3axvZjai4taVt;300.0
011oFX7oLDU9aSWP1WSIIU;300.0
1tDKKYu$bEKgU94vTxq9Xd;300.0
16T4HH2Pn5b9z0A6Pl4V08;300.0
17NwSKYPPCpvcO09_Hdiem;300.0
2pHIIuyt57cORKRkENOLis;300.0
3CM_wZe_b9Zfd6$pDqRmo7;220.0
0Sdbxx9CTDre$WYxabFyT$;300.0
2pDLAiEPP6zwPyuTa7Y63o;300.0
2HXjnB5UjDU96KiDyZb9Es;300.0
0FBVERG8DA1Rf3ksnkH1DR;300.0
3GFXKT4vf7Gfez59T3WRU2;300.0
3cifiQsEX6n9ULvNF6GoMj;300.0
3G7eoebfr6uhvnV$l2wZJ9;300.0
2Pev7uDm1BOOvQudl5vW2q;300.0
12SyPfzYj15OJdJ$$Ux4z0;280.0
1tCeNRNzr2sAR7rL1U42Bj;260.0
1geeifxBb6quFeBR_hOL_8;280.0
10OL20OvD5eQYckqbodCIx;280.0
3RVH2VZnr17BvrypayGzHv;280.0
2RSt71tkD8dBL6Tk9Xk$Uu;280.0
0Er3L0NVj8wv6StL7uFQKe;280.0
13Kh_KTvb779PtCkg06rQ7;280.0
30cE0bEsP3mR7ZSd6lPuOh;240.0
3w4nj84bPFsRM5BE1HRR3b;240.0
1Zysiqr6PAYAO8dG9TQVLd;240.0
3iLedh3Y9Cz87cQPhkCQHo;240.0
0FTsZJrlD7vuzyspf8grcL;300.0
0S9tEZeGT46PRebQT$O3ZT;280.0
33LWxCKTTEM8NpCK7WwoL8;300.0
3Fv5koBwLAygFm6xcDu0QK;240.0
14fUOeOMrE5Pk2uhBeBkF4;240.0
0CzuMUswj16BDpRSqBjgbY;300.0
2n2yzqcE14BgxqIiGeZIzH;220.0
3egQDlIKfDuQ7FMM_JmF69;300.0
26tg8IxRrDVATn_vMOjL0F;280.0
3wA4mdTJfBBR8Y3nbIUBHp;280.0
3cRODF1GHB19E8HMk8QxR3;300.0
3muc23UN59XxglsY_jq0zI;300.0
0cXjOvf9D7h9AReUyeCm0o;280.0
302bm0Op1FJPcl3irvXMtn;280.0
3768xWIKrEsORbOR6oaW11;240.0
3g1xz67Wn7s8cZYlKNWOK6;260.0
2_CHIZ9Sz4JvMMGns6xGK6;300.0
0b20MDGRz0dBytSJPcziue;280.0
2w4dkPJhv6fPdC8brL2GH4;240.0
0VRSfUhTb01gi55DxiJdpr;280.0
38tvwggYvECPvPJOU48LI4;260.0
2Lrfr1HHr1fP9ejUiwej4O;300.0
2G0S2i2v9F78zKrfCOliEr;240.0
1bHHg72ID7Nw2jiS_1vL6N;280.0
1GrQnZRTD3iQcKzyXyw8G_;280.0
1UV1Qqk7T0sfvOTTn6W6D0;300.0
01ASJaoXjByfX4RRcAfjky;300.0
2s$9FASlLBPPI8SY6v1TxB;280.0
3A20ga00n5KgzqHbWdmqPh;300.0
2w9_s1eWH9JQHmRKE0V7ko;240.0
38nZy2c1L1AA9HQll_UXB1;260.0
2oJhHRiSP1vfvt5OkZML5l;300.0
0xypNqlw18qfew5Zg$EArI;300.0
0GeTIwEmf4sfgBBwvlnsJr;280.0
1dKke7tEn3rRfQw6Y6JPRo;280.0
09LbriPiD91wCneSln99O3;300.0
0g$iZQJfP7WOh2uWxO5sqp;280.0
3s17D0QyP1GeObd27FKBOM;300.0
2eLlmQDsHCvfIbHJlk1jIR;300.0
3MRp4_3BL76PPKHgJZAzmk;280.0
3YVd04ghz8O94WSA5AMDxy;300.0
1zCmUaDrj4EQ4m_T83x2H7;300.0
0B6rP9UQf0Bg3bCfkkspID;280.0
34aIWoxVb4neTL_Dylicl8;280.0
0X3x4HWanEVwvXYqEtmDbj;220.0
3hEKL86erBt9mhztlERnl6;300.0
3azgV6$o1B4QkFYahDZr6r;240.0
2bfrEAwjn1TeJb8kWdcGYb;280.0
2oqKA8vg5AjvnKmY0gEXTS;280.0
0ljT5XI0b9BORwxmob$jIN;260.0
1Z8dM$hxb6Sv6ziA1peb7s;280.0
16bcCGmIL78h_23JU76W3y;280.0
33C60VPajE09BrJ2vtdhZG;300.0
3tI0wWH8vFGvc1AUbznlS4;280.0
0QFNW3bjr8YAQqLo9kYuwO;280.0
3xYajZd5v68BaMAg0HB9lU;280.0
2bdpJr01zDB8X$hL2$BlYf;300.0
2rI82NIS5BRBrXILcTtTqF;300.0
20CAaGAaHCuv4xe$5JvRR3;300.0
1LcgqypFj3pxE0tMQylM$n;300.0
22e6i7It58MQqCsP20n75o;280.0
0CmQXVHnj1AxDweVoDGM3c;280.0
0iMtUDQ0v9XPXztukQWy$t;300.0
1VNCwUUSbC4Q7ssGr0w1Cy;300.0
1L2C47feX8iO560YASOUnF;300.0
2W_Q3ewpv8tw5cLjJCOl_b;300.0
1m0$peU3v95w91waDbGcI0;300.0
2I9ejMs_j2zRKmXpe84ms8;280.0
1bZ$BXPCb5rxiCwJTZpbaD;220.0
0U6Etbc9D3$BkkQNMnoQJQ;300.0
3kiBncYLf0Y8cZx2jxLupm;260.0
0NQG3_44vBHuVkbuTIiWuZ;260.0
0kzZvw3QvFGBQw1LtTSccp;300.0
2Nn9o13OX7ABe5YciguplQ;300.0
2s9mSCHLLB6gTfpgtWq2iX;220.0
2WMKeimIzFhBMznBmCKb7U;280.0
2yZ3qEN4L9VxiN0hOBZV0n;300.0
2oce$IGcnBUw9BDBtbOuLu;280.0
19EywLTfD9XgbMJoZrVZ3R;300.0
3Cz1QCPXz57uCTmAk5QN2O;300.0
0oiY2ZwJf9yggHmAvPYjA5;300.0
1kwFLV8KL7YhaS_ZOms8Gw;240.0
0AJTV5Voj2WhVwagGDOZNx;300.0
3NqMy5g3P9mRFaDoQrKGqV;260.0
3Q4Ifjgrn778ifakj49Vgn;300.0
0HQNYIL9f6$ezxSiywxbHk;240.0
3one2HJKv3B9s4ycgYENuG;240.0
2vEo9Q3kHEdQJkFjBwECtV;240.0
3KvGtZCnjCVucVuX3dlMIl;240.0
3ek9zkAjbC4h1v3TwhE$8B;280.0
2KYHKb7RXBfxXYr3MknhwP;300.0
0cR4eQfJD7j9Pbr5QgnebM;300.0
291dlLscT3y9gmZJpMqUqB;260.0
1AjJuxi0L6cPzwv$lFHwm$;260.0
30DSZwowXAx94W3GjlhMId;280.0
1BnXuvHEL1Re5AjDoAyP1R;300.0
0YombiOXLEmv3dcHizTeuu;240.0
3RsFZOKDHFKuDQF9gEL7EL;300.0
0dmJCEfmDFMhi9KhuJ7F$0;240.0
1Z86T8ZBnCphDUB$EafuJQ;300.0
3YIzAe7Ef3tflpdmWVBZ6F;240.0
3OUn8vll5EVf5hhtPu84Ai;300.0
2j$rtArE59ewwz4fFfSybr;300.0
3zgOWwS8D2p8BSVnb9rDyP;300.0
3357zgzNHELw1OGm_7ZXlY;240.0
2IsBmGnKrCtvHY0WLZjmrr;300.0
3cRZSvHgH8ZOsT8BVuOe_j;300.0
0b9WvQusz3qhYx9ng6Zxsn;240.0
3WMN2fxTf4afyiLYTPqSgg;240.0
1qwnAEfofASuyAEmCGZyic;300.0
1aS55kxZX5CAPoMUtIPn2F;300.0
0twgOsEVrDPBSQEpkTJqZp;300.0
3Ju6XC5Dv34AetL$RPGne0;300.0
0UJUpTMpvFoxuyh1kI_QDV;300.0
2eJcCBQdPELg6cztBO2uQQ;300.0
2F9VHS2ZTFHvA9NFxWLLFA;300.0
2Be08Zvg52Og6$VxleuA71;300.0
2O_urSqMn4sxtmwwomD1AP;280.0
3T4sw62InAcxD6BDn38C8Q;300.0
0WjLl4lxnD2xxHXa05OzTZ;300.0
1VQAyDSGn4uBuglHOS6OW$;300.0
1eaHSDkL5B6wiTnfFjtyNm;300.0
2iM0PA5E5FyQhQI22cMRkN;300.0
20iuMgOMDEs9GDdWKrgqhO;300.0
2guM2_P7zA2g9XAsYrZo7w;300.0
1wCDYEqjzFBv9efABT1VuL;300.0
2ZggdJ59P8IwT2cdyhTcZv;300.0
36HO3rJbX7LADKONPu9iFN;300.0
1obDTX_krCTOcZnGLSOvsn;300.0
3uaSujaifBRQWEQs7bOyoG;280.0
22cJmgUrj508OmCQlORrG8;300.0
1oVAlWBur5PA9NyHmymPEf;300.0
2ToEO0Cm52rOAREXMuDY7q;300.0
1CQtrcCRb2h8Ejlqnnmj9Q;300.0
0$U1R1mGH9vxOyREJDN9TZ;300.0
0f1SyKbdT4PhECVBQ58XOf;300.0
003aUR$zT6Txw9ANOKhRyR;300.0
2SnUvj0kv8cwRckfd78P6g;300.0
0mzMU1vnzDFfRdsOtVx3nc;300.0
3ORIDGdaz129FegszbXxDw;300.0
35GWMLPNPCxRGI1OtrXxCR;300.0
02K3FkWr58DBuBDZXVU12p;300.0
3$5UYXT2r479jhTeH4kjVo;280.0
2Cve9UxxD2YvLjA8y6be2O;280.0
1SE_z6eFPEK9C4aw$WpkIH;280.0
1$axYrRVnElxui70uZJcD4;280.0
25jnVR3HTAExh7VFKXTz8V;300.0
2hfhXn5y9EAAN8RVPP9PVz;240.0
1XbfiiB517wOwInKYYpFtX;280.0
0z6gSryb9B0QNy7B9aTTpS;280.0
3KbstM0G10PwaMxCculqy6;300.0
3_8CD0$OLFlguV16FcuMap;300.0
1$DV80MlX3$wfEjvbyoiHF;280.0
1qdIhK7$f2ZfePu3DEZKG8;300.0
2_ug5JsCz4SvMDRgoRnmqt;300.0
37oUDQV0H9$w9S_2gkxNxI;280.0
0U7u5dMuzFgvh$z43fBgGw;220.0
3YroeYYGr07eAByeIuLORf;300.0
06XBAaJ_5CLOzwf$5NLgL9;300.0
1HwENRAQzAMO864VkrcYh5;300.0
2g_T4WJnvAsQYW5IZTQ6tS;240.0
3GkI0cu493CAVTY2Bq2Aau;300.0
03$Py5S2fCWvzje2PiUYVw;300.0
1D0rU9k3L0vR6GhOOB6i2q;300.0
2PWaRBopnEWAsWluIL1_4c;240.0
1Lj2ME8Bf9j8aU8h$QIg$T;300.0
2BDd149CnCCvPsOF7RNk0V;240.0
3zawBzsBr31eVVpytB9LaW;240.0
2A5mu4K3P6pvWXpE3dWeIA;300.0
1yTZnNKPv28xs2TPd0Ksx2;260.0
2_6N40cN9CuBgQgpfxAaL0;240.0
0tsTLExbb4JhP_foxF_zS5;220.0
14N_iv_Wz71P2$b9n2YDbV;220.0
1p7ZaEZ_LFx8zmyGmhmlm6;280.0
20_E2RycD17e2WaATH090m;280.0
0pPLkqDJ5E8AA0TZ_rw9zI;280.0
1VI5lYyc544QbxaKbpQ7du;300.0
1gvU0wworDxBbEBfw5hW9F;240.0
2d5hQh9wz8YgJcBOVSgoH_;300.0
087NNoiRrEOvUQJ6T4AMHr;300.0
3AKNx4ZZr47R$CxCXT21Pl;280.0
1k_IJLmRj1TOkekw44rzMT;300.0
1SNTceoaHEJwDqMIjrRXlx;240.0
3HDXk_LeL1l9ow4ktg7fBb;280.0
22Dno7ke53cRVhS8uYToTW;280.0
1f20l7FZv3w9F7KPzZQgle;280.0
3LlkzRDU1DKAYqVQsH0RE7;300.0
1wofEneIzBvwBsVizZvCt1;280.0
3QcbZy2hXCIx7Up6zA8d5S;280.0
35GWxpzIT4jhvjRSHqCYqS;280.0
07aSF9O19CS9YjuKrXcR2t;280.0
2c$Q9Zeh15ZPcIaJWdlJ8p;280.0
1GWRw$Jp90JgBgIOpbeNjb;300.0
1$mQgfN0v9Iu6P_e2aR09R;280.0
0Sjt$W4lH1LfdKgNhLTgFL;240.0
0mNip3NaP6M9T9f0Lr03Tq;300.0
2TkZ1gkMb2GgHZJ5wMT0kR;280.0
2Yhbtd2yv5hRE3JeeGKUp8;280.0
0FCKkwPEL0Vx8pdnaXCmGy;300.0
0lb8Nv771A5wwbzI92KteO;300.0
12pGYYqI59OBAQRNmAbFgf;280.0
3hxKY1BXfENvxZ_LR6s5E6;300.0
1h6Si84pT4YhxRXVf1li7e;280.0
0CnF1oUqH64f1Z$8WHdynL;280.0
2Ivu$D0Xz91xoPhaHBLRzA;280.0
1gsUZTo9D5mxXJqkiBEnvT;300.0
0qW0ksjOTDJwSESlNZNcmc;300.0
2ccjRqWhXFUQ0lwE55sfl7;300.0
1Xg9Zq3Kz1$RjDdz_yvnoB;300.0
22M4ZPOxrBpPHPg$VbA6tW;300.0
1R7V65evfABgPcLNRYl4$7;280.0
2Fio1z7n94iORwnfMNORDN;300.0
3QZC9$5yj5LRxHZkqfNSB4;280.0
3pahifk6PA39YdP__txUeb;300.0
3k$Vj587H15PNQKFBKgOcl;300.0
2NZUhVdab1aPPLOXtu8MAv;300.0
0Aqeyiz054OxpzhhpGBoFY;280.0
2Y1iPcns1C7Pxqb$WybRZ3;300.0
2_bBp8nzPBMPyFqut_ZG7$;300.0
263qobPGz8ax3VMW4HACVS;300.0
1Z3eStTdDAqfvsE36zgDjC;300.0
2jjZhCQ5zB78XAwDkNnFqJ;300.0
0T5VKdmvH2c91bxJUNWqXd;300.0
1BGvFSknf9kvGnIYZfk6hd;300.0
07sPWOQ1fCsefFTv4D245u;300.0
1o5G$7h5L3LQht0Br4W3X5;300.0
1b9xPrym92ieVa5rdL34ym;280.0
248kNo5Zf2DPB46oQJBQMK;280.0
3K_lH3tt5739Kaz2x5seLM;280.0
10WRHEFhb1JRDeiU_XGgvG;280.0
0AeWzmY2n8Gg6w$WIcqy6x;240.0
0HjS_zHGvAG8HIEzpR9ILP;240.0
0KqlOqsPP89Bznr9A7dn6Y;260.0
3oj2Otcaf4Yvw0S51ezyG_;280.0
1DFS36cBH69Bvl9P7Uqtv9;280.0
1$FoOY_OH0_xagZMJbw1MT;280.0
2hyTnIZ1nE8P7fdAlgQt2t;280.0
1_XmUFf8P6RRpLTZI2jh8o;280.0
0cka6Hey976xEU_PlnoDPH;300.0
2WkFENOlz5gAM19UFEPzrR;280.0
1AusuJ_d56Tw4iRibeFjqp;300.0
2IoKQitQ9Cavx9u8mRukxf;240.0
3INedVi3b1bBeB2$vNDbg7;280.0
3kiild6rf7wRERq8WE9xC_;240.0
3PHbgr0fr009pu1eTzEwc6;300.0
3cmA7jQ$j1ufDB3TZMgds3;280.0
1F9pldd6T25wr_uxlfIJro;300.0
1lYTZ3KyP50hzvnk0D3_Xr;280.0
01Dp7SOCvF$BoeOwDFQdgJ;280.0
0ZGstyCp95N9zzd4JDoBUl;280.0
2MwTP3elzDmxJuiEnROzzN;280.0
32njGsjTz5LQtLl9jzPUJm;280.0
0UjrfrwLn2mg9lBwrjDVpE;280.0
1ybC2muRv29B7VJaOgXBO$;280.0
3E5Vdlhnv0zuWtB5151al9;280.0
0xo4dYtvn7UBTYHiaNk$Yj;280.0
3omAIxZhv2hvJrk48hyPqP;280.0
3Lls6P0oD93uLe4DnxYwJq;220.0
11p4xUxIr8BxE_JyatLq6y;280.0
3zN5R1zKf3fv4sbKvcp9CX;300.0
1f34HTjQT2PheoAkt3$808;300.0
3_cvXaH0X7AuKZvymYCDw4;300.0
1OAhmUjr5EM9FHthYJ3GF4;240.0
1oy0cLSFPAYQOxZdTYmvIy;280.0
1dvf2F2aXETQNtvtHYCXlE;280.0
22urEIR7vF78VvgOrUQdVQ;300.0
2L3PpOXRn1BgUqrdBB7kgx;300.0
026hQjN$vBxBb7jsQ$pOrJ;280.0
0IjaK108XFdQc_ACShBmLe;300.0
3L2hUxo_D3Vh3fRadtaQtC;300.0
3QyzLo9vTA79xDLfOrw8AY;280.0
29iBAKA9X9uxsPqd6dkvUw;300.0
2WGhK4v3X8jwy6YJLi$y8b;280.0
21Y4yJyLLFMvzfmhoRkvPQ;280.0
3trJTg22b9QejLjEGXdF5v;300.0
2BYMGHyar0_xB4a_tfOYwE;300.0
2HPyi5e2n5vP5ZUeVYuL7w;300.0
1kn_IiD2b4KBs4fi2ICSCW;300.0
0RP_wV1BnCwhXtGx$lcLQX;300.0
0ZC5BB5DL0ZeS_aNXlVwdu;260.0
3yIaDdkwf4ExU3agsmzx1V;300.0
32BNpBIYT56BVwpiLaUfPk;300.0
2Q$nAUMO90S8R_nC0CA7GT;240.0
14N3xTxKT1PxxIo9qtqHsz;240.0
2F0fppDU18k9A7szPTM_AY;300.0
38pO4_zsvBwx0Ja_53iK57;280.0
0hPJLYN5rC1AtpGSUg9Bkb;280.0
1nDzcEN$nA5Q0_ir2hHEWw;240.0
3Tycgk7G9A8vHiWpQDe_7C;280.0
0sGUDmRuf0eQfC85hw5Zmp;220.0
2z72xy8xfCnwcNguqkXrJW;300.0
2KpFSZNGX2XP57YDfkwd82;300.0
0JJnID6uTFFuKr$1CTIlsg;300.0
1YYT4p7OT10gEAUyPye1iX;280.0
0eADmsMr19SOCjqy3KtJHq;300.0
2NawgHS6r7sgPNO$XdDX$g;300.0
0qb39sXWHBxgSxjoSuDPoX;300.0
18ZUgL1Jr9ufvrH2RzrM6H;300.0
1JFHbhXZvFoBs6DhKqpvvo;300.0
1$TquBK$97ghRKkx_MpjQz;240.0
2dFPnD4M91iRxoGvJirFC5;300.0
16cjlCD5163hPGTP2diNbd;300.0
2qF$eA4uP7zvNOvemi3JqI;280.0
1wO1PgFwf7sRW0b23tZeT7;300.0
0Ay7DTzI5AWRe22S96bieX;280.0
1FCgSB_450LuQBML4huMlv;220.0
2tuko5tTT3A97Hbcm5ZCBr;300.0
1rt2OVzZ58aRLJ7d7_VByw;300.0
0qMaR40MD4EvyGMYMfY3_j;240.0
2XVnDgaq95XRSW0zimXOL3;300.0
1ytdXETJrFYAcq3FtQs9g2;300.0
0TkI361nr0kRKafBFMJ7WQ;300.0
10vWVxjUHEAx52TFc7_IaN;300.0
3RVR1pLSD9yf3ArRnzsTBp;300.0
3rMUymCrX8S9edGM9rghdh;300.0
3uFjefwdP3zPPtSpgDTF3I;300.0
2RzNnRubr5gQ5uEplT5omY;300.0
0E_MA7WMX5SBRHliDFsOJu;300.0
2cmIAdjhD2FR5gaJKw4OiI;300.0
1Q0uXviQv4SxoX_jkMmIbg;300.0
2ABN25C7fFP9tyMDJh4o6q;280.0
1l$xS4N9L3oQ4hL6zH3oPf;300.0
2aQt9uGo99Yx2$eVIX$3A_;300.0
3f_k5MOA56tulOj94bHZ12;280.0
0AeU32zCX00wYH$bTZl1Q6;280.0
0OHHi1NBH7Sxz3R2n87xwS;240.0
126YIOWVL5be0jlWnBfuvU;280.0
28G9Tq2wbCKe$K2Jrumogh;280.0
0zQMcr1fLDUgsQvzMyRlxy;240.0
27bkdbWJv72fOhQ_BEGMKw;300.0
0ASnj3NxP0ox91RR2sA4UN;280.0
1OPDeHRh1099r6kyPPOxk3;280.0
15Sz0DGsf7kfOFwv0nw9R0;280.0
31YUnbvmrAGfMkW4gK3n6O;280.0
05vSiH2H12iA7ZnD41_rvQ;240.0
0UFX6hYYLAZvyQDmHACth_;280.0
3zz0t91eb9Hf3atw_er74d;240.0
0tTxG0cvLBS8KzGr9uZgqp;300.0
37rqTwhmP6puvZfXjZnYFn;240.0
1WgYytjqn4GhnWYtYxmErc;240.0
0didG2APn80PXz4V9yeEye;220.0
0RM5AsjvzDoO38xFghz97B;220.0
0uKvIj_kH5hwna6fMTNJ$G;300.0
0U$zpsBkPAnAgT7gox6u3Q;280.0
0yU3Eovh95yQ0ZsvqXAwYb;240.0
01CggaIaT7tRDnCI3I94MF;240.0
37ksW4_jL3WxpeORuPCcZe;240.0
3kjzvCRsf67eRvol_bv4j3;240.0
2MRWzmTs53av7kwf78CZO6;240.0
0evpXL9Yz3A9J21YUmzeBm;280.0
2hgo8nISnANgbCth82X8ZL;220.0
3WbfqfEiH7Kwur5rEV79ec;220.0
14I9uSIy13MOm9j278X2OJ;220.0
0KY69vZ9v91Bhwhuq$b3wE;220.0
1gYBiWd753neK2y2Q$p1Hu;220.0
1o8ExP4R594wkLJxQCOaeK;300.0
2rF2ppyDDA_vs3NXqhTUXz;280.0
2t5lzMHC5BYf0$F6OBPudq;240.0
0pCcur1hv15wls_jqSUjZR;240.0
1NduQMNe1Fi8UzVc1r8jsA;300.0
3OwFT1TfnEEOgYbIIwSGmV;300.0
3K3zHenlD06f8g6nlOZbDG;220.0
3TfPnAzR5BAeNG79YRQVwN;300.0
1kLm0WT5z2PBPOSvh$A5BB;300.0
09S2XbGXn0bg0LlARLH_Xy;280.0
2HsTARexrBkBngb8WW_KIM;240.0
1HAv0hI5z9f9UDqa00$9iO;280.0
1Df_R1QNnEZv1iPYkTBYde;300.0
1vuPguUA9EwupwDj2bayt6;280.0
0n4hmN_n5EVxTIOfxfRznU;300.0
2wEJsvjpj5EvJG9I128mPw;240.0
0cDC8wg7f5ngVsXWhAN1QC;240.0
1NLUlvSCj6QgTMycCAckZ6;280.0
11p4O2PQP3uxIc1_V64MkD;300.0
2tqJTpls59Wf2Q9QaTiuE1;240.0
0j$mN2Myf8ngiC93HF0LwW;300.0
3Q_j1q33X8mgQYwkU1YfRy;240.0
1EEe_cXmj3j9Byf0O73Nf_;280.0
3BwvJRPm507QDUyQfVpYsH;300.0
2ONCsIsN9EfB266AhomQc2;240.0
1Ja9_9E9fE0u3_NQm3gzTz;240.0
3IoKPvuHL9rwScXpSrWqAs;300.0
2OlLfZWz94OuAoOYsU_Mf6;220.0
0NnIUbiT17QxoAmejZGYem;300.0
1cR3tMHHP89QPsjnGSRKG0;280.0
3tW6OMxpzDLuOSnb35FjuG;220.0
0CS1r0SbX6JO1HzBg81XAQ;280.0
0R$tCLLdv4wQuPwpV10iCQ;280.0
25V0gbWmn0TBxea1JGwmZE;300.0
1v$UroLpH2Keef_HgESNYs;300.0
0g_t0sdcn0dPlZhE4l9UKM;300.0
0_GfORqX5Bo9kURB_G4y3D;280.0
33SaBEBjrAHfKBgKP_XB4a;280.0
0dGvAIAJv9gAOge9c5nlOg;280.0
0TWYKNPPL10R4d1gGs$yET;280.0
29jFBRPJ59tvKWIxLMsYhy;280.0
2WNkQ7JPH3LOPNtC3f5CXb;280.0
1nzsiswLr2hhmHNodvLOj0;280.0
3skxEiGaX1EwyA4VAXCwjR;240.0
2YR4fWPM1FThgHnEpO2d5y;240.0
2$bVoNXAfA8Rgtwr4$VlLo;280.0
31eDXMbWj4ewE7nghiKkqR;300.0
3VSsqzQ7HD8ORzypDc3bvi;240.0
1JFUq7r8v6geZ5aT929sj2;280.0
0s$ylCgK52Wh6KE2VTKApx;280.0
0Uwjx$BfPFXhNCrXKZ3x5H;300.0
2Z9ky$a$HDkwQTcQlAS8OS;240.0
0R$RKa$C97$gf66DNwuQbz;240.0
1HgYmVyYvAiODekvHhemi0;240.0
1AX1_G3tf60BKa0rXx$lSP;300.0
0VToVTGHLACAkdTHGQbWvi;280.0
2dB2OV6UP8HAYbO9hShGyf;240.0
3$jEZCxiz7fuTg49eRJb6q;240.0
0wDvInKgvFzu$qZpDm9kky;240.0
2x9ajJjoP2tPIUcnK0IbX8;240.0
0paHPGa5nCXerMyGCnqtMO;300.0
0fbMFG0gT2yuzi6JrZ$VIE;300.0
0Vv_BB0nfCuvNWX1xAB5vI;280.0
23ZB3taTDEuRlyJBQ1elnB;300.0
0jJqsYpx59SxCbNQGBFS2g;280.0
3Je43pIYH80vhrbeMjmp8q;300.0
1Nh3Jcrw96ugx3hoLU4CDH;280.0
3KskVlGxnFy9aeKwO_wpeX;300.0
3QwTwpKuP9_eVUa_ZL$WEu;300.0
3GiAaR9gbBgeaXd0OGC6$k;300.0
14EMiFs3TFmPFZKZVXIPg$;280.0
37xDHXZDLEnfyJ_SJTbdqu;300.0
3j9VShYcL0FQuiNr5a_kTz;300.0
0RMJ2OXvP0dOU5INoll7J3;300.0
1dJmUfLhf72BDrYyOqqVtP;240.0
2YBPrw1Cr04Rbvs80jnMYp;300.0
1B1uywk8HCKwR5ZyPXmEHx;300.0
3vMCaltDvE4xJMqYH0wsZ3;240.0
0ZQFauorPCNBX$lyC9AMdH;240.0
2z4PFYG1z96fCFGpR1R0OK;300.0
3CKfcfGPD6XPwZWNa_5YQM;300.0
3vUQqJdJXCIhaotNS45nd0;260.0
05g1ugqPv6MQnHQzEF3M73;300.0
0iBPZO0KTBZvf0DB6mG_jm;240.0
1QU9lal4D4NP9U6WPCkool;240.0
3C8MgQyDjCR9mWdCa5e4bB;240.0
2$7HIm5Uf0XQBoQfdXfAbQ;240.0
2MWHubYhv338hgItNs71Yb;240.0
1N4H5Ianb9yxv0hizlLSJu;240.0
1Fu6ORFP14$wL5pTZV2Vnu;220.0
11ThmFimnBg9jT63_eaQ0G;300.0
01NuRPbzL0WAJNu_bV0Fhw;240.0
0Fa4cwYpr3UBGAIRUQqlDl;240.0
3Ri0y03uLBZw4o20NTeuso;280.0
1bsR9aIUjAVw2Ju4A1Zx$d;280.0
14qyFyUvbFav$KY2N0PY2j;240.0
0Hgxh$ql57BhI7HlncwG7f;280.0
2cnIZJOi53svOsr84TkNf7;300.0
2dOktUU8P6pe1yFI_OFleg;260.0
3W9QNljoD8nAU6IyNs_fAk;300.0
0l_V0L5yPBMu3LvmgQQEew;300.0
2TDVlsWZT6B87pv_fjElv3;300.0
1epG2cKWX05vUzDdxLC9ET;300.0
3Tv1BE3597uxJ67ib19mZm;300.0
3n_y$19FfEeuFJ1ODq1$xN;300.0
1YKxLMxaj1ighIx47oS4U2;300.0
3elhpVs2v0lPnNahfZWQng;280.0
0mX720NE1CShxgD5PE8U8O;240.0
2Y_jzrGgPAuwCs5tuxPjlq;300.0
2qbudu9eb1OwrtUndE0M7Y;300.0
3emNj_niv7NxzKWQlsp6N9;300.0
3dZs3alvHFhPlJDy_Se1Tm;300.0
2KkbwuRRvEwPR6CUrNU4UK;260.0
3r2vmCkyDD8Q1d5iWQJA0K;280.0
3AktZ5rX59A9p_VcRFiwpo;260.0
1aZC6njGfAivhszfxWbIfi;260.0
1oJi2Z8nXBXPJFqEj0G$nA;260.0
0VSybZqDLCyeg0FV052Sac;300.0
1vgqwSTqfCIAUMddKa9sJu;300.0
1$JmcIcQH04hKHlerAD6e0;220.0
26tnJ8dHbBMuGuJ5w8_n4H;240.0
0fWsRiR8z0lvlFn8CR8RkV;300.0
1UsPGOgH1Ek8h999VGV8fK;280.0
3AlQns0ez5ifaMninAyz_1;240.0
1NZHb21RD4zRFpd$Ffu8cQ;240.0
3TmhoW5jD9owAEFhZxElE2;240.0
2owCR$aljDXAVn5cPPi1wZ;280.0
3vf3DkJ4nAvx1y4cI3jXEd;280.0
3BuoprZFLDhPUR4d0_mD_C;280.0
1SHiuV_pH7_fSRRTj5kLVe;260.0
0$dCjPnvP9dvsX_xxYzjIm;260.0
2AxEMB9$rA9Q22Ksx33Wvq;300.0
2WZhUYncb55uVyiUlUMPtf;280.0
3p2Dt5pUrBLwPjulLLtVzm;280.0
1nAr5abgTEABD8_izftbvy;300.0
0TCryYld58khwaTVWUIy58;280.0
1JhnfjwXbEXf_PRZy6$9vZ;280.0
3uxlTbbuH1a9RZqVa0zo9K;280.0
0HylFgPer8WOjNKD5q7_HD;260.0
320v5EJZbBtPLRh$$Mrkkc;300.0
390vAX05r1QftQwrlNMeD0;240.0
2fn1FhB2z4IAZDn81uW652;280.0
2Pv_k1ugTAjBo3gSQe4Kzn;280.0
3uTdVfa4DAk9tsA8beTHIz;280.0
2l3m8BLHvEog_vu9u5OkzP;300.0
1TAu7wOfHDPxO2lTNonDIe;300.0
0eXeQ1F1XBWwLc5pE3sqn4;280.0
1mahQS5ELEWxF08zwe06bc;300.0
2_PqarfEz23fvorHkVrmZD;300.0
2U$QtUwrjC2hQlrpI57lsX;300.0
3qVhdtSwn2BwNvetzgpfqO;240.0
3OO_RnPg51fgayN6owEmRl;280.0
1vyT6oJpX2XhkYM0qhDnKY;300.0
0dUBH$k3T5DAdtFUtqRFho;280.0
2zFdbGXgX9$uicurjPQ46n;260.0
3qinORhSD9c8LlmrhjE75k;280.0
1qilW9M2f7nezoqJG7mnRD;280.0
0m4eJfEQ9AUwQ0Med9PL9s;260.0
0m2xaMAEj4IeRn1NVZ_dfR;300.0
2MNLQ8lyb69xrkUuwbiAH$;240.0
0ZRw9pBWX0oQTW44$3jsKt;280.0
1K2bG3iYL9_AsRVMBBvStI;280.0
2xEyRheo5EZe3c43BTX4uh;300.0
11LmK5b4vAfBWS9alVUUnr;280.0
3deGFgi9v14v7d9EUNclSX;280.0
2I3OPyqkPBixdPhs6AodPS;240.0
0eslxflLr9Ze15Q90oz$ud;240.0
29X$7$8QPA$P40L9KnrjM5;280.0
1MYk2Cwnf17fej9OloKqmD;280.0
3dbFRP2KD14weVs1NSQgu5;280.0
3rcE0HPrfDgRd71JOJ3Hpv;300.0
3FBCzcGnXC4gGyASpOptdT;240.0
3RdkApU0X5FBXO1QUNAlrJ;240.0
0zGh5UMfTBiv_72mqgGvm0;240.0
1ZjZwSaP9FcRuhIHFc9yId;300.0
0RadgKPqH9pB4m58JVPHjQ;260.0
0StZ5$0MvFb9bCkxgRVwm9;300.0
0N6x_snZDESRtSa2IpuV0c;260.0
0JKhfsBhn8VPLHf1DJbhl9;260.0
2cbobN_nr01fxLR3ZxRLF2;300.0
3Vhgqyn4v9o8V1LFyFCvaN;260.0
1K9dXWbgDDcvgZ5nyXEeM1;240.0
3vi3sLx_r0I80eSneRYNFb;240.0
1ZPJzOm$bFwBY56m2Rw48E;240.0
3m5ocfzVf0rv_yJr84YpdB;240.0
2k1dUvvof9rQL5xV3MuqyH;240.0
2Okk2$ew98IRF3UiM9ZXpB;300.0
3WOXb5U1j73BZN7gXirzRb;300.0
261BvcI3j4NhGRL9963kHo;240.0
2s$OcYQcP7HxaJgbYul3OX;240.0
26rqwbP$9BFf8GlSQ2OUTT;240.0
3YdxJ$sWb7Nedmhp5v1v$x;240.0
2jfT4i8zv9RAL8g8NW8SC2;240.0
2h0LCQISj31xtSZq5kxm8z;240.0
3Bq3mWDGHERhewfkEAHrzw;300.0
2YKfIeqUnC6uPjLloj7O7c;240.0
3ruZCOnLv9C8GHiPEmEwZ$;240.0
2Ktt$x7sf14Bd5vaUZHlKa;240.0
2s4sx35tXFdwVSzUIesVEn;300.0
1RpfP4omLDdBdWHxnayCyR;300.0
1lKTHyr$TFBOj6zSwuta_U;240.0
1GZrauYK90bQpvRviXhQET;240.0
0azKh3inj1I8MKpnYvQtuh;300.0
3_pvU5PbvDXBc_EZqGaWiO;300.0
3Mt4l2rz92eeE3fkT8W_bF;240.0
20V2mNZ2DDNweoUeWrAtqi;300.0
2$ucqkTEf8HP7m6bpOdn1p;300.0
2dQKHAsZb3zuhvDITOkDwy;240.0
26YhwKniX4vB_XnjEtTf39;300.0
1V0C0yygP9CRyIS_oD7tpq;240.0
3ejoW50dLEh9pwCbydyxjk;240.0
0381VCLhz4NxBekkyM6Z6m;240.0
1KoEHsxsX1A8iRwqXJZCgV;280.0
3lylC0ycH4DBnEwKl2gefj;300.0
1hVl9inRL5MwX7LjrshbHH;240.0
277CERZOfF$vNechH9sPxt;300.0
2xw40XegL6rxcsKL4$sag4;260.0
0Ii0oax$9Dneq80QbBYeJo;300.0
2RhV$bpyXBkBr2Q$Eh0MmN;300.0
3o0XlQsbL2FeD3x8Cj9IRa;240.0
1MLr8_K6vCx8xlDQyScMxR;300.0
2DATUFmen8xgB9CLtY891K;300.0
0qTdcjU9HAyAPk7Z3_Ts01;240.0
1YGgSfCInAEu8zZ2MU_B8t;260.0
18Vg_ilOXC1uNcxdBZz2ex;300.0
3$wSGIA5TDFRZR93WGMbSe;220.0
23aB4iAhr7$hrX$9gtglVv;240.0
0wreuZ5R5C9eH5xxb4AksT;300.0
3vb4d6lvP0QRPFWI46X0fu;300.0
3zk87K7nbFBhf2Y52Gm$cr;240.0
3fgBF9sb1AWONy6vuq9Ulk;280.0
26StA5C8jAGOXvhVn_zoOM;300.0
3rcuvg0EjEjg3mtf9Pz_$P;300.0
0zT_Q6jsD6eAcJ6R0AZTSp;280.0
2mUpnpwZD5ABme7DFcEZMC;280.0
1LOCVMuTj1B82kyb_tgsUq;260.0
09Zf3XNIz3ee2Yf$P3xRCR;300.0
2kD1tFBl576xKOD87o5yGe;300.0
17BHzgFrD6hgGkAnOrVTgO;260.0
1C_i2VLL96FungTpoF2w$M;300.0
3ZlNMU6BbCz9MrQeRisO2t;300.0
0zrFLPM$z3P9wt6N2JwSDF;300.0
0AtyaQLDD35Bd25PaduV6A;300.0
0lYBSSs611M9fkVxZ6uAs5;300.0
1b7LjpBhj6oe3EOG8w4QUa;300.0
1qa6K72AT19Q26sGM3VYhR;300.0
1Kbw4o4Kb2qh914XF9yU5N;300.0
27SXUgBEH4jehrS1JdGEoQ;300.0
3VM8hhA$9FKAjRN8EJ0EdO;300.0
1pHJLzRa552xje1jxOgYR9;300.0
3gw3mLjL18tQfjJWjr3l6C;300.0
1kna2INoT2$wE3BJxsIDAK;300.0
1wtKSiv2H8K8rx8E3puXyJ;300.0
1nCEIWOSP3Af5t1Ja7lds_;240.0
2WjBsQ$793ygLJ5TLl8VQK;240.0
0lx3XR9AT9Uw_IWi7$PSub;300.0
0vKVkMYDH8qQYdRtby7$qI;240.0
1tQi4Reej3vgoJbeqJdxyx;280.0
1Fnyvhi8D0teHB45MtO3Lz;300.0
0JVuRhhbP1AOTvcoUjo3iZ;240.0
0J5t$ZacH0wAuFdigdZBcZ;220.0
19DMmIiiP66uDR2DcB7OUS;300.0
2gcsmlEYb6UxnKTEpdtXQ3;300.0
3YXJ6gw8nBqvxo334GCYc$;300.0
3Rw_sYJ1b58R5x3CVgwHWi;280.0
2daI7bq2H88RzxhtDRA1vG;240.0
3N5zuLXVjCl9bQG5y4jYvJ;300.0
316iim4sD8yBX9a9rlgCaf;300.0
1GWWblcITDox8ioZnQkpbE;240.0
1jXOCgQvn118wTKyE8LjA8;300.0
00Pl2eE_j0nBHes35wBvnI;280.0
0tXIgm5bn5dfAMC3tGkpsh;280.0
2zjLqrhUbBg8TgKn3miSkF;280.0
2bS9x3kK1CmQ5gl96rehDl;280.0
0j9_u2B356fPniyqWAfCTG;280.0
22A4Rjwh1FDOW4JccCpmQZ;280.0
2sBEkLW$5AK9pfEvPKicok;280.0
1S0zr1qmDC1B6pX0Q4458u;280.0
18ppPydtb7oQnm8wLqJIKu;280.0
1mUPtOCNPAmwHn5NGLjoTp;280.0
3bIHCPFzn4gRl48jpbXltq;280.0
10ovGAUlX0$ujCmTaHQq12;280.0
0AulRHmor6UxUIUPbFVzz7;240.0
1bhRRXR5H3SegsCWWT36bp;280.0
0lQX7Uhtz96vml23rYmn0$;240.0
26i7Lm5PDECfea9KsglWHx;280.0
0$QG1Svin9vAI$AWR$MuJx;240.0
029P3ZDRrEQuIvelH9USH8;280.0
2PA5vM$0PCsPfYCckqVGpO;280.0
2KDmibNUvCpgbLdC4j6wrU;280.0
0qjnp$1PzD3P7xqIUw2jmI;280.0
00Ti39zE15xvX505YgVa4N;280.0
26u2hIAsT4JhumqJDLrTkX;280.0
0umDCqsxH39RZSm$mKKw5w;240.0
3rkJWzgqLBKOjN5376qlyc;280.0
12g4R1F5vC1ubQpqGhBmq5;280.0
1MzgGRPPXFlx$fIncp$P24;280.0
2ITEvBccT8ORQewNDltqk1;280.0
0EsS4cb4v6vBFWkZrBC$xz;300.0
0mv43Gc6j8mvjS$nQo2xfO;300.0
1GqsNB6ebEHe909RBgZLrV;300.0
2BXpJ$e4r9FuNTwdBn$x5T;300.0
354nGFOlr29f$k6DY8FcTC;300.0
0978g$S6H2HQ3UkDBNoVfk;300.0
1RnrXukt50t9tIp8trqmMm;240.0
0aj_JtJvHCc8dfL5zuVyYy;240.0
3LX6jRAJ5AjwePt5vGbQP3;240.0
3gDXVesFT3ZxLlwEWS9egf;240.0
0Nb0uEVNXCluCY0wk8t3au;300.0
0zJloMT_fAffg9ylOz7aEe;240.0
3ALnB$THX8O9o9q1hfRQ1_;300.0
2gNaz4xMLAev1d64_1ArWp;300.0
0hnSfscEPCNOwtYy$0DymZ;280.0
2oEgPW6kH6ZfRC$RYxgDho;280.0
05oTJu$Z11nvVFYXFdNjK3;280.0
0WNf8fy2v2lhyQ9bFBZJED;280.0
1QY9uAlerCVxN7bEDMB6vo;280.0
1P3RfYWT9Adf7HsNiI$pPg;220.0
1wmaXXigL7yvDCq37KF7tI;300.0
1nfpRaBYj8Yvof4rpzsnHM;300.0
1nWNqBPHj08BGi0EzyenVA;280.0
1CmwXJrtzEsu$dG92_YLhE;280.0
1uxpX6891B8v6ZRcvPHAcK;280.0
38JU6kaufDyekGwLIf5$9Z;300.0
20XOtKcAnAMRHAlHQj8gBL;240.0
16rcHBaKfFtBZi4Xcv9TJ5;280.0
34hCu7hhb2Zee5hvFI7p15;280.0
0V15JXearAd88b0qdhuGDJ;240.0
39yOL23h57ZRDrJ$keCE__;300.0
3LsnyPZsH2yvhZdiZq7RnL;240.0
06gaUmPTjFbxjRw6JHqbBp;240.0
3CZbs24b97Ygm0eukRUQxG;280.0
1X_odsTTb84uLTtUjpY3Dk;280.0
1i_mSvqB9BT9tXS8ixIb3l;280.0
2k9iv1QA51BxOkB$71RtMG;300.0
33WxnBUW9C9enpmCyIv4oJ;280.0
1Hp3nJYDj7t81XAICDho6i;260.0
0jG9Kc5hH23hgsCaHNUhs4;240.0
3j57P7cvHA_wuYa2Lloq0T;280.0
1dCrIc29fB$gRRDUgOWn5O;280.0
3QgbK0XrT1QB3sAYpBvHl0;300.0
1lyAyiqpf0G9yU$IJiiFFm;280.0
284L822ZvFWvZ3CEGHhcR2;300.0
2uOG8abgP31OdBcanGPIa0;280.0
3qfyV4URHCYQYRT91AF4td;280.0
1bdOy_niH6TQDJ5CP0PXgK;280.0
05Awa55E9DhQgd9zPAMaZ1;280.0
3RSg3lCRf96wfXMitNPDCe;280.0
0b0GhDXrH2yRlvYiFJMqV_;280.0
0K4KLiUmLDfOBhnY53Mt7Z;280.0
1JLmf7b250YRMMlCTP6LiX;300.0
3NeiIBsxbDPQTN4i3k7jP1;300.0
3A_C3TczP3tfey2gumf0gP;280.0
0tPFJ5xUjCtfA5e76$qiuC;280.0
0ZeXmojFb31wHAm5Zkbymk;280.0
14H$QrsAH77x7BAjzWGyLU;280.0
3KT5sehH58l9z$w98RpLXF;280.0
0zrgjsr4T0Rh75tZhThQRT;280.0
3EX5e4vq91gAXj1XSsFMxO;300.0
16ZOB$kNv9quScSEHpkHtU;300.0
2Pf63D5Y97KvUbY5jGlY8S;300.0
19PmTirYbEUfmtdg2ezrMe;280.0
1UnjUty_v9MPnEFLx$EVE6;280.0
0dsh2Yu9z5Ph817ehtc9d2;300.0
3gwNS4UfvFnheoyT_y0_1m;280.0
0w2_GWblfEtgrGRKoC9WzH;280.0
0$mAx0uUn3iuO0QefZ6OTl;280.0
0Ck7ZnWxn5PxGlvIL1gxC6;300.0
2IS5pGcD977Qj2wQJ9lnL1;300.0
0_i3Uv0Bb8XQItRZ5j4ibc;280.0
2qVqbmEbHDyAwcsjvcM0MR;280.0
3k0g5WrwL91h56YB7N8Dr$;280.0
1K2HsDR8r78P5nhZ2YZMmi;280.0
16pVm0MK98TfIk3X5JywmL;280.0
3rAE_QrfLAEx_D5dEd9SzU;300.0
31gLnxgjT6XenlFBGmTOGV;280.0
2YcrgMtgHDAxdUq9pC7uTB;280.0
15clJLsdzFFx6R_eINyobS;240.0
1Kn4aGWrTDg9r3dH9Oowsf;300.0
2FZzSd$dn2ux62Jg10A0A2;280.0
2Yb$LDqzXFlA9rvcb31NHL;280.0
0OE8X8qSb6PeLOkcN6MoFj;280.0
0AHBwKbm58cgRponAqbbcS;240.0
2KAmAM3MP7AAShmZ2uZ2VF;300.0
3hj79_syH0vOR8fawYCbJY;280.0
0xJ28EC3vEjOAHo9c6mDnm;280.0
1FbrNdauf0nwhXq4IdCDj$;280.0
07ol3tkqz3v9v3ro5GL5XF;240.0
2P6oNa$5P5kO4E$ZLWHIsV;300.0
1cvoOIaez3Xfo1JbUV2CP5;280.0
1GMkKpOXD7D9tdYnGtO8Ps;280.0
2iiKmQpuD1lPvm0mt9YfFR;300.0
0vSCMJ_w1BWAsz2x46_o6j;300.0
3hcXulYTn2TB6p_xiNkpEw;300.0
2rRlnx0Wf81hzjHORF6U48;300.0
03yCQxpXvAORbMvghogs39;280.0
1dR_CndIf0Ye0hDVx$oihD;300.0
16aTHT1L51WR6hSM3iFeVU;300.0
3oat1ow896Dxo_bs$aGGR9;240.0
1YRMJM1EnDuhmiGkQgQ3DC;300.0
2r95jpXgH7tOKy5F169sxN;280.0
1mX9n7ZZf1Le7w_HWXviqL;300.0
1D8mI0fEr1DfLIoriZzWfy;300.0
0paiDapJbAFw0MPbE6Gtvr;300.0
2XsTN7Iw9AmwmhhYrkBiK$;300.0
3vNQ$Vb_fCLO7MlGth$l08;300.0
3aoSAV_xr0Bgq9gNMHSO69;300.0
3OfoeKrov1veimkKtj1OmP;280.0
3mCZYKz4j0P9toFjcUgp5f;300.0
2$1r$BN$v6eRCV0Qsdbp_z;300.0
