GUID;HEIGHT (mm)
0Vkxk6JH9D8ftsVJUglH6M;1100.0
2bQVeFDlvCW9zbCw_bZxGq;1630.0
07O6oL3lP1vA$wQdrCKL0O;2500.0
3TX0C3kxHCWxV1BzFgTbxd;6854.0
3xNJ9_pAr9shPl0OFOQ2fs;1000.0
3OvRTu85X7UhAHmKBYu5gS;1100.0
118aNE1ZX9VwzAakvUiWbv;1340.0
31BXh1UbbF7wTWkyN6bljY;1300.0
3WsN8mqyfAW8D7WRPE32YX;1300.0
2ScJLKl159gRjogloJYqLi;1100.0
3ZQGt7k1bEQPUur5y7hMwS;5800.0
3hfYPArLLAZeYdO3QeuZFi;994.0
1u1sw3j4b6NBAAJJ$tqAaN;1000.0
1YNjok9DrAGfgBjGC2S0gT;1300.0
0q_kaq6GbAngcspDq2fuck;5800.0
1OXA8eGgzFYBGYIQ2Rb_Ol;5822.0
3EtEcYpAX2u8eVOVBSdpPN;1400.0
3KyZdbN4nFZgMwxL1R24iS;5800.0
36nr$u$zf9NhoYcFR56cwu;990.0
2InAuQ0GP3QhQF91jAsonX;990.0
2O$ncunpv1z8DPZ79KUfjc;990.0
1Sg43mxnH9teuNIfL1GMy9;5297.0
2VhswRCyT8W8HDECeAd61Q;11084.0
0665A$qAXEguO4L7wKcYZx;1600.0
2qYrEyFEP97AbeTtuIf_Eu;5345.0
36lzSweA59zuk7_tlBZXo3;1747.0
0lupC89VXFzPn2iCY1K$Hm;2700.0
18cosiwRv2$Q31Jk3KlvKo;1000.0
0FtETzqPT7rRDQVkHiH9CU;1560.0
335zu18C58BQi2v$C1vwci;860.0
20yK4OlDH2YOTgMT1gpO2Z;1837.0
1hBCtYMpP5OQKPU1OAqjI2;1734.0
2BgbnvI2jE4AdhNl6CJf49;10942.0
0PhUSws0HEOuIZ2WzxJl9x;1527.0
0q2cHzqHX1uQTxrtrLYjgy;2104.0
2HXLo4HNL1XBsI0jkr4sYV;1527.0
0$cQzcPTz1yflzX1S9zYud;1484.0
0UW2ovyKr9wAdkdsfrtWeK;2667.0
2n_zF8k6HBuOhrg2VjJhoK;2001.0
1eV48fmnbAXvvzw5tuaaR6;2470.0
16iVdmpn9C1f3C8L7f5SKP;1760.0
2fTX2Az0jFI9r5zukg2EIi;5140.0
2Zu2KpZl117fXwrevJMwQo;851.0
1BoQ24K9P6JfXL92M_8oG2;2320.0
3XenRSBLr8Zh_cm6TmHxzp;1288.0
3alX9XhVP00eKP63G2Vjln;2003.0
0O$z_6kNX57h2f5BnWDJhH;4607.0
3BbTCxIP99$Qsm9VFcKK5G;6180.0
1E9hn5s1965g5sQtkBLWMU;5330.0
2bQht9ebTAsgGxE2IcDD9O;1613.0
2Ido6nN$nEdu_1VgKQdWNa;11620.0
0Ze2pd6pj1SvPfEXctzJaA;11552.0
2rbMJRixz8ARwgNNUG0cZF;1695.0
2pMw45u_DDmfbOCd2psJHr;2289.0
1thtfaLvjFUfymPgTZLXrq;1242.0
0V$672NMjBBhojPa9AkQ_K;1600.0
0z4yP6IdjDSgEmHk0kLMlR;2641.0
1tzi_ImEHBuRzyJyfRoVSx;1625.0
3hXBHP0TH70P8r0zqkj5cL;3600.0
29j9TyHNP629caxXuTFASb;1260.0
0UU3ceQ8rF7v5kK6Ttgm9f;1680.0
27$LO_NxL4hROdpQ5wqy9A;826.0
272owuaKL9mfj99p9WFjpJ;826.0
0E8NkFWbP7JPeENxycTTiq;829.0
08yuXrvaHF0xhkreQgO9b9;990.0
20KzNuuJb8kfUhfywNkQqX;990.0
3mdjkKf4n6hxwk7WzlU6XR;990.0
1AUTDW97HEj8JMmxFOfABT;990.0
3nb4t0V_v388Aa$kQevlup;1440.0
22I_OAAof1t9xDfzEtuam9;995.0
05xMevbRT339Y2J6YzxrD4;1682.0
0gutiC3cz98O1nIn2fEiS_;1195.0
3y12TVUu54yhGjq0BpHB5z;1530.0
0LNnPXKVbATRKPg4x3$3RB;2167.0
1XZRA642D2xe7v$25dwLL8;860.0
3OsZORePXF0RyOqmPQfcZt;1200.0
1cK_aCNpbCDxaSMgmB13gG;860.0
0Ax4xDtrP9hhrEbBXfxGjG;1140.0
3s$095dPT5eAEFk0a1Zyfs;1150.0
3sxKUafm119x24zaUVe2gJ;1072.0
0nomY64k5Esh_WDScjNzQd;1752.0
0zitDGZej86OvCNEQeXrXQ;4549.0
1GiAEyOtT1y8SfFdgLLJEK;5501.0
0B7Gns6_z5uxcQE7Zkg5PX;1488.0
0zsbnoE7L7QQs0sjY2oPGz;2296.0
0ZR3ZWfpz7rvbxdTq6p_B$;1640.0
2N_0jnhF1CgQan1R4VBWjK;1402.0
0dsuxLrtTDnxiqOc2yPJyl;1670.0
3lQDKFTX140fAhAmA5xz4I;1632.0
3aLDu1oQDCmwhxuTCtBXdY;1732.0
1jQwwkuPnEvh$FLQotz2Tv;1445.0
1se9HeYYn91frhYml6hB1j;1604.0
1JQ9DSomv6p9kR2foAVeps;2580.0
2lfvk0di553x9RDEA0U7vl;2117.0
0yWzPaA6f0ShPw0kaPGmzI;3147.0
0ZJCRqqv1D8OmKVXOYnxa1;2011.0
38BO58Nl90swtz7jJAVUiH;3327.0
2zwvlWoYLEOuVSZL5ChANH;1812.0
2U7Je3oXTFVvefX9SuDGOF;1902.0
31HCwrtCb8Bh5tKIsBqCXR;1420.0
1EZ0LxtJbEzB2R2w9j20gK;1732.0
21U1kVoS5CQfBUlWbXzWBh;1759.0
1lOLDf0Pz5RueJioLmI9jr;1400.0
1ISL8UGfD2ZQOXwlqzmYKw;1488.0
0i$oU16s58f9dSyST1GgSq;2193.0
0mmZ3ymDDAGf4LCllCOp9A;872.0
0V9q0FoPD6bQxSsrUrc7aD;1710.0
2xlZMtUg5BAwYOH2pkxWzf;960.0
1fy5DJP1PFUvF8zOdwpf9_;1520.0
0a$ugzEyP3rA$izbTO2P7I;996.0
2Eca3f6$DAcPM4GDiPnryz;860.0
1XmjJcHRz5hueyDTinaVMW;993.0
3nGGsbvmjFhhxK8xro1gjn;995.0
0OTjO8o6v4Je7BAvK1pAWq;983.0
03$jc_Xbf5pR3o05nDVYr4;983.0
1v5tOoNEj6agCp7HjUl5AF;983.0
0W4GpHA7vAiAVUkmPfp4lT;983.0
29fffxqEP0kgE$wrovED6O;983.0
0zGcI44FL7mOfVRNoIjjI3;885.0
0a7ryU68fB9x$j43dy_Ol2;823.0
3xgof8bFb3pO1oB3_Lldz5;3261.0
15K4vd0bH2GvDMrCimCQAK;990.0
2cKXQWmMfElhP0wAlntAxV;990.0
2WvBqFr7LF0w7aSMp2u9ep;990.0
3p$Cu8eEL8ZgBpYaFiBFx$;990.0
2sXJlzAbDBy90mrg6hdKEv;990.0
2GHRUdVTvBLPUdFTN8yOXy;1320.0
3hj0nS14bFxBn7uCEa7lnX;1165.0
0$Tq9T7TbCiQ0hlZuTbca$;1165.0
3$SQ8bWQL9AAh4MQgi_wbi;1165.0
3ukYdfzYP1TfYOTQbBRwBR;1165.0
0tUb7XxNPDlO0rdXU17AKa;1165.0
2XX2GQMG14IhqD4u6XDOKB;1165.0
3idPNgWpj0TvsHsOXTLs3J;1165.0
0eC49Vr3918Op70OL7$unR;1165.0
2IKQ8waen2o8rklzI7ad0b;1165.0
1Ijnc2HHzE4wBGf2g2CET5;1165.0
3ZJuxLW1bBj9iDpJrk82zc;1165.0
04CX94iJ1DfQKmf6g_UQb9;1165.0
1h1857t2vEbvjRKYmhkBse;995.0
0BDeM8$X1EQR8bzXG3zGOt;829.0
1O$cgPK619pv9j0R6LsJpi;1180.0
3uJ8HWyGL639Kd$1eCxOtF;983.0
3JqpS3cr92lPn06USY8y7_;920.0
3wPj7Kx3n1puMSee5KF_2w;990.0
1lwk6_Wzb63P7CeNRcqu7X;2033.0
19__QIq$1BEPgPzNkI5Tx5;1130.0
3a7MJR$mn6af2NGG8byAc0;815.0
3pZthH0mPC0vAHN3ObN$wM;815.0
0hxHmmpSD7UR7rn3E7fWSp;815.0
1yd$0fl7P0CuMwNSqr7QdH;815.0
3ZBhVAwFHEH8G7p9719DLl;982.0
2yqbCls8f6Uuiwi1MMNcMW;982.0
3$g7GzgP9DOOwtH3Ggt4VL;982.0
08am9c7X1CdPIWQdoPeurc;982.0
22qgdGWNn40hAqkbtFrjqp;982.0
3Cc4HbvSj4Kefs0XpRbXjj;982.0
3hRxK9_yj3HPljN$p6d$Wr;982.0
2QkbUvSRHFSxrpRreIayUF;982.0
1wYzyR$cLEN8lgu51UcDQz;982.0
3VuL$rqc5FDhRc28S2Emha;982.0
0zbcWBYiXElx7wNj2EPd59;982.0
3bYWvnGWn2Jut3Frxfv$13;982.0
2IAVbkS8XDuu3lINl5WgXD;982.0
1WgjyATYDDw9YxgHrCp2CX;982.0
3He7vLg$f2A9AFN6ZsYEUb;982.0
36oeNaStX6vgLSW2fcu0Fl;982.0
2uxGQ35691jRZN_Bc5TJPV;982.0
3k5DOw9ez05Re_$Znl8G88;1678.0
0Zey9zCAH6EPkSQM9ac2Mo;960.0
1chZfIcT18ivp5K1fruT21;1090.0
3My4U1Pxr78w5E6$Ihzo5x;1000.0
0$BmMX7MrBi9Pdmvf641IP;995.0
1TKzqCdJL6gPabUupVj47y;830.0
2SJmQWhxjAS9hbitn$NX$i;854.0
1n_08BslLDOB58n3Vy68l5;1687.0
31Xzcbpz18zhPeLtZBkoOH;1140.0
05DioXUr5DJepx8d_Q1BZ8;1140.0
02KruyFNnFKetj2RqNJJ8s;995.0
0yU574mPz8KvQ$eNtVt$Oc;995.0
06XPkGA$HAuOSKV9cqhMtH;995.0
2IqYR3Rdb51uq6WlgE5Pus;995.0
3y8eL$rBb3rvnpLDPJveqt;995.0
2PClF6uVLCnf5v74YxAZz6;995.0
1bSNfOOVP1jxtMZEQc3bup;995.0
3OvTxNHcnA5QGx1kFPLbvE;995.0
2_Wwxpqrn1QvkfaNqAOTGt;995.0
212CaICpHBZw9MI$Hh3cig;995.0
2QnLuisCP81hVE_3LsX0Kz;995.0
0n2JGSqAH7GAhf2OjzWaSH;995.0
06jrWGwWbA5uAhOZYbMxgU;987.0
0foa5O1Pv6$fOASJ$S3A$r;987.0
0cnnzAGVv3q9t_vYvrpU1C;987.0
3Xxs1blaL77hcp_1sVwPrE;987.0
2xsXGlNRz6OPzvZShZyANt;987.0
2javgHDFP7RfyRWsL09Bg2;987.0
00OK$AzezARgKOGj$CduIR;987.0
1uxCVXdYnDQwMPQHux3T5p;987.0
3p0B5783P0i9iwV8jZJX$h;987.0
1d3h3L$Rf8$fvvFA63L0Qt;987.0
0an$1yjY9Er8uVg5lyB22T;987.0
1nUro5UqrAKRmmRQmjRSMi;987.0
08TBS3TPXBi8G__xuib3mZ;987.0
0rRaN5oRDAa8M8qkLz77p5;987.0
1GBLHrltPE0xp6yRsjLSsr;987.0
13RWybeL5Au9mvmWr2INSK;987.0
1xzuH8nUL9shaYKQvqpM3s;987.0
3L9pPrDkPDmgvDZaQIHoBo;987.0
02CeWFt0v4bv8SMeN0zpEs;1165.0
0rPuhjDbz1GhttbSk0eN2F;995.0
2xBX9xW2H2SAP_FZ_7pnKy;1000.0
2TbqA58rfC6x_jaKn0xte4;1165.0
1ZH9dCEaPEsOFo_GJmrFK3;1165.0
0OHDYzyi1EthVhSzKwB5pM;1165.0
1orkEgRrL4hAmUdRDIIeZ0;1165.0
1cNkcIQdTF7v0QfJ5MJlnl;1165.0
0NcTnysYf2_hLU00N3CPzI;1165.0
01jyK83GH0I99B2Dn0dfjh;1165.0
16MXqsVZj43w6rGaZn2o5b;1165.0
3X7V7grUH3HQ4JF$Yj8pcM;1165.0
1Mg3MYeWL7Vx5iK2Y5Pw9l;1165.0
0OHbTBRJ14bOE8OtxPUqIq;1165.0
0_kTi6TADFCwafM_lqn36z;1165.0
19DbUC_ID1vRShCWUEmSZr;837.0
2dFjp42tX9Yx77dTYhD9gd;995.0
33KqvZvc9DmAYLBvbTg6Kg;926.0
2SZzpFlFX0i8AngVXvi52P;926.0
0EObQZa$fDR9XT6O6ioHE3;823.0
0gN$P1n4L0ihYMGH7V4jt7;842.0
1EAFhKEC56Jh3PoOK$_6f_;842.0
2_$25aQyv2JwIHswkyuycr;842.0
0MwB3f63f65AW_JY$o99AG;842.0
022aXC9in1IP7E24UrXqGn;842.0
39RuTdIbXESPkjmHuibJJv;842.0
0l2UQZAdv6AAbYfPY64fBD;842.0
0WUep6y8v4GvGKC3Hoke0z;995.0
3uF7AeEY57$vbb3FcLJkR1;995.0
0BAdNsqX93$hHBJJ8C_kWI;995.0
1BnDeP$_D3yAjvGF_x1zGS;995.0
08pGalD$z0tgMsCbG1jDRt;995.0
1OsMeDsNPFyvG3qePcC02F;995.0
3oyvNWjnjDGezq8$MUkJNa;874.0
3PSEKgcYH9T8hchg_otWg1;874.0
19_L9TFW5AWe5YmuPFSxWg;874.0
0hfIahrMjFu8DcDO$TKiYl;874.0
26r27pAKDAgwOd_kdxUnp4;874.0
3xKZvoBYD9i9SP4Ckc3UEQ;874.0
3RH9Gm$d1Cx8GW8swfL5Xe;874.0
0DbHpISqj1zeAqbA1Gpw$9;995.0
3qugABOZbBpv17RMEOvpZy;995.0
0W1T7NA2D6QRd8PCZbfHFm;995.0
0CjQXye3H4SAplpi9OMXUA;995.0
1$jVOk5sn7t8SP$A7BhN9M;995.0
1vQOf5pb95x9yI7NW7VpwP;995.0
1V_i2i85rFvvyf2UIKSCNc;995.0
2xx$0UpF571RrzvfCwUBO2;995.0
3_ElpoYL92BR6HJUk04GUl;995.0
3mFFyVyUP52eg0MXv8LTjE;995.0
1Ckk1Xyqj47gSFWMabRpP$;995.0
19x5_DpSD3sB2HGDnFVFNs;995.0
3jYo7$$OzAA9Gy$yz9B9n7;995.0
1YKEj8jjP70A0e7smEYXjT;995.0
3o_vspzYD0gwctsIKdQn6S;995.0
22XRnrzv11yAYrAbt3OraH;995.0
26Cd8r5Hz0QAOZq9VQUz7o;995.0
0kxIMe3tDBIO5m1iL4oPp6;995.0
1L0ezzXRPCp8FOGTA468KL;920.0
0vt7Ok02v6Lel9HVgdlpij;822.0
0SeRqMo2P5_PvjpO5rUa$$;995.0
2lgRzm1U9BtfidnDZ_z4O5;2031.0
3dKRa3zu9ACeMZOOduH$F5;995.0
25yP_rmrr8cRX89t8N9_5E;995.0
2024tYot5FKBhQgfnbzNGf;995.0
0Gd$UO32f22g5GlywmGcgC;995.0
0yNdnv71X3ouGJLEeGiU_g;995.0
3GPkyO82jDpf8FHO1voTDT;995.0
2pu2xKgUT6ygrCoBaYzS45;995.0
26FFu4EcDDiQb25OnE6grZ;947.0
358SbAetX5CB44JqT8O0HP;947.0
2avWE$1J5Bfx17oWO_yL8n;1200.0
3LkOUuIfT27eGrEEPB6Tj4;1200.0
1600AscBP1J97r2O23S4Yj;995.0
1Lwb4WYSn0jQjO7cxdwuz2;995.0
2XYXCrzIjCfQM0ELx3c5wS;995.0
1VFgSUoZX8W8rtTyjUAcIS;995.0
0ol5x0YrD6HxsCYb3r8E$r;995.0
1gJ_tp$85CzuA6Y8g_DXQC;920.0
2$8F3FNfL7gu5beAUjR1GI;995.0
1z$f$bSGT47AEb9LrDXZ8X;995.0
0uqgft0FT0oxmy45jwnwi1;995.0
3JKmUbTbP2sBMGb8lrS5WR;995.0
24hmqCnZ5DavdGr6VblF45;995.0
3RfPMw_OXEUgW1qoQXNYw0;995.0
03R33MJHbBfOhFZ6fUOkin;938.0
1YntKyi1r0YuJsKfhz5tip;994.0
1rMlnfLQL7h85JcLlG4ZUF;837.0
1p4eua_RP8AwDjJ_T1cXsm;837.0
0XxoIepj1Faf8wJvA4VKAg;1240.0
3QLDbCVI91TeoXrN5XP48I;874.0
0h7VPTiDD5xOlebqdapUAk;995.0
0to3FRAA5AFBG$Fi$V8mXZ;995.0
1YI_WkiujCogOqRfqvYo_C;995.0
1KOKfpeYTAuO9ivhPENJe0;995.0
0cLshyhyD2QxFEIW6w2jvo;995.0
3lUjtFK9L7XgDM7cRKByX7;995.0
39EgMViEf1kBIJAut$t58Z;995.0
39ePHxlZP8bOWdXILKOrS8;995.0
36fu1AeCT7Cwc4DLZjblRQ;995.0
10gU1NwFfB3w2uGqbIjL0n;995.0
2fO5QDPWLBYvNTIMfKfUkj;995.0
39JPE5yNbFSvej5gtQhTvW;995.0
2f6lxU$qL3Iv2CeT3_fNUj;995.0
11l3zKgdn8Ruo3OW0jRzYP;995.0
0O5_TuDir0FR3z44bElYIN;995.0
1jKGdeI9zACB1$QMML3d2o;995.0
2Oc6K12QH9L8N$79begvCL;995.0
1zvCLdFg9BxxWq7aXlbZ3u;995.0
1ZJTgxPZn0AfaxOrdMBBiq;995.0
2qnSIZJ$j29QhKLHeqGUK4;856.0
3oaOOoXXzAqh_UGofvSpq3;856.0
0pVbwruD99yOCTALKUMbgY;856.0
0PGnCNxUv7xRxFp5Wokd5B;856.0
3qiwraPJDDXwGrBkj3XIo_;856.0
27imXeAJvBphd349Y6tVs$;856.0
09RPnLH6r60ReIMpvaGWNj;856.0
3DVpLGvcn9FgVpsW0eSPHQ;1420.0
1i2wMvKijFLA2QwSqJHPtl;920.0
3PoaOQBIH52uln7dWx6zUR;1080.0
0Ec7kEnoT01e9B1iKUWKTP;1080.0
2nRt2a2jPAagH3VAK5vTh4;839.0
3vGBkNas9DdOUd1_9jXbAO;995.0
1HU47KhfXDy9eCU$RyDR4L;2580.0
3i2Qdx2f10X90WO2lJ8JgV;1132.0
25hZL_1Kn0IgLa5yIw2b9s;825.0
26rujgiefCBu6D063ScB4a;825.0
1Nz2JWfPDDHfwVdfwaM77n;825.0
00m77du8D5sR7bKRTBYtpr;825.0
21kN45tmPF_QZT0of9jcu_;825.0
15rDEZR7X51Ab9X6XHBm8y;825.0
2BMBx8BvjBtASMP8GuDPQX;825.0
1c3SkGkFf8Yw1XgINjs4$I;825.0
1pDsPxmrjBeuJMKV4u44k3;825.0
2JHewEnD52cg48Wgl$xSQd;825.0
1f4z5o7ifBMRGffCdRZxmo;825.0
3CAvADpnz1EgooNISW14hV;825.0
0FpOtl$HXAWPSJQEaOAGPr;825.0
084YqqUp5DKf$t_C2$z8y4;825.0
2Y5UnndczA8QW3NsDQyieK;840.0
2DPboO5zf7bOPAXVjv$Z_Q;857.0
1akQAxi7nFvO9M7fcz6No8;857.0
3qoY1nSzf4dBBeiLxbgRz8;857.0
22OBUcQbL5OfO6kwOfQ7fm;857.0
3Q_pxnVbnCse_eCv_cTncf;857.0
1jue1Ef912RQrV0SzlDJbw;857.0
0j2phlm9P0b8LwvwG1T3rO;989.0
2Jx_oc7D1EqQtK74o6mIHC;989.0
0zSfHmgzz9Yx50YK4UVGuw;1752.0
2lg8TU_9r83vwPl2Xd9KOC;853.0
3dO32phDD2BvSHQJRBsDO2;995.0
196E5wQ3j2$A5kJNMrMJTK;995.0
1PegUMtZTFrfLCOG$qd7ek;995.0
1DmiCJ6Fr3KuWzNAIMO_Wx;995.0
2K9IZRfx12tuwBOh3NMDs0;995.0
1W_Q2Sm8z1xOByBxecUDsA;995.0
10QQ$emsT7sAb44Ayw13G1;995.0
2zwTLCCJPDSPRl1i6VFLe7;995.0
0e3n5uMp973fXxkjHH$04m;816.0
1bhz_ajKr7eh4RjCTHO6x8;2087.0
2bzfLfKqL9MOJGtGYYSdA$;995.0
2D7pZWabr3x9XHu6vKCh$0;979.0
1hCv4PHcTApxzS312IALEf;979.0
2Z7K$5K65FKgs$k60b8LoB;979.0
1JqXShbqr24POi_KNzEDTx;979.0
30NinSYib2WR7JYZ8TkZOS;979.0
1G$zqhTNjAlxNzaoATGGIO;995.0
2NVYTU3990Z9Osxtb7F9T$;995.0
2RAPppb0T6je4DdWCaz4DK;995.0
1sAHotVjP3CucaqRPO8SHk;995.0
1CPD9VBU56DOZIUdc5KvIt;5045.0
2PquYWBST6xf18wgeEA09v;1138.0
3Zu$EF_oP8CA$dZljdonGl;995.0
3KraRtkRz2zuMcm$66guLq;960.0
1rmfJm5gT7ExHIm8b6Sb20;995.0
3cUeXxFGrBqxAsGBifWonX;3710.0
3FY30R0ND0iuf8OlrmYLHB;813.0
2BEDFEFrHEPOpCVHsTgCz7;815.0
3PNrni_p9Bh9FNsJOZ1Bsj;982.0
1xelR2t8n6yv3b3Xc_$O9P;995.0
09FDINLEf6zvFgiK2G2UIy;1960.0
39xEYFPpf2kuRoRghaSr_0;1297.0
3PgtYeZLT7m9$HdcjrmXDd;995.0
3hmkmXvcrByBLJRQRcWMU_;960.0
00eSpvzCrFZvSNKncjark$;5488.0
1Xa2ozRZD0WvQYf2dCqKWa;990.0
1GXIRx3MTCnPYYt2LF7xPg;995.0
02UHvjsmn7P8lxCTsmcRJI;1180.0
00JW54DXT6XhMpEjMK_yzz;995.0
3$0foTW0jBug2ny3LyceuL;995.0
3QSSBTEb91jfowMPWXPnC_;995.0
0EiWlNoXb3bPSomptS6LxD;1165.0
2iHPTvLXn7EgkM3YW31mmb;960.0
1Icvr$4U18ShK7nMaYfXdw;995.0
3$Tr0OcOv1Bw4v9DpM6Lr_;842.0
2PKTOmgMT2OBJ5xUaIC6Qb;950.0
044acidNvFX93LY2Q2TcGv;995.0
0w6eg8Ox98$PdalrTpSlzi;995.0
2xuL81diXBIgu$khmRIvAm;995.0
2V3AWtwIr4L89lmcHML3cs;995.0
0eABh2i6539RvG1amvTc8E;2450.0
0rIIs7xV13wBVCXmCCfpfZ;995.0
3XKlGBx7bAkgeOcn0ohPrf;960.0
3q4Mg8XjfAB8BjeiYExQj9;1165.0
3h1yyj5VD2SeecyE8yuePe;1762.0
0$Jyo5aP11CuMm0lhtaTnt;995.0
26Q9MfAWL7zvjT0iJTcDQM;995.0
0jv1doW952tRKdkYJkt0jn;995.0
25mOrpGivBSBJyEqcqO4gc;1724.0
3KdCfPwZP0ZO2iEI1TR1vW;995.0
12qP$yzOb13PU0EZ3emHiG;960.0
3T$uX4SkX9bxuRyQg$jWqr;995.0
0K9_IV8E92GRQKSRgi793E;1130.0
2ijOMu$79AUxc8U8u3m3L$;1130.0
1Bddn7QE57agPhcFEYOl$6;994.0
3NT9ArQMH6DvrRaLn4NAKn;966.0
1654Er4bL9Fuqsv$6TIxOU;878.0
2hR_2SNYz6tvaTXEI18uiX;1650.0
3O47NSpD98YfclOJaV3IpS;2942.0
23JtEfsyn8TuCPXY8lazF3;995.0
3WaSexpzH84g0SyHStX8iL;995.0
1fXEn1Zz5DrBkKhsujkklH;3397.0
15yhAG7ar6S9Rh$UZXk5_T;1650.0
1PPLE0m4nAl8DfNvsak$hp;842.0
1CxwIXVznD88_NapScsFPQ;1062.0
2BpNL5ua5FxfCRXNbHklWr;1270.0
3fxzWvvx5C79X2sWqY5xNl;856.0
3jwSwvEEP67B7Lr1lfESgn;815.0
16stjCVuf8WPNufnhrwtCO;1585.0
0HS9uv_kD8mOQ_5pa$0I_2;897.0
3JDT2Iovj3K89vQUjwFTsB;842.0
3bnDdnK9z0OORJlA7dYTk7;995.0
3TK$aBsUP2yfG_$Al7mM9S;960.0
34SvTzMAn9VfKfczdCJ4sS;995.0
3smkhApAv4rwkU_Kh4e74c;977.0
2pBTiEvLP9JftL6qjTpwMv;842.0
2ee_7mRVXArwORMhmIycHV;945.0
3ywb6mNljDxuYJoLcqUJQV;994.0
1U44ViFLL23uVV_O3uDWVW;994.0
2RUy5glMHAVBLCIYr92wEl;994.0
1rKBRC_Mb2PhGwK4imXgc7;994.0
3RZYHK6Ff3i9it8Xdis0L4;823.0
0y7$XaDvn3xgXvZqqocDXp;946.0
38nNaogIjDTeXKPzq6DjtP;960.0
2UblYSDUf9qRxr$SSRu7tL;1000.0
17O_Ai0LrF6uJLxJS7gN_k;993.0
0gZDsnraD2uQY6wX8rCsQ6;920.0
2WEiEglU1FYR2HFts1acP$;989.0
2sX8bMOmvB3Bku$czHscHX;989.0
2YgK0uUCvBCeocre$rJxtx;1120.0
2GJyYAwyvCYPSsFmtUXSCC;995.0
2m5dEzyxrCE9y1WM1bQpE2;995.0
1PWnFJgkf55Q69_tjOtN0w;995.0
1v5KdDE5b4BhMJrfm2RK_A;995.0
0xaLDAi41FQQCuKreJY7iF;995.0
0lxCAWZ5r2LBouxokctTnG;995.0
01oMEycxz6APhwu7Ktwtzi;995.0
2rQBJ337165w4zHMqLCpBJ;1380.0
103qv1Sjr0ZRzJX4naJ9Wy;983.0
0Az2quhcf88f35eVYanZte;995.0
3G3D2s7KD0tQJC1uJhhj0c;1095.0
3whon8vjf3tBXfKtRqFMst;950.0
1pkEbE411FzxygMPsNdjjA;960.0
1aLZ7i2dv5Vxw5DA6nxiJ1;995.0
2b5c8zXs9Dfg_05Yrmnf0E;909.0
2rtNXxum9BNRYilHPi_TCd;995.0
255fBABwL7WvD1SEXVMuvg;1165.0
0Hyg_wluD2Wh92bSmVqHtg;960.0
1ILHPWMj91Q8$lW6lxItqb;995.0
3GOCHduUvE0QDMge7$yPhw;1165.0
3X_o$89Uf0QgfGOo3VzR0e;960.0
2wL9tb6Hn6KO1q39w0o26i;4160.0
0UYjAhAFH91fWG0Mw0wE0c;982.0
0V0vncCoLBjfB5rPx6iV3x;995.0
2ZrIsKv$jDm9p2Qd20as66;995.0
25XBHYtbjEBuB4Aj8aKTJF;995.0
0pDxSUNpH2MQO4CkhMml7U;995.0
0z7ZQ2b1nDLfXd2kj7J5Dg;995.0
0ji0kYRVf4ZOxqL7b6brNn;851.0
06AV9NHHzCDOikK850vwQt;885.0
0a2Uxv0v19CeHFBoEKll5r;994.0
0c5zEWsjbFzQK2wRsItH5c;995.0
1Ps5rP08H3kuFM9xANsyqZ;919.0
3664Cw1GL0ueeMIROS4H9k;1081.0
0QjcpXbBL5Xw6XBGjHwCB1;847.0
325n6jU0r04wSgJCA1TsHH;822.0
3aAcuiM8T7sfqHoDvtVXbc;830.0
3z4vhBMCfE7viUuRyD1Aug;995.0
0ybArIYgfAoxIOug5kWn0u;995.0
19$QKfaaT3eO48$B1KNqOz;995.0
2Beo4t8N57JP6ZCYY2Q3cp;854.0
2EohlJMLb7A8Krzf5UVYTr;1165.0
1eFEdibXz0Awz3OWgAfbfr;998.0
0L0WkR10PEpQu4dPLDHtAU;960.0
2Y$B0aitj4u8pqfInsr9Gd;960.0
3$NGB8v5T0XPlKsBbMLoZz;989.0
14A38xVWT2Kwh17phK9Oct;995.0
2Kop1LFMX0EB8QawlKFS9V;900.0
1yZor1npr2ePJSeC6QlSW$;995.0
0D$Yp_GU58bx53lCcuVDxT;842.0
3AcMnzhpjF28jFpFGGXoPH;989.0
0HILS99eb9bweOPjHrFTvT;885.0
3HObVFy0vFzv0GtlqrRShf;880.0
0_20mNobD5_utpOLLg7Mx9;995.0
22X2yRolf5E9Sfmvz_9jvf;995.0
1sZKwmx01BwfVlPj_6iHt8;995.0
3ZiUEMktf1g9V8_p6go_rM;995.0
0XZomvsEfEYuK5HmRLTRfx;1052.0
3mgQGC5y9BPhIsrlNLL9vQ;1165.0
0h$YxO4zr80wnZKIv2XtS$;995.0
1zG5gM$718jwLkQ1tcKqZT;960.0
1YI_l$LMnFrBunQnVYd1Jz;995.0
0qdFbSTw18CPsafQ4jE0F5;990.0
1lZbKlFD5EtQcJgtBZYg0Q;990.0
34pB5FyJf65P0g8byBFc8a;882.0
0PJs1QXJj9zwLdB1JpjU5W;995.0
2ila_zg8DC1BEXbPAvOMaR;971.0
2RqKgp9wHAjBe8MNP7ffCB;994.0
0EpLY2s_f9hhf9eQlKi1Y3;919.0
3g9lIspkzCpByouPv1ZM1W;837.0
3hh_Fdhxj3CPgTTqyZz5rV;837.0
16oNsfyTr0i8AeaSFsjFyd;837.0
3yYFQMAZj7GRVXDHZN0fnX;960.0
2IQEZm5YPDFhEY24J8nOo_;995.0
3B_UcgZlPFGxr8wQUJiAau;854.0
2EVPzXZFnFGgTy$wAFF3kU;983.0
0Xt5Wp5JjD2wnhGo$O9b0z;995.0
0Prqz2tk5AhBmuz0t7EJmh;1165.0
1lQvmQyoj7J8REaS9lkKTZ;842.0
1IhOR$29n4xRyWAomP0Rs2;842.0
0c_4KnkfP6NBCRkRfm8kCP;842.0
2A33W3hq13SuZ3AsmfQT7Z;995.0
1dV9VynQj50fHr6kMrnvUk;1165.0
1mD66sD7f9UQFMK_uEqVe1;830.0
0DbTdaBXf0a9J3XIVCH4Ci;960.0
044JoLDYv70wEaA88_DaPG;995.0
1ANdqoQ_HEXOLCXdKbcBNN;995.0
1jGvGbFan7lAd20Iginod1;967.0
2EYAo2AAL3EBVvPS04arbM;875.0
2jWWQcWwLDoBeEgBQcV6Jd;995.0
0sgh6DBhT1Fgg7WJiL2_P6;875.0
3odxOd_qvE8w0sheST3Ab8;816.0
32lC31tlf7PBQR0nV30wIn;994.0
1ZgmIg56j22fOUbqqKgRpa;994.0
1oZCmYSRP6xQylBunWW1bQ;994.0
3$klVJfxj4f8i$K$xcaJUM;994.0
0BMI13zsL1HhFotq1ElHdw;958.0
3$ArZmZXPEMg7gzOBc2ltR;994.0
1Sl2HXDon1ARbcNQy6gQjB;1052.0
2_rhCR7rv0LBF8PTfrIXfI;928.0
2ti$WIskbA5OVK42OHuWBO;853.0
0aQN1W$1X9JPC8PPgInX6d;853.0
3vY2V12u1F19vYT6JIMcfm;995.0
3XSarr8TT31xBc2uw0S_zv;842.0
2f1vzbBA13_PIIavgqoxAk;853.0
33MoF8KhDCvBdKmkY9_2aA;1052.0
1Qm3BKm5n6tggMx$ar4mjP;995.0
2IpIWnIZn6uhRkrNzyOJ0r;842.0
2jn$ulHgLClQFSupB6wNsi;995.0
1GnHveQp16of4NRsC_36yZ;842.0
1n2EtkyWr4ZfrRuoQ4ugHT;995.0
37PWoXd5D46wU7BI_JEAg3;995.0
3BTCvVfjb2vBCBOeY8Bxkf;987.0
3aZv9paVL6nuWliUXDgGtz;995.0
2xbAaQhMb8ZhoKR4JFbPYI;995.0
3vGExYrZH0kRw2$gmfBtAf;995.0
0lKtXMbxr59wvd11nVj3X3;1037.0
1yfqSlhqD3Xwuwra1CO7m1;966.0
3LoozegMLBoPgYBB$Jf$$g;995.0
0WuF1bXc53GP33PLlWjFHQ;995.0
1LfSwV20z2xBprhpOWz91E;995.0
1l1n$9TyfB4e23NPP3eX7E;995.0
0Wtf_NRaH5KOjzRrsnNl2M;815.0
0nFIdXK4HBLf258YlwVJhF;815.0
36CFvzxdj99P52S_jkMhyW;947.0
3zjrqnVR52ZQsVuAY1Ov_u;947.0
1ctJ1895r8R9bpyPuTMRp2;947.0
1OUal2HPj8PxwVV4f9glu7;947.0
0DwOZNc9P5492ggl5JJx$S;837.0
0BhfKS_WL1e80Pu0bWTaQ7;837.0
0sTqlWfgb4RvkhnHo0DI_m;1071.0
24ANm5TAr2IBgDbfoPG7iD;898.0
103QkvCXb5PP32cj18Wh8t;983.0
33L_9PiBbCYR0JIcIN$4vr;995.0
0Qe51QnpDBmhpGdhSxEixL;975.0
2LeTvZzWj1EOUmPzXHOUu5;995.0
3hoPjUz0H6Xh7Y3KuASwSh;960.0
3o84O5qXv0R8CcZASFYoAZ;995.0
0p$G12dGbFegdlpP7gOv2y;830.0
3gY6$N_rbCPexRJrY_ONF_;830.0
2CF3rh_snE1vrMPPALTtk3;830.0
2MGqlfMyn3zOvSpfjvKjMJ;830.0
11Naa5$rj37gJJmyXV2uqa;857.0
06F9NK$192BukLc1YXaCX2;995.0
0SNivmvgD7dOHVWrHYfsv1;995.0
0zfCl0LQfBBQBFxNCyOY1L;921.0
3BwsuUYvf7l9aS077Ljj6r;995.0
21zvsYU8DA7PtF8HOS5YnB;947.0
0Z7bay7Hv8uP2k2ScMhlOh;995.0
2t5xLkTzr6MxJ6X09Jb_Z7;995.0
1hEYdJcOnCx8JboNly8GGL;990.0
1kj4NANp1CgfqgdXoTEnJx;995.0
1o$ZbMD7z30uXz6JOuMqOZ;995.0
2u9ElpwCv73A9swuupJFVY;995.0
1GPhfLeVHAk9TeLJKfmKzP;995.0
39ZaNxRgbAkO_R4nMHZqXx;857.0
2Z6Mf3U65DpxSKLBBvXg6y;962.0
1ZlF9ZFlr8xBHoazl7nTm7;962.0
0AKCBB4BbC993BZHbM7HZk;955.0
27VE1KKtP7NuJj4HIpKYgX;837.0
3WerePeRz4iAM$dSvEGqoZ;837.0
1bIpAoSRn2yQNYFJrRcpmt;995.0
1WQxPlBVXAT9JTCs_osuIT;995.0
3ezDqHpd5FBgB_h6Q5rbLk;837.0
0lVUoqHUbDvvd8YXREIPEx;995.0
0OHa2wdOD8ie0N5uEyXXja;995.0
0eSRKvauXAjhb_$Whb7xGe;995.0
3Qa8w8T5z5t9mFMB97BDFt;995.0
1KwizlkgjAhP2y3Quc2FoL;995.0
33dkD$v4nCsP4bK2UbMoqe;995.0
2V$zRk0cX2JvldVDGfw$ak;995.0
3EDefpXV51Zxquz69fUYuX;995.0
2rNeBkCmv0mg1saj0wmTNj;995.0
0ZuabKh4b7D8lRtAlW2q1x;995.0
1t$abb5OnB9Ahz9bchruat;995.0
1ovXVnGyX9Ywpfb9hL6zDj;995.0
3jJFcrJhD04QOlUfR2CFZV;995.0
2gCkJCYcXC9P5DcXfsaJZI;995.0
2o5Nw5ZHv98Ot1gYeAtGfw;995.0
1jfbnbT$9FkfZEJe7r2eso;895.0
3bCeUfPa59cfhwGndxaTkc;995.0
38Yir7mU51CQ_65i1tIXdo;995.0
3FoNe8fhv8ZRmLD87VP8oo;995.0
2xlu6tYEv6aB3Hk5XdD4Rw;880.0
2Ada2CFNj6vBIhbAzchp4l;995.0
0Lg6lA72b8Pg3XCZe8q984;995.0
12uyKJRmHERf7FQL3cvrRF;995.0
3biVmvOHr6XQq8fFR2euSv;995.0
0Y5QN01yrA5Ag57PQf0AUB;983.0
3vJ_HuTz9DFf6EA$1wrXKK;995.0
2iuU3cA653eeLIq1wu$uU5;842.0
0NnPx1rDnB7vX7XWPpHxDh;995.0
04ipxWBZv7XA4YsnDXhtUd;995.0
0nIPLQR0b0CAj$BDKCSH8U;920.0
0K1ZDuBs1Aq9SEKe_fsb1D;982.0
2iIj7w8K9B1vmFACeMgPR7;920.0
1LIn0D8bjDFA1dG5MCcElC;920.0
0DXBJHeunC7uA3u9zMGBuT;842.0
2iY1WjJmL6pBgiplYgRoc4;979.0
1dTHlA_An6PxQYUpyKQhAq;995.0
3cmBhCP7L6hhxxQsn26B__;995.0
0eT7AIJFD3CRdDbqhxHHtA;993.0
1DEw1U_Kn4aBKkc1fioW1y;993.0
0vbtjsIDn8ifiIdB3ntWSC;995.0
19NcL$WEr42OO0CjGvX$xl;2660.0
0Bc$E7Jg15AhnDFpVehQkW;1023.0
3vRatxhDn7$uMPlGvnM_lS;820.0
2N$_FD0HD0B9hM2KOItqZ$;995.0
1HZZxpl4n4IenTTWlV2KeR;995.0
3$bx6jXED0iuZb1g5Goy86;966.0
1jfQ98Opz0Uwo6fS1msiMr;995.0
0o6ehiPCP3oA2xuMW0W9$V;995.0
3QhZL2Kh92j8RzgyqkG8OR;995.0
2QSihDiFnF4uRQy0ysEJuP;983.0
2fxXYFNK5Dvv7zGVcRM7aX;960.0
35xQe01Yj8PeUAbdI4iPTa;1062.0
2xZDRHtcvAm8Zl6nNddjBp;1052.0
0wZaLmdbL0EwwTJy2vF6R9;995.0
1nP_45Ya19$w_ukCDWsJxX;995.0
1k1qYpzVvFJh$nU929bRUZ;953.0
2NMhu8KP18xhVKUmsieZHi;853.0
1A4yNZEO12gfl9ppL6xbTz;995.0
2Oreab2XP3kPpGnQY$0DIH;995.0
1CJEKys_DD0ANRrMAjtg1m;995.0
1g01zngif9fxTewK9p4zZS;995.0
1$ed1wqpP1IvX9oqLxX3rF;1000.0
18NBIu91H699fD1bDOAiL$;995.0
3ZKDLzIBHBNBwkOljT2u9U;995.0
0cUWTA17T2VfmH_R4ipATA;995.0
1ttd$tFj92axLS84r__Hzo;995.0
3E$AZhLDrA6P0FoHUV8T6l;957.0
2OJM5kfrf3PP8hnGBON0Ok;878.0
2Ndklz2_fF8ht4JPym9DLn;878.0
3PAm0sHvz8TACKDt81YsrI;995.0
0SEktWEDnC0uf4WZMRO2pn;885.0
3t22wEd359hArYq0_H_ZLy;885.0
3rIdmbeMj2l8XPNreAMp$h;885.0
1uSdTmghvBvQK3eVKmLxMk;885.0
2GZNDZz7HFdPh_okBcIMNp;995.0
0v4yRLntvCmwTfceJim$mN;990.0
3sXB9hGmz5fQcj1cTvdozn;995.0
0idWBofTD1W9slZe19gXb4;995.0
3cLYGXocfFuel33wdWZ_SV;995.0
1PBUicdI93lRSxEizho2i_;842.0
1SUK$YT$b5kvKddJS2xKPA;1095.0
206ka4nwz7AgJh_QQfayAV;1000.0
3WkvL7upDDGwlT6yBA1GUP;995.0
3Mcdx4ENT0vRuOl4XDeijo;1620.0
3wp91SiPL9GRNCfFq7e3J3;995.0
0$cnFZ1Ez22eTXo7hO7NXC;842.0
0I9dUiDCb78AD6kHOABLCb;995.0
0WFOKce4b9DxWnCq4VkOQJ;842.0
0X_ld8QSj5oxzG4gBo8WWo;994.0
1AyST$SsP7sfX8J_M2_fDA;994.0
3PSgmCxWD9jQDI8hmIwxpk;839.0
36sSyrMjnCuO66Mpg_HXQI;981.0
06vZWiQgfD1Ak64_RoPLcx;995.0
2mwQl$_W5DtxCxAHi8lyuj;995.0
0gIclTZ1X9owokLlzEjjXS;910.0
3WqjHcmbjEWvVDu2Y1KQf_;995.0
2U9CMQKjPEDxdIE9H_RVSf;995.0
3VDKXo6Nf6$xMhI5fHjVc$;865.0
01pVUKrcXCp9xlu6NZJr44;885.0
2SrLUMC05AZvQb_dVnZDTV;994.0
2robh4hlHAHA_N2u0F_afe;826.0
2DpYkgHkT2khFh3SAhWfYc;830.0
0zoQkI3ErCjRBSey2lNiMm;851.0
3M6TOtl69Diu$XghrY6NUR;854.0
1AkQV3$tLBbvSl65ldPlIg;854.0
2e$YkNnen9nuajiS5ja85Y;867.0
14ehuHLy912e2d0q4zattI;867.0
0gK0o5_6T83OFlZ2OkdOO_;1275.0
2A4Vhh0CnCgP0UtkUcu_T7;877.0
2ww8vyWw51C904CEd$BiBZ;995.0
1TtlpHnUb0MxQlyS6uoFt_;995.0
2UiBhVIP5EERSDKFvmfrZu;854.0
2SsjYwcor96glnCzsSt4GT;854.0
2ZWo7F7fvBngbKe62ML9P1;987.0
1MzOKr7aTCv8UAER6AWzmJ;1165.0
1r8ia325f6OubcykGqBSWb;997.0
1MoViIFlLCmxVZdtW9YI4G;1081.0
0mwUfXrwf5G9Np9Yyutt6H;1081.0
3uCu_qRu9BZOO3Ta746j0O;950.0
2KEV41eIrDYhbhRdZn60kA;1165.0
37Wv$R7qfBxgEVotxhSaWm;1750.0
0nhcRz8wD5NfHNUHy9DxYw;1457.0
35ZJgyxiX4Oe_oeig67I_J;1150.0
2ibu4Njwb1qfW1YjxEb4dL;1479.0
2xB05t1tL1RuI8BlCwI5UO;2070.0
0l7U60lXr0fQ45uhnjD2AQ;1379.0
0kx9vQxDD8kAh730mjwB7U;850.0
1iyQJ7wxb4V8lRw$fcELiI;1300.0
1UuQvGyb171fuFf4yl2vTH;1400.0
0lIlZWfmDFgRiPv_wfQLjW;1890.0
1Y7mjA9cn0nfi9Zl9DiVPC;1165.0
0Gf4jtP1zEWh1hETt3Dn$M;1130.0
3NQgSwvVb4oARX9zy6g8Hc;960.0
2KrSTCW4T9bPdTGa4$pPHB;960.0
30JJTJcTb8LBWxEIX742f8;1500.0
3KDy3SQXfCAe46WOz$9eUp;960.0
1obNhI4qjE4Aim7Uh4gkum;7020.0
352B9IPFr7gQkdkI3krd0Q;1309.0
1$Lhpz2WPDMumdQOIOQiPk;1120.0
1veJ6yhkP5uR5IGLpPR7z0;1410.0
3YjQVwj3DAtfohUKQVZTEZ;1157.0
1j2OqQnzHB0wcCjmFg_C8t;2915.0
0btYeVsyn6Yx3bA1iiwdNV;1165.0
2Kr$3LQMrCWOLyXa294mh6;1150.0
2o0LjYm39CUuBxjv9CzKxa;960.0
2J3v_vTzr6XO0c978VYq66;1000.0
2QPpIM_758YujdPb9QKX5c;1000.0
3IN1AVWrjChgzhkfyrACzQ;1309.0
1EQACTaVbAn8RiE5opO5TB;1000.0
3WQJt3WbbBWPGKXZTw$fIx;1610.0
28n3k6qAT56hWQcHgwL3Ts;1165.0
1zhT1l5qf2huAp3rgaTJt9;1165.0
3jspPsvRn7TPiiaijHCs9q;1579.0
2t_C0TtjP5vAEHjv9pOLOK;1000.0
2Tta9naZX9sf9YHNGxZ5Dd;1100.0
3ezJnkn3r3kPbn1Q0mRGU0;960.0
1axUDxc$vF9vdaEE9JvrCN;960.0
1qvw1yqGT3OvVOfum85Nb6;1165.0
3W$pnVZ9j7g8M9I03tTMRE;960.0
3zOqM8gxD0KPaugo8jdpYu;960.0
0BgyAq51rCUA86rH$ZZ68u;1165.0
1BJAWNsWHAOQ2CwXaT6Zwg;1977.0
0p_trD35nF4h8ozXf0k1$k;1165.0
1iLReHqU1BU91NxZNzveAF;4780.0
0zvReRMXX7TxaWOM9A$bGT;2503.0
3bZGL$RyX8lhdhzPT157nf;960.0
1bIdDMqc9CifhLUuij5nyS;1040.0
11250p6VXBvxJaBz2bTpgw;1000.0
2eybre$3L28vU51tYSNvYB;1372.0
1O9YLzZhr8hBPzXCZjEVCp;2204.0
1Vqq_IwNXEFhBixba5shqQ;1090.0
3OuKoZ5Qb2hfFPXGdEs0xi;945.0
01iNwPOMDBARUM4P_YzXw2;960.0
2CbzqHpSv8w81ccDlqtQTE;978.0
3luogSSL1EHRjJo0LrYDit;848.0
09xQn3yWT4A9wr_SU9bFm8;1891.0
1eWY0TJtn7qP5UCZln831h;960.0
0rz$6aKenA8wwygmulOMRP;1165.0
27ft7Cz8nD3OyMKLUA$75v;1055.0
3BaVV4BfH4bQlXqNj2PRGT;960.0
1BqwVdgfrARAHG8TvPhO7r;1165.0
0LpR47_PD89vmk93IYM9nD;1165.0
2lfOsfz4vDeRK$R_Edw_1Q;1165.0
2Io5TTHdLAQABP_DwqrQCV;1165.0
1t9ymRU$D14Ab_vPAWzb8X;1165.0
0gZfRTyzH3Zuea0LUYt2aA;1165.0
289IS4K3bEq9$oA3aKPPQx;960.0
1w3Qr0EB95VfHpRfk8oADe;960.0
3W0g$Xagz8Z8J0ryiFd_DH;937.0
0kYvjRK99BVxBBRsQbMD_I;1165.0
1hHqe6JLnCqgCOFUEP29Nw;1165.0
2SzaJyRELATfG5uaZq3d$9;1165.0
2__zxKFJz1_uF9RWOB2k2Y;1165.0
3mpOmos7L7Jg1hv0aFj17B;1165.0
2mjehKnDj3jvUJyzjq90WC;1165.0
3v9npIIWP3VvTayoTCDKpg;1165.0
2cE0juF7n0YgDQdP1S2EDb;960.0
0chqG53IvD5xppQOkMPle1;960.0
0YM8ys8BL4dfdrlYtqXXVm;960.0
1qC6CIk99B_9CV7WIqccK_;960.0
3nnE5ADZ596AIzV24QwtcQ;960.0
3DUH4xwiX3QeB8d9erxdS5;960.0
21ABJBG2r3benuKOyv78FP;1310.0
2kVrwkgabAru5TZFJ32rNN;3070.0
3WXAIjBXzBJBnTk$a41UMm;1212.0
3l005aYkrELxNERAqexwvD;1375.0
11EpNX_tX2gAD_ZqiprvIf;1197.0
2q1zVr6KjA5RLuyfOoXQ6C;1197.0
3IKC0Z0oXFLAaWBLpCDjtS;1127.0
1b0AlOEfD34ARTCbOVBBlx;1000.0
1HOmnTzJf7bhfk6Y9MrlHi;1821.0
2P0t4H9e97xuqSE3K7hgv4;1369.0
1j7Rng2Gv2xe66PP8Qny9O;1043.0
1XfYGyOSrAxvxnmal7txyg;2150.0
2HyljCMYb7nQ1ZltKrh3qa;1600.0
1DgGjGrdD12PKoQOVMX5rV;3060.0
2x1$CEGo1BPAsgynJGzPzl;1680.0
3Lk2$imNj1BOuthMm_S6Ku;1902.0
2px$Flw61D3w0tljr7d6ef;960.0
0LsayeiTH75uNdA96JoqHN;900.0
271M6XzPH9EehAewIFUI6u;3000.0
3lufx3kw1DTOwYUvVRRcfS;1447.0
1wk6YNK7X8xRzV8EgMFGDm;960.0
1QBM76iYvFzfjZxj2sOEHL;960.0
1XDqJhH_DDOwH9ub145MYz;960.0
2Ot3vBBjTD8xdvApZqS8FV;960.0
3DGml6DUT1JwFEpYPxOwiW;1400.0
2D1HQG0HbBUwt1KJwfA$aK;1370.0
0pbqEW8Cf2OuPR$qFzCG6P;1202.0
1uC4PcVmbF2Quz996MpLrU;5518.0
2P9oMShZf7lAM2LhG$g8A$;2492.0
1ySC6IqUT0Cv4wRam7Gt5u;2962.0
3lZarVZUjAMeRGddQtodFR;3992.0
2cVp3bLoD3h8u4CnC8ybTe;960.0
3EXhH8Nb9DXfyvpUxCyc1i;1072.0
36hbDaqIv54exIRuM1Tnly;2340.0
1EuLyW0qrDjgCKJPId$Cqn;4852.0
1BoDxxiEnEseCgeN9pnA1P;940.0
2RJ9DAAM53Hf2glb$vA6XU;940.0
3otZ2Gyo11txibcdPiam44;1180.0
0TrGtl0C5EpObrhYptH_my;1150.0
0gBpGQKB58fBxRp3Tc4NX6;3465.0
0tiz0zyNT3sg$HSCrJVweQ;1552.0
2ODvXLcirFCg6x0N1VDt49;3414.0
39eFete5XB0AOdmNgrt_0p;1440.0
0WqvN1L0907BsqhPyvbgc4;3120.0
2ZEjX$vu12Vxw8BJ7d7SDd;1450.0
3COf_5Gmr9su58Is1lrqKy;1750.0
2EW9ToD9j0OBnd0$OIa136;860.0
08KWZvkJ50zxN$jTcXPRf7;960.0
0rOem5CwzCcwd9NgzfXQdQ;1920.0
1ScnvDv_n2WP3yB6PLzNoL;1306.0
24ois2eNn6AvCwNi9ib$LS;960.0
0u$YX9M3b4Qgs_lAeOZtzM;1020.0
2Auhq4GYr94vy2D9jclaoA;1290.0
3khJbiKlr2yhCfqdah8XOc;3450.0
1pfGVe0_P6WeW$KuXW73$w;1530.0
2Uh19rF1fDMv69hRFzDwJY;1753.0
2WF9JELWPBF8t0Dq$jbx75;1610.0
0diQuY09XFFOHsQDZ5OK5f;1770.0
0_02kmSBH32Qs6stEqpZcH;1900.0
2QFNHg9af15xaU1gHgH6gS;1530.0
02UZNxaf1B8wlOG7gZFXze;1200.0
0Kr8FTq_P9_wQdiG9N_WPj;1960.0
3QZTjAVBv8kA98BI8Z15wm;1600.0
0qNSMhcZn6ZOMtD_s4vEjz;1652.0
1lODQNzhXBE8nPZ61SQKld;860.0
35BsprSPb8n9JgEclU7xpL;974.0
0LbPiiq1f6PhXUyg$KHTwt;1500.0
2Y5XgFha50dvOAM2dHdpai;960.0
2$S8yXKIH0rfpZ_EzenIBD;4608.0
3$J6M$FnH57RRtKhkePA9d;1000.0
2EtDePmSX6NvWyi1edBXZh;1752.0
1_motDeY1DE9lHKSB9ZBcu;1140.0
1BnkcG17P8ROvwlBO1jYcR;1150.0
0A98oQgc13LAvJ5B5S7nCg;2070.0
2fbfbc_zP6LQ50ARUpAWvY;2070.0
32weIqlO97N9QFq6N1GPoR;3700.0
22imRlCNTAmwD2oL4wBs82;820.0
12KJo_gE92YfjAxDZOxeNL;1710.0
20JcixhpvCZ9vlj1GnQ$gm;1680.0
0l2m2zmc19r93MLiATaBeR;1450.0
2WuqPTdlD5FxjBs$hRXi9U;4817.0
3dfeyAJX54XQIKr97YkeGG;921.0
0LJZW83_H05hcl_U7_1Ba2;2995.0
0YWO18biL25BBBCnOaDl69;1760.0
11CfU63Tn2JfBYhCBhHyXu;1440.0
0TrOuXgtr7L8gW84GwXi$X;1535.0
11_fdXJvDFPeTbFFaUkzFu;2205.0
0$v9NdokrE$xYW4u41Log2;1680.0
1o4e$lKWz3CvvJb2GuQP6_;3420.0
2xmLr3XLD7D9LcWUKmGTvs;4785.0
0Dou2k$Mf7w9citRKPIniA;1240.0
2PMQWDEKDBSQE$YmoaR2U_;1760.0
1Z4S40tA58CBfqEnpRWzbx;1197.0
1q_4pp5iD43efFg3ba$HzC;2000.0
2hwnPaD8X1Dv4QgYbfadHo;1600.0
2aAA8EEtTFHehhnKqz7MXr;3885.0
0Vk9F_ooz3Pha8CC5Qt0qu;940.0
2yWkIYe_D6Vf8Q95w1Mk_5;1240.0
1$kPF_tSP6IPJGyLlw81Px;1890.0
0zcsGT8hr8n8pX6XQMdCAL;1000.0
0OPEDKrar27O7Du54WpX0b;3930.0
28NLzXPEXAUv3on4OHWf0w;4134.0
1P8Nm38ZX19RsY7HsWUAiV;1610.0
14Zltx_dj3TBls6QFHL_K4;1150.0
0AmSmXCILFEOP_ptpHfbzc;1513.0
3zj3A5ApfEa8bb6wmCJ65L;1750.0
0m0rvnCJn5zgi0Usv8sHWb;1020.0
3xu0sshQLEpwZh5Bcdt9KF;1610.0
0tqdGyXvv2sQRu_k9YsPjk;2050.0
00Pr_a3Q19Q9Wpze_tMfUz;3100.0
21rrwjVcLFAQkXDv6pkIyT;1700.0
2Bng0MpzDCcfxYxdsTXUVu;3110.0
1kW1Nd8IPA29imzbQQDB3n;1475.0
2LpZzZUmL96g2RzjgWHkBG;4022.0
32oqrJlEX9dfwk9xK1Dln7;1261.0
32ez$aLJf6EvfbFDTYS$gY;1360.0
0aoatFE8fDqg7I7lDHMoxd;1601.0
0MmuxqZ1XF8hczu6GzsD7a;3179.0
3L2Ab4z7vD9uppzhzZ0H2W;1277.0
1s7yLojQL57uDS1BqoJv7E;3790.0
0aQgHUqCTC98kUapkGPnD4;1495.0
3UrHdQHRj2Jfjy9cJkISy7;1168.0
2dBAix2ff9keWU2BDo6SNU;1200.0
0IG9AY5XT7Hf2U13ttucFl;1680.0
21X7WzbpjE0Q0fOxbj8u4q;4942.0
2A4AzB0JP1P86HYSxNL_s8;1752.0
0ABQTIXQ5CzOXZM4OesIwO;1119.0
3TikRoEOTAzRZgoTZQSGsJ;2022.0
36cy_ycxvDeBFl$UKFYUVv;1025.0
2_KVl09MnBC9u5lwl1o18t;1449.0
3IhdVULVH0p9YUBH2$jftp;2237.0
00r3oum6f7HvJgGArrKZvW;3385.0
3PMtvHbSrA3vcvQDhp$BE4;1071.0
3dcMyZSrj8KOXHLUFl6lQM;1752.0
3tz_qLy2bBKQQm5HS3vt3l;1740.0
2HQvye7fn4ig9B2$zq0Lxe;1680.0
0PiDnoWlP5WwgBDUmUFF8s;1170.0
2_X0mq44nEBukjG8n594IT;1680.0
1HDQ9Q6yX3av5YuYY2Yp8p;1034.0
3djujqforCL9g70EG1Gt6z;2618.0
0GTaQ9P9zD$eIRMFAwnnLK;960.0
3ZczeodkTEnQ8edjMDvCsH;960.0
3Fj28zTRL2UhMvCkZOLnfZ;1971.0
2NTYHMHh5ARBTkG5VOxIS_;940.0
3mc0FKgCH94gbjyeu_QV6g;2239.0
1x1HiYyjX7rgQaxs98Txba;2548.0
2YpmF3w_fAfQZD3gVs3zrR;3307.0
3YbI23BITDHQZcXsQwjdlX;1470.0
0fo44MpFD2BeDUXvyfiadd;1286.0
30Tswq9Kj5y9SVqzSuIQ0z;2239.0
2ZGIf$dxz6thLDoRl$y19e;3307.0
0znxj1$U53VRvxCqYH6_co;1000.0
2oXi8XZJ97Dx1dTLGfC4Y_;3685.0
0FroRrIpj2sBx4FurNFtM7;2950.0
3YTfHdtWj5Oxud7uM_9dvZ;1212.0
3qbfEp$XTDJAkBPdrGWHaT;1272.0
3qV4OxlWDA7xL4n5WOC3xE;1120.0
24Cb6hO5zFj8Awe047bxNQ;1000.0
0Y2jxD2ozAQhME1mQux3qh;940.0
3x4zOzpdXAfvwlzy7QBXcU;940.0
04W3Q2X11Agw1rM77mOFPl;3412.0
1BueoLG1X4rOlMQEd4UTJB;3083.0
2XWmVFCrH2G9p_iC4usQcU;2680.0
3Zwz0ZIlP3xgZvUn7a_UR2;1120.0
3l2zvme5zAr98AReOaq7Qg;2362.0
0LBPpqD1n7sB3pyXbjvCwF;2482.0
0nSTsJkv15TgIsVzLmqtRH;3558.0
3CBquWh6L0OvySUfCuvgkP;1450.0
2uq2aXMYv2XvvxjZ50DWn$;2486.0
0SCODn_PT7t92WtXK0TEwA;1120.0
0N7wz74prB0hB5Y0l8W5df;1370.0
0garrvrQHDRh6XacFG4o4f;1000.0
2TLZylxJD4su7$FgY0VV2d;860.0
1J1VIucMb9BwSOCi4RJM5D;940.0
3TWkG9z3f4Jv05rupAayI$;1000.0
2S4FSbNoX05PAlurFNDWJ_;1000.0
2KlHqAdZT2wwhkNaibEHM6;860.0
3pbAjPa2PBRgEhJzv4M6l9;940.0
1ynu4VCIn64A91m8c7r_O9;940.0
2$nEzimyzDXhslH6LuYdXx;860.0
2pc_u0ASP6dw0YRQWTtYVb;860.0
0xvleaNOj9$Pk8rHx$ByuK;860.0
0KI$vKynX0Vhv6o2y0CzwC;860.0
3KbstM0G10PwaMxCculqy6;1000.0
2PIHSLdEP0Vx0SoyCosFR9;860.0
3LlkzRDU1DKAYqVQsH0RE7;1000.0
1F9pldd6T25wr_uxlfIJro;1000.0
27eVrfNbr97uUNhKLEdeos;1770.0
28OtswgIn3qQR_Tu69ho$K;3316.0
3y0qsSbzPAKRIj6eU2_b5g;3620.0
3QuqIIyjPArAPMpbxk4tXa;860.0
0L51zBPhL4NvEDDsPTVBkp;860.0
0uKvIj_kH5hwna6fMTNJ$G;1000.0
1kLm0WT5z2PBPOSvh$A5BB;1000.0
30zHxaPnzArh8ECpAXKhCH;823.0
3Je43pIYH80vhrbeMjmp8q;1000.0
1x7G_om9v2x8ITE3bKrA2J;940.0
3VRUl5mKv07wcmeTG1q65M;860.0
3ss6d_vLr5cBeg4GuC4MZP;940.0
0s99vN3n14NgAjnHppLNTs;860.0
1MLr8_K6vCx8xlDQyScMxR;1000.0
3wn91Fynb6Eee51KGrlOhe;940.0
2lcghZqNDAag1AxHejTRUi;940.0
14Izs61if1ZgSal1HobtbS;940.0
1C_i2VLL96FungTpoF2w$M;1000.0
2U06R$Uyb9ogmWDluj6LK8;940.0
0AtyaQLDD35Bd25PaduV6A;1000.0
1b7LjpBhj6oe3EOG8w4QUa;1000.0
0g2701MjL079DMC1p3UvEU;940.0
