GUID;ExtrusionZ (mm)
2NSWGLwVn0uxXwNGf0iOX$;2636.0
2_jb0_Ekv5twIZ_pWpiZPr;3884.0
0M2TwJ2PH4qPjfRyuO8hvM;3810.0
3VyZyePEn3U8jUeCs7GxTV;3797.0
1HDpDbmEf8AQNbzSKIvNHc;-2823.0
2l7O2VrHTCN8lTjpu2qcHQ;-3179.0
2x1Z1Ays59$gzrgmBxbVvw;6875.0
3VPg63iWT69hxlbLSpKqzu;11114.0
3nuSo1hVr8jhVIHoaUmpKM;3781.0
18vHGNLrX1ywh8KW9nyJik;3781.0
0XPAvDq8TA3OlaJW1c$Y0A;3781.0
0QRwPGpIn91Bem8LODbR$Y;3810.0
0weQbe7wz3bPAWVbnDTdJZ;3797.0
3sEvKSsYLBcB8QGbsuQYVQ;2702.0
0L3TFLFML76wERoROcQTXJ;3884.0
3GTtDRSg1B5gCKe3uuZktI;3066.0
2hLQKdSVP3YPd0yLi9gHFW;2636.0
1Gx0fMaUf5GBcbBpyd1lPd;5386.0
0VGM_KSW5BfO3rcz26ynmL;-2742.0
2CWtIm1E998vCUPaWV$E6H;6875.0
05KQK$w$1CJ8rV3lcndcjx;5259.0
1x9VhsY3f6ah4L2nq_Xymn;2996.0
3OroBFNwLCEAm5ZJAthJeW;-2988.0
3Yd1odbBrCVhoffHT_7$DJ;-2996.0
3ldDGUp$L0a9Kx1RI9BDtx;-2996.0
1iEBGFlWf0Qg2a3Vd_KAVB;5259.0
1K_fgqBh50m9n4kb5AszH7;5891.0
1mVdoY2C94nP$A5wKjwcPc;-3179.0
2gyL6Y5Gf8URYg3Bquah62;3020.0
2$6mVXi2rAGOz94mFsldwm;3066.0
2EQXwEo9PB$Pl61_2_pXtz;-3179.0
15ivVL3T5BhewomUXmdUr_;-3179.0
1ElLNMPP1DU95eEdBTcIqo;-2742.0
24B3qof4D9vPZippHrXsyi;6878.0
0VwuZ8ruD8rwLfmwULfe8m;2996.0
3YI6AEa01ARB1gQEUkAR6O;-3221.0
2NWzUQGVj7Yx6V8NMZRlUh;5386.0
0$nqG6ZXb8_8ci43Zfe$Ad;2988.0
0gVu8h0Gz4avImTiCqnKd$;5259.0
2RPN4r49n58uDj1oDt1AjJ;2702.0
2j5pXCVPjAaxPyLM2lm18l;3781.0
0y5tC4co18g9GjfjXxQ1rN;6875.0
2ipyrMTNPF5x9gwFfCCKW1;2823.0
17XMV8D0LDHun3ITOol9pG;6069.0
2_PgoYzKXBzO1gYGTFP0Oy;3824.0
29_abVfk55fQNscr1Jd_Uz;11115.0
1dkWCbeSzD4Q8wns7sSQpY;-2935.0
0mXbLpN0zDsAmHVlb1lPus;2935.0
0DSvaAtH5ATgdiZz7Dc4a_;5259.0
0yiBaDUuv3Vg0STFNLwKDC;5386.0
1FkWx6Jv143R46jTzqYgAa;5386.0
0WFOkNsNL8R9sDsb_w2hMd;-2996.0
1XsSgPNDDDzu0o$5rXA0M$;-2801.0
0XKcuTXpP5ixL8vOxblWON;3221.0
1FMA7fpvH38gE2j0xIR2rw;2996.0
3dDqGn931DfPksZMRZqrT0;-3034.0
1T1d4wG4X9SBLFmdodz9Ch;11115.0
3J$M$FbfL94RrXzeWcqRjG;-2801.0
07YAPNIAL3zx1RLwjWaGri;-2996.0
3r70xdYmj3YvnkQHBflayl;2801.0
1baLlNTEHCtf6iiMrOoC$f;2996.0
1MWSkQTuLFxu$fBx0WC6xZ;2801.0
2jULNp3_HBMBmUKE$OzkvN;11114.0
1v4m5yml5DlBtp_ryG$vhP;11115.0
1vXk6bK9D55xN87iJ_WHfe;3824.0
03oVSDoYb5KORmNH_Y6e5n;11114.0
0iLuK4alr1SuEv60TU0X$v;3824.0
0Xhi42ban2WAwAzdJIVYtH;3824.0
02JP9xsN58uPkqUbzzmu41;-3020.0
3lrMja60P6V8NT0lGRETuk;3034.0
3ujJxzIZbFYw8lYvUdXiYh;3457.0
3NaT1WeeHBhPvZd0vc_OZ3;3739.0
0k7V$_vqD8o8YXjWweRd4B;3454.0
01KX4uVdr8nuHjMpqdSkdX;2828.0
26ZKPmAC568xCiVNcrPKEw;2337.0
03a7Y5HNn2MhR$HU2Pblv1;3477.0
1VI$x029XDffqGquy9v_b5;3739.0
3zdT7yBGb4ivpiNxQLrDsV;2338.0
3zq1lYFL13GA3mkD40yDh7;3443.0
0UZgtx7xH6hQ1HHnIjgr1O;3441.0
1OcXmhZWz5Nw0d2NVNzwV_;2229.0
1uJvvD4u9Ae9TwSDtPlD06;3254.0
0KXpKitdHFwAEkdmTRz5ft;2174.0
24E_WooMXC7vHl6wIc6VIU;3755.0
3HBfHDPxD9lAsusiUloDKJ;2563.0
2X9OvjNB5Ddh5E0eE$2fg$;2563.0
3GYwSeHZn3SOVZE7fif7JK;2174.0
3Vj50XAfP9m8vBS6UaH00U;2115.0
0BAtp1iNz3cPFrR4nwu54P;2553.0
3mO2SZXz57Euc60_KK0DQb;2424.0
06ohcOtRD5gv9jVw5PkxcU;2424.0
0Ldn4NMKD4TgciHixSGTnu;3757.0
2R9GugnpTAHwdVabVKhKQr;2615.0
2GbnRAg4H9oPNhiFAbKE_h;-2500.0
1TyINPj6rBrxpmzJeeT1hV;2853.0
1qbmjsnUDCH8vjPJuCp_3S;2531.0
1SD4LaZojFkO5XWvBiNiqG;3756.0
0Ts2obKir75RVmQ1m4IzDE;3738.0
2JrhFLlV5FUQgH$W1y6k6P;3738.0
318UnB6xP5Jh7oeTxaAT7h;2829.0
154SJ7gdrDKu$KzMwt49RL;2805.0
21aqv5Jgb4nB4uz6bfu6Y7;2852.0
07DLWwu9nDAQe3G1MFcZZI;2723.0
1PU9TKyYfCYxGTBQV6yNp0;2723.0
2n4xGIS$j1JuaplCHLyv8j;2337.0
2MljQJHLb5p8qzDmvlPhOr;2337.0
2RqEj3tUb76PBw5ihJgQg9;2224.0
1DpHUOv4v5xgBZiEjku2ID;2324.0
2VBC2LvwX2vBY$I$tgs6eq;2324.0
0Q$74RJ0TEnBNsaw57AdEb;-2334.0
1xkLZhZmr62v4iz87bh1g1;2198.0
0$qnrKfyDCnh8yLNHCA2Ks;3755.0
12XjElIYD0ROkyX7LzuHlj;3753.0
2KZIioUfXDMRjFinDh$vz0;-5175.0
0qizbz$wH8GhdmKnRZjdTo;-2577.0
04gb5Op6b0NPJXWBbVh4Ns;4695.0
1jXF2VsG1EfP_ISaq3qO70;3457.0
1nxUzHo49Ccxvwt0xTUjiI;-2600.0
1ZHX6pbyf5PBPTDXzTZ3Qa;-2600.0
2hM_PW6aLDz8nX6XpcaaNR;-2301.0
2tFiYRea5C$BAGxCnbXBqg;-2301.0
3VNxP0MW567eID7e056Nzu;-3400.0
1$x8NJqe52GBprNNhqkzeb;-3400.0
3grVu9dV1FkB$aGfJ9STGl;-2350.0
1Qweb7XvbDl9OxUar1yjPB;-2350.0
1qJe3XIzn4KQl70loKT4mq;-2350.0
3leBIW1fTEwuinFfUvEhzB;-2350.0
0Mhah93FT7cfXtaeodfB8P;-5600.0
3dXqWVRpH6cuu0tQh0eyc1;4000.0
3SINR2MZL3xeUvv7oy9sXY;4000.0
2iKMl8KAj9DBRjo6n1m2MU;-2278.0
1SIah$TXf0Leg1TBdGpu4s;-2278.0
0MjyIlafX8pfvOfITagVTF;-2278.0
1HQieqCN5C7xQPE0lq7ytD;-2278.0
1c$oEV5QbAnQ$CBCxuz_KE;-2278.0
0SjhpDNWb5qgR1rNW6xkdq;-2278.0
2acKo6BjP6sfRLDOa1CN3Q;-5600.0
1RxQ7dxx96xfmhMFWGFeli;-4552.0
02Odlr7aH0ZxsxcCOY3wAQ;-4552.0
3sUsBG7f9DRuqdCdxLWDOx;-3245.0
0WByu1FqXACRqGtZPtgXHN;-2280.0
2x12mHbdv0Uw2qmUVbszz2;-2280.0
3_FIpNkL15D9WXgxkSQ9s_;-2280.0
3oQArqnfLEo8oooGzQEfoT;-2280.0
0peYp7IdXARR41H39ZOjgF;-3595.0
3RFb$upAH3YgH2GEN7$nxH;-3245.0
13QYU6hcr4BQyOe$79oLTn;-3500.0
1GKfz4KlL8KvVNTcRyaRcZ;-3500.0
0EqHC42CfDrfr3_8pS9ntS;2196.0
2zxrvBiEn4PRNYTljse8J2;2424.0
1yPnTGgRD6V9icPoMd5uwD;2424.0
1q1OXeKCb1T8OXvu7BYHe5;2424.0
0fPW69UQH1uO$bntrKEScJ;2424.0
2QNzDe4JTANf7pQUJ3t1DB;2424.0
3MJ0tPoZH2UwqrBdsFOpnP;2424.0
39eC1giNvCKed1MehKjnAd;-5166.0
1QEzYPizH5KRsj2CFsqJGA;2174.0
1L1ULjv2TB1QIfw_SfvvUx;2174.0
0kHTrQGSrAuQEYbacHF1wS;2174.0
2AdBefWbf47hB8fLjPdJbZ;2174.0
3Piqw7ldvCVxPxKAl$0J1f;2174.0
1XYHVgwbnA3uqdIsFOUm8I;2174.0
19Z3H3MG57oOzrb1TkqocJ;2646.0
1C_uXRy6n8qP1tiXNwcrQn;-19002.0
2Mm51TL5TBDR5FqoU8XHDw;-19002.0
00JoAnsSrBG9TDGU19yvVj;-19002.0
1jmmyC7MLFVAGb6ZTq5dCD;-7000.0
3uKOWSIg58guf5H92Np8r4;-7000.0
0ooStuOanEDeNnxfzati6S;-4600.0
2TE8Jln05FtPLIDDHD7hJT;2180.0
3ynYdVmk937Bns$8JrjRjH;2180.0
1$U6H3nlzA5vHKqGd4Uh_l;-4202.0
3_YKwlPHD9ChwYiJ0yjmoK;-5938.0
2sBkYlQD5F$vxDup35yppM;2872.0
0Lr4LY_jDEhwUClJi449lZ;2163.0
2dXPFhuozDPOg2PhkEZe$e;-19002.0
2PDzkH0xL7UehMDON7zZBE;-7000.0
13$u2rw9j4LPsYE_75L58I;-3600.0
3tnMvNDC1D5fwu9PIGHxis;-7000.0
0CqNRxJXT6bgOjnrZlAAKJ;-7000.0
0$bvV7Wh14HgYpkXouS3wi;2270.0
2csPr60V510AMc0T_CnJzB;-2418.0
2snuUr0_TFlhFt$Gr91uoW;-7870.0
2iWMA4wbf7OvO1A3dCSkgk;2820.0
37nOLkqibApwWt1NUieu5o;-2270.0
2Vficm6pL5GhbG8Aqedli8;2418.0
06E01ZXA121xd9KH8liKDL;2418.0
0_xVB2FDHCEg6ZVV4uMBUi;-3227.0
3aUa$U4_P7HumkJROU9DSO;-3280.0
13ptt6CyX7zRRUKnw5prv8;-5284.0
3Zx_H_qz974xRugg0z3xpL;-7860.0
31q047yNT1wult$_MfZF6u;-7860.0
0tj41Lkyz4eQW333SEl0Zf;-4000.0
1IzjkX3LTEqgZJrWz$HvUv;2900.0
2AHW2NDULA7wI$f6nDYK9s;2900.0
1dqPR4WnP8XeAVTzjfSfGu;2900.0
2IlrRXtvb328uRUx$opZtC;2900.0
1Gxn$j4RrFCPDRtLWkbblO;2900.0
0rUvNYBULC5BzqGobyEuBi;4835.0
0Sbx$Tpfv81hw$s$41Po39;2470.0
2Og2zhFfD7Kv_HLPNx9B1A;2470.0
1KSNOLC8HAgf1aM_U_Xwfg;2470.0
1ZWDV0O6H5Kf38htfizj_l;2620.0
2lxI1x1wv8TwkLbEdON2OG;2520.0
1Iz8wc4GL7qus7IhceWde2;2257.0
0mC3sY8x50OxzV3BDBgedS;2406.0
2AnNrK9nXCbwLrrza19Rv8;-2268.0
3ybOh1JAzCsx9wQaH6lN3N;-2620.0
1CJTOHc2j2ZOTWr$jrgIaO;2821.0
0ckNYbui16NeZUKe$CBk6J;2221.0
0$zW8IPTnFRvf8MA9l4pWI;-2721.0
0oBwlCy5f2yv$zw_mjqV_Z;2126.0
1gruZ$vKD4qAueNOeiPwsD;-2418.0
39xkHHyVb4pvpCppqfArl1;5620.0
00HjR1xiPAwfWLEr3Vr8Fz;2120.0
28VBuuTuT1fQcD9$673aCC;-3195.0
1UdMdnnEr2l9hzt7jZCNTX;-19002.0
3BWLL1ytL249kevRLnCd9r;-19002.0
2ffXG8YIX7m8odCfbFclBq;-7870.0
2Pd4oKtQ16xQfa2xN0sk$D;-4000.0
0xsbfZ_Q9B7RmtfcjNZlGZ;5500.0
2WDbHs1Xb2mfZt_t2uHNcm;-4995.0
10MZq7PDj1LQF9eqt4IlJK;3670.0
39m1tY1$r4OwMbFwk77tfj;2421.0
34qv2x89TEafUCkjpIK2sj;-2340.0
2yFjhtDxz02BArG_apo2p_;-2420.0
1aF9w4Hsj5W9J4iZDKnAG9;4835.0
2vKBehcInEOfptH2Je$8ls;-5152.0
0jbmfUi5f8oxiFZ0MhW50D;-4193.0
1N$mEC7yn41QIX6ed5wus_;-10577.0
0K0OX2xljBzva_nELJoJe0;-2821.0
0YuZBMf_fAqh_lta7bW_fO;-7875.0
1rhPCmUCDF7xhOokxnA2vT;-5312.0
3IuJ9YJNvBj8eQmgkSEFTH;-4995.0
06TkhpXEj81OReDPNmv9Vq;-3195.0
0nfgJ6TUb5whvYkG8NfCXb;-10548.0
1ieDpEDWHAgPfYRWKnkVZs;-3140.0
3NCiddhUj588AefzOgoC3r;2464.0
0qVApLPHXEbhAMlKYaqd5P;5760.0
0dGxP5zdLDSg2Piuu0epQH;-5848.0
2BhX99rbLBZO3ZovM5Z1Sb;-3670.0
0QLBb2cYDFs9GJKywcxUC9;2634.0
1966FTjAfET9p3Qe8tvnzN;-5460.0
1ISA4MjcL1MBonql2Fs2bA;-7870.0
0CzDk3V4nEuxTNVA6MIxlZ;-7870.0
3lMndcoMv5d9bLbI_6l8Y0;-7870.0
0Jk3IuzEnEHwUH7m1R4x9T;2820.0
2iX4pyCUn6iwOqhId3Tk7D;-10818.0
0q9l1c_ujBleiWBvQGxVJa;-3224.0
3YPgnarq14rQNj1t5xiZrH;-10562.0
2F90NG7onAafadtEd1LyPP;-3418.0
1Pf4KSSZr58ur1zsjD8Zcq;-5460.0
3aZ7iM28bF_OF5r_n7IAdf;-6560.0
1T5h0XDFPF79bfPfmsE0Ph;-3195.0
39hcE8ec1DexmxmUYerK6v;-7860.0
08jBImEG17tgGlmv8gCo8S;-4193.0
3FDQ7BxsX1qeJkcJEKfmaY;-2583.0
116rmmsGX279ExG9EfeO0W;-2420.0
2vwyfqebbCF9hUJIFEKzge;-5848.0
3Qpb$zvwPFl98yBijJzZZG;-5606.0
1Oxk2L2kH5ZQNT$$UJWsb1;-6103.0
2W$qFPnh946uVCQDnF$uuw;-5003.0
3wNegBgLrECOzuq1cbrvsR;-6118.0
1Ei_lF7YbEquH8_Yh4hAyb;-4193.0
1qg2HOTinAnAx0Z$1PW_VP;-4193.0
0Yl4x78IvFqezaNjBahr30;-7870.0
1BlqhMxX54tQfObszxKCpZ;-11370.0
2c1nLVx3H709pw_C0uXGKf;-2534.0
03yCzegTT1_hKEADKSn87u;-2418.0
0FWlyaVJn3Sgk45UY_U5bu;2721.0
0MsJx7IiT46B9oH3CvZ75o;-3670.0
2sm7HGFGD4ThMpVyAAbu8W;-7870.0
0O7TleE795yhAEynE2aTQA;-5624.0
23JdM2xN5DRumwmqmzgpa6;-4178.0
13jce4Lw5BhBnK9_3GbwaR;4677.0
0yM6ZDvHn8zuSewj9rWy6H;4657.0
1jiwHNWjXCZfDMsswQ_ONE;-5430.0
3yiGzqbg54pfj7yqHLbaLv;-11375.0
0S9xwG98963gnLgoaYEYKC;-10577.0
0AgLniYH19995s5cp6sfnX;-6880.0
1Q0M7BdFf0hPQzJvo4ZObi;-6860.0
3kl8d8Riv9LA3JDmHbuY7j;-2930.0
3EVaTHP7L5v8Puq6D0gXf9;-5460.0
0xPhvRjZT8iRRcrmKd2qam;-5760.0
1CCYDW9pb22xlFgxU_GjIX;-6860.0
3$J7aFYOv1CRE7487zVCHu;-6860.0
3Y8cPj9nT6nfdcVD_SD2Ea;-3860.0
3cgV$cyR99sB9$Ni$D4FlZ;-7048.0
0xoZ7OC5T2cBrzik_0A82G;-2441.0
275je6eS9BYvPDzsw2mJ$7;-3250.0
2413AvugHEh8v0FmlkSezG;-2634.0
3eIvCt3Cv1Exs55tfnaBZ$;-10562.0
0$HLsY_LnAguqM$iVC_0Hv;-2421.0
3CjpvxuJv668mTK2S0elWC;-2221.0
1Wpu9vAAbFsft1nikUTMVk;-7860.0
2HUvFZpyf1Deh4$CsU9ijA;6265.0
088gnzjPzB5fDrIM60DcS6;-7875.0
34Jiyy4Pb88uhFiuS2LQfo;-7323.0
2SjsbDJbX6iwzZbRaFxJy0;-3195.0
3rdUB2_jDEguWy_20Rreal;-11375.0
0GmTsbHkLDvAUN74ZXPdHZ;-7875.0
1QJl0jWYDFz9U2g92RxJgq;-7870.0
32q_BBZIf96glwijwu9eAK;-7870.0
2fz1$Mvzr9DwqGJdukKnaE;-7870.0
3E7hTDoeL7CuFXvi1C1uHH;-4175.0
25H5lxxo56jve5hthHTw24;-5450.0
1fAMNlJhf42fOE1EXxmcfI;-7870.0
1dICwu9avDyu8IYLwNkVGP;-7277.0
0n9JTEiYL3KQj2disxhiW7;-10577.0
3VcmuZHOr71wJf4LX1nAC0;-6365.0
3Hjn$jfE9D3BkdrdRcZCGM;-7875.0
10RlVxO4P5euvjG$JkvPc6;2120.0
2hj1TxcKX4iwQqMplLqcYp;7645.0
2jVvEwXMP1FfsuhBaB9LwT;2120.0
1lQqAbhDD1rvjWWBzhnxc4;-7575.0
2CA6K_my9C8Rz8JLguxB9R;-7860.0
1udsjpjIP878znX8V7FszI;-6860.0
0sNbzTE_z0EPmxTrK_Cmno;-7875.0
2bNCzqyQf5suCZUl2IW_Ku;-2583.0
2QbtrYQWj5DAcUgsQsX4an;-4880.0
2FapdkHoD7nANbtN91nfLt;8631.0
3fUmVrmgv2bAILkazgrfsS;6265.0
0_MvWjPKD9MBoCpoDGbLZz;8631.0
1$pNslrVP52PPS2sGHao$9;-4355.0
2v3qOgPA11OuFO250bLzcd;2119.0
0FkGJaL95F6uBEDBKlY7ux;2520.0
1jTI1A5Wf5FgMmv9yj$Rfj;-6760.0
0JoltOX4z9tvhf3X3NCMoc;-5538.0
1RhLGKtRXAoAF_YlqClyQQ;-5816.0
0yNiA3gxD1i90tBc$27nv3;-3021.0
1zTqm0lff7zu_1D_$ttP2W;2700.0
1rXVI8EcT6XQY_91N1qzdt;-3200.0
3GibbJXhL2tBb5jzS8OfoJ;2220.0
3euEb$j899SQaBCWwVMa7j;2769.0
2FEI7HcZL64QYTuosgXC5u;2879.0
0ng7L7ekr1Ber6UTnQzm59;2168.0
2woCXUH8X9yv6yf12qq56t;-2220.0
24_D2EXUvDye9rqEXbJeHn;2496.0
3ueoiu2Nf3heJlnkPs1O2a;2703.0
3RvXEwmMfFIRCefPrqT5sy;-3410.0
3brvQUR2bAjuxfm0bxdo7H;-4370.0
0vjd$FMjf4TQJmO1v7D7Ol;3917.0
1JTTZMKpL6_QW9emrRmhvv;2813.0
1syBio1d1EyuhjOnM1wRyy;-2426.0
2opbXE75n2PvqTAcIegTIj;-2646.0
3ln85el3XF6PiWyZ5dlVvz;3103.0
0rOIRq$QD2wxgvQrrGyx2J;-8545.0
2kW4SB0NT6E8ewzV8MIfb$;2247.0
1RQZKIeaXAiAMp5ZqaHSGD;2137.0
2BF3d_y5X3pBs5LPF3QsDO;2754.0
0o3wut6nvCFwoMtwnBkzzk;2150.0
1AtY5fTur1TPH$jYrp3b$Y;-3200.0
2lP73uSG54BOetgUH5gXMX;3445.0
1P98OIl1f0NevuidZD4dBp;-2250.0
3CsZ72XfrAqeCJKLLmCSG3;-2250.0
3s0RXqYhD9YxSJIbEi34CV;-2250.0
34XnSkJVP4PfmStty96ZWW;-2250.0
2UXimvRFT0SwRxUu1e9B0_;-2250.0
2LsYeGjgDEWQbUCDj4hvjY;-2250.0
2ERzVgNxT0GAimk3cNhgec;3269.0
1JPBjFrn98HQH0Uybli6lT;2208.0
3_aq599fb8lwabJ4p6rQjU;2220.0
1g035QOdHE4hx2k$RFU1gi;-2795.0
3DhdhnUoHFiOS69gOVAxcr;3095.0
24oLrfyGHEoQAu5krDC4DW;4928.0
0FKmyBVk97R8TmqcmX1JUG;-3269.0
2Wp_fYjnbAWxd4RtJz7wOi;-3269.0
2q8psv63D1hvBdxvcdOvYc;2221.0
3jhOSA3Ib8UQYuvsQH62wY;2559.0
2ZZ7EN_pH4uwULyzFWiwj2;3349.0
2mYTAYAwL93hqtyepxWmnT;-3200.0
1uSuUHVjj9PwxDG05IJUki;-2810.0
2YVeF9Gx9FNBHOtAHhxJSZ;2942.0
2SgPHJq$zArhA7PSZhpdtM;-2585.0
01CcRUU9LBu9gDrnGCLCXT;-11331.0
3xRr_RZY9AvxjpE1pb8sdN;-2640.0
32nEwqdQDCoBAeTlySeLjr;-9000.0
0qGss7yUj4KQwfMkQcH2lO;2902.0
36XfT4Ytj6IhotIQY05G76;2140.0
0uodJ2jcDCrhe6QTwulyGc;2140.0
3SrmCOZvL9$83hdToqyV$G;-2208.0
3wActNeyj09QzwjzxSUExa;-2208.0
3QYubaKR50PAjMAmMvzYOS;2956.0
3nkj9RQenEO868muPsm04u;2856.0
2n1nMmd4PFl8DaF9RWKRmJ;-6169.0
2L2I1zdV5D1wNgqwcmFMG_;2582.0
2o1Ttt_cXBSQ0F$UiOlUgY;-2252.0
0basrWZ4P0ZeinEaiYyrKi;-2252.0
10anc$h4X9fBdc0oKtX5Wb;-2600.0
1EQACTaVbAn8RiE5opO5TB;-3395.0
088_mpw9PFI8Zopysk3ji3;2693.0
1KuxFDld95kf6roE7ASVSL;-7915.0
36C6x9xIb9XhJwbuwEV7hZ;-2600.0
0x5PsEVSL7iQsue6HcpDMQ;-6925.0
1BQaEb1M90mf8BjuXFG_I3;2700.0
2sdEJvZWTA7Q3ghA67IAkE;-2664.0
36a3mGlYX3b9XsPzwHzCTT;-11475.0
2YStCyk$n82h_$KvHedIEP;2337.0
3A6DD5ZKXETgtMJtEaMwx6;4789.0
2RyM2zJ75AJBxdJXhL_V5r;2831.0
14UJgogPf6WBUOt2YcxMu0;-8760.0
0lpY4v3CX6pxNPRlLVKsK9;-2776.0
1A8oBKjGb0ZRqEEHFk0z9b;-2788.0
3mmqGhlgz03BxJE3VKCB9U;2807.0
38XORgXZP6oh2JKcxhS1Cr;-2613.0
09S21XZtzA$wL$YYQyxZfE;-4539.0
1goe10wmr7TfxLdIJQ4LrA;-4820.0
3c5Nhhs254swqA89DF41$a;-4820.0
3MpwANxlH658xCcqNfOcAE;-2335.0
3XeGGvMy98LeeocChAtpLk;-11260.0
3bML3Z_Yr1w8vTHtvYZGmH;2520.0
3aYWAJQz58oxvm4orDZ8CF;2278.0
0OAgE0Lwv8OQoN$6vUy6qJ;2342.0
16TdYtjCj8D8sRLRKcETYg;2808.0
2i5Qbe$ln2cRRojAzERLFr;-11295.0
3s1MEx_b5E8OZxny3rJSl_;3140.0
1CpBIck4zCYxs7D8O_c2WB;3140.0
3cuwdYtKLB3OS8ez5h73L1;3140.0
1C$b7QAJr0BRojJwi6jp0I;2937.0
0ceE1xHQrD1xrOqIHfm2xM;2790.0
2gt5sIF1T6HegW7aHMEGgr;2208.0
2QqdGGcRL4Dgb_aBIjRjMj;2208.0
2ya50F8Kn9Eh5cPH66SCP1;-3200.0
1mtMOJL91A88ZeTjYA3m0y;2179.0
3frM$TSJDFtva0Zsq2O$OC;-5579.0
3N0l8wv95EbQKqmZdbSif0;2617.0
2LAMdVHFz1i8f4ilf44hbj;-2809.0
3CmEQ2ykLFGQByfchjFrzK;-4284.0
3r$utG6Sb5ivqbJTXhBO9E;3021.0
01zlZARuP20f6qL9e5dtAH;5060.0
2KGiS17YL4ie4sWM6V9ESa;2393.0
1tEvm1pzn7RhMidKdlckmy;2559.0
1WQABKquHEVhQVALlBH7_M;2443.0
0CskARtB16kgeaQ5nr9Xl2;2481.0
1afraUyOH8axcbq52wYeSx;2557.0
23WXKsKML6mulUAkhD0P64;2659.0
2eOPAEOjj5$Bop$bJQtKAT;3192.0
3$2bp0xHb5FusbpuxOkTnh;3007.0
2m9lFCOHv4gQbRsfiw8XY8;-3150.0
0ia3T9yaD3bBYuUyPG1OX7;-2348.0
3vz2qkwp58vfMvfjJ_MnFd;2492.0
1KkpM8XN52ERd_oP1y4$Q4;4963.0
0ZJS1JfXHAWxHNhwFjcSCk;-4033.0
1itDH2cAHFs8cBETqYUzWP;2828.0
1rWigL4lX21gRWcggn1w54;-2221.0
1bTNtLT45ELAPVrAjluiA2;-5565.0
1O4j$Vfl53HeSsKjCu4W41;-3333.0
3CuFfkwCfEvxXEGGiQ7Se$;-10510.0
0oMjB6c7P9kRigIg7JaNC8;2825.0
3UhpyLmlT7dPMtXuFRRgxf;-2634.0
1_CWmPEEf8S9DPWaqDqZap;-2634.0
08IjYHMV1EhwRIYOMHhRX6;3414.0
0fltodrDH0hux2I4NE31LM;-2220.0
2oyoKeLk57aPHDX99BPWoc;2832.0
1CTfD82Jb0nQtnfdyAAAGA;4088.0
020l127jf2AQIdnAezV0s7;-2930.0
3rhtbYgVr24g2qq76x2Y4o;-2242.0
1sVu7IPl98kgUbinWgcMol;-4321.0
0xgPRhIyf7rBZkw6lD4BoA;2621.0
2Vvi3txoPBNgtwTn6$NQkr;-5365.0
3sWZy2ztr0dxeqax1iM2Yf;2632.0
3ICsPrpejAc9fgd28qQMA2;2960.0
3pfqvLQyj44h76Gr3W5QoZ;-2930.0
0FKVYzmib0sOB6njRRjnNz;-4382.0
0NSozImOH4DOHqfJ8kwxTH;2738.0
3HCp4y9ur1je7S4Fjdnn6o;-2330.0
2fAv5Yq6nBk8kJ5wcavCC9;2769.0
0GrhJNjpL0uQp4rw5C5rpz;2959.0
1vJ34QWonCDQ6D$765nx3M;-2701.0
1qwt8NBUn0$Retd5LJjMIY;3380.0
3KkXBMoe57FwQZoIMPLfOX;-3652.0
32KkrKHVD86QfzShFxLeY2;2179.0
0T9zxUzwf8wArSNtf1P2u3;2959.0
2Qx5LTVsv5DgMKhwd5f0kx;2397.0
0sBUQfcMn6m9lLmz4xnnD1;3264.0
04SuOL6Fz6eQOGvPNS6HVJ;-2930.0
05wKNZfur8uBFHjX$275j2;3148.0
2naYp$QPL4ogYb3IqjxMz8;-2930.0
39Sf4uKuLE9ueSGYAgwm73;-2930.0
0tSbO$w6HF3ho1lfYMbyJg;-5538.0
1_d946bWjFgAmlJvSx4F7t;-2653.0
1DVs5Ja0zEVOG$Y2jCIvxw;3415.0
2qwNl1IZz8deGDFy83XDQ2;3380.0
1spA5zKEDExgFa1H6a5aBb;3415.0
1ZjlqiZmzCTe9hhj7FKinM;2147.0
0t7fx14_L6PO1P6M_B9sZw;-2652.0
3CXoJF7Fv5cBgMwQPV_6UJ;-2930.0
1fmr14ZIPE1OlkNVeVmNVt;-5325.0
2JOpL$AGHAy8KbHgXYtsek;-5816.0
1cR009mjP5Ehp3c7ST60la;2828.0
1gi_baEu5AW9lY8GGZK_2H;2259.0
2TBCXAeVX4HRE_P_QCwGAj;2393.0
2pmNSBCqz5qRRqJNgqSsr0;2714.0
0ibTBsaLv7kQAAE7uhyFLP;2714.0
0TEFlX3iL6_BjRK2ImTg8_;-4755.0
144gCmD0v6PQuEEdlHbbUL;-3033.0
0m6x0OxELFRxRzixO8n0mG;2902.0
3M$p4$G8zDpBBj0SJCqmBR;-2990.0
3GESQBeBvCT8c8vg$hF3G1;-3070.0
2TYIX7i7z6mhRO9rtsuClG;3492.0
1mTcCNNjb2AebiZX8FBht2;-10350.0
3P_P0z7X1FuecfegVlKzTN;-2707.0
38BSF5_xzAhubkh8S3VzoY;-11545.0
2ByibzEUX7zRNgpVXHcNFx;4963.0
24UrWSgpXClfaqElWT2ZNw;-3035.0
0cdBPyqy5Fp9DKpwKQefN7;-4284.0
0vlY77IEX31RzSa52G44Hb;2942.0
0f87GKzJX0kQcYz0YfLAU$;3543.0
0fctJyn0H5hQHelIB1yaeK;-11270.0
1fhM0EIOL2G9zdKoeNw3p4;-2233.0
3QFP0HqHjENPRrisl0Ggog;4963.0
26ZWHrtG1DGOiLBvWFiq1T;-8514.0
0KcDvmsW1Fdx5mEf15HqAs;4928.0
0f6C$ojS14N9_gBC1E0MNO;3009.0
2Qh62OV2rAaPswjoR449Og;-6045.0
0tgqvMVOv8pwRp5fQLGqTC;2846.0
37bNhPapX8iv0lA$yEr8iG;2693.0
2QbojX$zj7CAyE55lGv8CN;4963.0
3BeoiAkBr7LuUYIfbI4DHI;2433.0
1$dwC8nKr1ORATCYTedz1W;4066.0
1J8ikKw41EgOYRGZrLjsxd;-9030.0
3JqiMRViXCCAustW0zUE$0;4073.0
1AdpVoCmT0d8IhzR0BV2Qk;-3395.0
1YjLC$vMf0QxA2gJXJIfH_;2492.0
3UJ7YjCu9ENvpiYQXbISPQ;-6910.0
0NKzrxkV94dxXvc9mF90_Z;4073.0
0gZdpq7djEdRZEepLnfxlL;-3315.0
3lbQKjixjEYeNQbc88z6V9;-2791.0
2tU_1MqnXDUu6u$bRRxVNs;-11270.0
0YDB2S2Fn3muRNYTgU51uz;2347.0
2dEZDbbr9A49$lWQcAmKAO;2611.0
1_sVhD2cn5BxXlHqj0MkAq;2434.0
2hRShvb7X9BBQOILk$OexY;2620.0
38AEMYpJb0t8D02o1XW6ZA;-2810.0
3P9IrfV5r9UxfJHIiMIhL6;-9030.0
3dTT0sYib4s8kfs48eRJ9F;2608.0
3o2hyUwtnA_xLbw30nkL0A;-11260.0
16dtwDCgD7Aeamn3EEeX8r;-3221.0
0gjpxPonLF3hd02fbQ1cO6;3020.0
15kUdhi$92O9TjFvAOwqqw;-4360.0
0zbjmIzoHCB9fVy23yT$rT;-2664.0
1Y2I7e7azFvAT2JUk1GH1I;-3012.0
1tQQ4r2Yf8xAqhN$x8zBno;-2630.0
3XA9TvKv18FBq3X_jDnqCb;-3130.0
3iBdmhc5TATQOgrzjSQwB9;-2820.0
3r3Qzzphj2Iv2pEdIpH$aH;2821.0
2voX1SpCjDuOnXaS3lErNE;-7865.0
0ZFSWVV2fFQQG1Zq5UFOSM;2611.0
3dnL8wJeD0$PHFolsuuVRZ;3917.0
3kC$FmIBvCjgjIwWwBa5OW;3305.0
2JRbsd1YP9peyDAvs9K7WH;-2222.0
0qpy3rVInF7x3JP4AHNa2i;3286.0
33TihNjuLBi9GO9sncxTd0;3822.0
0HH0GgNhT3bQ4NZ3UygdYc;-3200.0
1beYZCjjD8QuFhZ35gtB3I;3521.0
3ybWG7dgLB1fuEzUjjlsbr;2234.0
3hHjShEK92oQ$Ov$xVSPpG;3908.0
2nkJSx0Qb0jBdOGPobbDqj;3492.0
1t$kJeOdD3U99GnfaDRGsV;3192.0
1k7Wk0Suf5wPJ7KdNXZp3_;4195.0
1riDAT9QD7GwzxKZpRKsW5;4205.0
0jJtWhGr10MeDwlsXt_flz;3530.0
2eJK1YaPr67eIoNoCfjHd0;3197.0
0Hg1YLDDf5APNSnf4gPRpU;2791.0
0CCLOcSBbERBaucVGJkO3P;3197.0
15TVxqQVH8PfkIhHQ$A8WJ;-2676.0
2v0HGktnT1ae8P7iPd3Pob;4017.0
0rGIOX$Xf2Z8lCTGx97R$L;-10350.0
15Dae_HX54IRqso9NlW$wg;3205.0
05PFzgf_n32gtIoNb4zkUm;-3200.0
17VGqUUCbDShvNxSzMrldg;-3130.0
2tcQDOCtD1$ephHUot_9zX;-2795.0
0hIq79hgD87OBOVfvAnCXJ;-2408.0
2lZDKlMhnBIO0IF_TgdpX8;-11295.0
2c6pkOsJT56x73warMRheb;-3070.0
3bbcfW_CX0sg2S1xeZDyVv;-3020.0
1XSEOElyj2lAuV7pL2$7aC;2813.0
05Tx1XdcbAw98vTHmKASdY;-2730.0
1dK3DPVNT9GxNqBuaBe6kW;3470.0
0u3pVlbk5CSBnhTgCTGCNO;3388.0
1yhduytqj7d8C$qgcP93sw;3388.0
0dp3V7iBf5LwExIWOKVYj7;3388.0
3tsDM5V$v2XQVCtuJNAPMz;-3034.0
1LrBb3Ugn6Iv$lMwjfDCOi;-4936.0
1aTWU_ur155fYfj0JqKKmN;2492.0
0q96q_0tL5ne194x9D3wKz;2734.0
0R1h49JEn49QgrqQ_1EzOo;2579.0
2bzGK7lfr0AfDqIlrWm2j5;2564.0
2dIAmFcgH0B9F1EKVULlc3;2492.0
3hj_1Sx85FJwmeG0E1BdgO;-4355.0
3N5N_jxuz8RxLR5Zf4cYqw;-2634.0
3HF_hK_w56OPfi3HAxsuGm;-4370.0
1ia14FJY5FbeahYsLzeIT_;-3130.0
3EsmCF2PvDbeXL2HVl4o07;-9030.0
3RqjKA4iz6MODGZ5$_LA4O;-4961.0
0$ndAdcqXASBjVlb_2sIF7;-10350.0
3VT4a3mBH9LRntpk5VJCAn;-10350.0
2NRL9MEML3VRJGwHmhn8Gr;-3035.0
0S6b92ufT5KfIwChmZkLGT;-5365.0
39dkM2LIz0LB8339weKDE$;-4936.0
3I8mdxhUr59BTpZfsUjLYW;3221.0
1ag4N0_kH8gQ9qMA8pmRpr;-2634.0
2A$DmPCt54xOV39fMSjsgq;-9005.0
2EP163VJ1EKRMKlAJjlbBz;-6955.0
3U_RyqeBn7PB7GEGEPRafd;-3585.0
1WSsa$62b0JO_8z9dEF2aM;-5935.0
1l$4U6frzF8Re0vkCrpnoN;-2993.0
0znxj1$U53VRvxCqYH6_co;-5906.0
1QazKsn6v9xQuiSCPnF6RD;-3400.0
22byew$bXAbfHhbE$_NBpY;-2590.0
1MaGdKVhvDx8rOGG8VJw1k;-9030.0
24Cb6hO5zFj8Awe047bxNQ;-10525.0
1EKR0uWxHAw9q_o_PVruNL;2528.0
3o$_NNxsbEJw$xj8Me3rH$;3414.0
3La6UsA1H4RwaWYGtVYQDP;-10350.0
2QgdZpFg92X96Av76RwJHU;-3150.0
1w3hkZLUP82vRyezmk$FHN;2707.0
3PLGNKiDH839yIF2$Oi9Ap;-3380.0
3teXUCeXr2DhdE2BqXGgyq;-3034.0
0NWAKnp693uR0vgqSRmAx2;-7865.0
0garrvrQHDRh6XacFG4o4f;-3395.0
0RBBP4geH24fUNuB0hR7sX;-10350.0
1msZyMniX3CORiJbNgnF64;-3395.0
3wCYJWYNf8rvYYWzgbh3q6;-3030.0
0vUpBja5v4HRKJO_XnIDp0;-3007.0
2idGA3QUT7WPldgf6H5Tsc;-10510.0
3luYEo6G55t9NpehHzujNZ;-11370.0
1Ikngq8nj7LA3kH3hhF4Pj;-4360.0
05lZPA8wL7fQrVVH2GdgRY;3445.0
0JWLl0l6X4XvSSDMUHkOYc;3205.0
1nnADj5fjDDuwMH3Py6sBY;-4360.0
2j4dX3ZK58bx3NowI8eyo0;-6950.0
3AIPx8g6X13QLT3PP4nCsE;-2772.0
27KsZlZ6DAHuSFcLwwHpK7;-2733.0
294WFYu45FlQOdNoSpze6O;-2676.0
2RyGzYuAv81fwoTUmmWi_N;-5605.0
31XVU293zEu8x8JU$kqmtt;-5750.0
0DwtoYkKT1r9B3uACZywRo;-9174.0
0XsHHMMcPFBxqMaiLrmF2B;-6545.0
01Y$JL8eH8AwgNZsXUfVK7;-9030.0
1VK9a1GmL29QCvr$2E5T$O;-4284.0
3X4GDDM2HCcePDAAL2b4qJ;-2862.0
3swtIscHn4hBL8$i6mLRH1;-8750.0
2iC90y19vFBe$SqD2djq1e;-11255.0
3tWynUn4nEzBlT9YdOYJNm;-9030.0
3TWkG9z3f4Jv05rupAayI$;-8950.0
2j0XY9pEX2dfx5CBZUeZZ$;-2795.0
2S4FSbNoX05PAlurFNDWJ_;-8950.0
1kW8OeKxD9m8IE3nIxQWTH;-2795.0
3_Ql7LAb91IOxdeVnFzRk7;2158.0
0QtQ2Ozoz90uVIsuXfDJ$T;3020.0
0ULj2iXbv2CRVUld8KseXB;-4507.0
1dr9bWyxn5Ag0VUNhIp3i2;-9005.0
011oFX7oLDU9aSWP1WSIIU;-9165.0
1tDKKYu$bEKgU94vTxq9Xd;-6925.0
17NwSKYPPCpvcO09_Hdiem;-5565.0
2pHIIuyt57cORKRkENOLis;-3395.0
0Sdbxx9CTDre$WYxabFyT$;-11270.0
2HXjnB5UjDU96KiDyZb9Es;-10350.0
0FBVERG8DA1Rf3ksnkH1DR;-3395.0
3Z75JHvLvDYPvA1vIUe_Zt;2795.0
20qqRRoKv1HwaVvIkldj4_;-2276.0
24ke9ef793KPF_zwj1rOVh;-4615.0
3GfbRzmsL5RuNNAHAOGEKG;-3868.0
0FTsZJrlD7vuzyspf8grcL;-3245.0
3i8egQ8CL5ShmlnWq4mpHe;-4089.0
3SNQw4DoT9xAhQVdLdGua1;-4089.0
0nGhCy6FPE2Qi9zYa8mfDo;-4090.0
3CZrv8Rf911g9KiP5i9BKd;-4090.0
0p$ceT0Hv0QRE4hbE$5c_p;-4536.0
0CzuMUswj16BDpRSqBjgbY;-10350.0
3egQDlIKfDuQ7FMM_JmF69;-8255.0
3muc23UN59XxglsY_jq0zI;-11370.0
0tZVSxeIn7VBjMaLUifeX1;-2288.0
2PyYmMPXr7VAxvLwLbrJGJ;-4033.0
01ASJaoXjByfX4RRcAfjky;-4355.0
3tgLEP8pLCZe2t7_V9Bvzn;2620.0
09LbriPiD91wCneSln99O3;-11370.0
25ijhS99zCDRAeaWt9eLy_;-3410.0
3s17D0QyP1GeObd27FKBOM;-2225.0
3YVd04ghz8O94WSA5AMDxy;-6760.0
0HIKjhwQj3t8hOGYsLF_Z8;2806.0
33BymsMxn4RR5TuAjyjJKX;-2857.0
3hEKL86erBt9mhztlERnl6;5060.0
2rI82NIS5BRBrXILcTtTqF;-10350.0
3bKgy5bs51u8ethaaAtxMR;3021.0
3Cz1QCPXz57uCTmAk5QN2O;-9030.0
1Ga3QY0HX7Vf6i0mM5l7KE;-2533.0
2L99KXsjX87hDUFWYtz_Vp;-2634.0
1Z86T8ZBnCphDUB$EafuJQ;-11270.0
3zgOWwS8D2p8BSVnb9rDyP;-7875.0
1aS55kxZX5CAPoMUtIPn2F;-11370.0
25TFBkTXT5wOAkNrA0zq6R;-2676.0
3Ju6XC5Dv34AetL$RPGne0;-11260.0
0UJUpTMpvFoxuyh1kI_QDV;-6925.0
2eJcCBQdPELg6cztBO2uQQ;-6911.0
2fiMI4Rfv4VeWfJrqfM68o;4318.0
2Be08Zvg52Og6$VxleuA71;-3150.0
0WjLl4lxnD2xxHXa05OzTZ;-11260.0
1VQAyDSGn4uBuglHOS6OW$;-6915.0
1eaHSDkL5B6wiTnfFjtyNm;-6915.0
1wCDYEqjzFBv9efABT1VuL;-3130.0
2ZggdJ59P8IwT2cdyhTcZv;-8990.0
1obDTX_krCTOcZnGLSOvsn;-3400.0
1oVAlWBur5PA9NyHmymPEf;-3150.0
0$U1R1mGH9vxOyREJDN9TZ;-6910.0
2SnUvj0kv8cwRckfd78P6g;-3130.0
0mzMU1vnzDFfRdsOtVx3nc;-3130.0
3ORIDGdaz129FegszbXxDw;-9000.0
2g2mapcn11zfgkLdZ4$TU8;3007.0
0J4wePg3D65fCHB0nu_mkq;-2210.0
3KbstM0G10PwaMxCculqy6;-8494.0
0$$I4XBwHAJQpEIO1Yj33y;2821.0
3aaPWmzCz5DBgN0qKfWFzW;-3009.0
1qdIhK7$f2ZfePu3DEZKG8;-7925.0
0JHZBnn550zgl4tAVrgjOm;-2754.0
0IihTAox5DDgVWZCR1DFDd;-2834.0
2TO4qdtkv8HQwueKPCMDYx;-3037.0
0JvWL3ZOz7fR$P4Fi$rrOQ;3021.0
3YroeYYGr07eAByeIuLORf;-6520.0
3SsWOO4sn87w7qqBzwkeqy;3019.0
06XBAaJ_5CLOzwf$5NLgL9;-8255.0
08eiibr7X21exFuNBS02Ir;3034.0
2zCzUsqJL0n8Y_ECinjQzu;-3010.0
1HwENRAQzAMO864VkrcYh5;-8494.0
3yQSoUDZz6uuLOrLhFB_Gd;-2821.0
2H_e8S1aH9sxgNF6oJc4Q9;-4507.0
1LQ2YL1wD5qwlZadc5rH54;-4507.0
3NYNfsi8rCZP3eCBFWco6A;2821.0
2vRTkyjuT5KOFtM55r2pMt;-4370.0
3hqieb3FrFdRFha2IfK8SE;-4953.0
3zm23DBQH4RfoMPBeyBhp_;-5178.0
1X7BholgP3hR7FlZs3aWqW;-5584.0
1Lj2ME8Bf9j8aU8h$QIg$T;-2233.0
3_A2ADMfP5uw$GIDgjyU_A;-5178.0
1kZd92BgH8J8uwNhydPavi;-4936.0
2A5mu4K3P6pvWXpE3dWeIA;-10505.0
0tyMOsiqv1ag9wYHjU0LyS;2805.0
1UEOAePdP8BfXel$BdSd59;-2293.0
04nkF6fzb3RhDHp$yZcZRk;2820.0
2PWTOjn5P3cfFAdS_P1pan;-3859.0
2bmb2x2hD6rB98$iVIxRaA;2793.0
0K$zMT9TP1sffGmleiBjWf;-2793.0
1O_RcxyIrCLRKS79D2mqn5;-3021.0
1s$nhWIfj0aA4KIDhuzedh;-3021.0
1QakMYeMz0I8gZYVXzfic5;3021.0
1k_IJLmRj1TOkekw44rzMT;-10505.0
3jYVaJjZ938OYfZXQi3vUL;-2425.0
0UfiQv7hXAjP4PEzRGtykM;-2857.0
1xpPwalLHDMuMdl2NbfBKF;2620.0
3LlkzRDU1DKAYqVQsH0RE7;-8494.0
0lb8Nv771A5wwbzI92KteO;-2233.0
0qW0ksjOTDJwSESlNZNcmc;-10350.0
2ccjRqWhXFUQ0lwE55sfl7;-10350.0
1Xg9Zq3Kz1$RjDdz_yvnoB;-10505.0
22M4ZPOxrBpPHPg$VbA6tW;-2225.0
0AilweOK14qu$BdiePuwuE;2834.0
3pahifk6PA39YdP__txUeb;-10505.0
2NZUhVdab1aPPLOXtu8MAv;-10505.0
2Y1iPcns1C7Pxqb$WybRZ3;-10350.0
2_bBp8nzPBMPyFqut_ZG7$;-3380.0
263qobPGz8ax3VMW4HACVS;-3500.0
1Z3eStTdDAqfvsE36zgDjC;-3517.0
2jjZhCQ5zB78XAwDkNnFqJ;-3245.0
0T5VKdmvH2c91bxJUNWqXd;-3315.0
0uF37nWOnDDwWMKBBNMVEm;-3797.0
3uLxmQOIn9XhIFa0gvle0I;-3797.0
2l49HCmffDCgCDpjaskaAk;-3867.0
3gQKt3T$r6Zw_fvJV7ryMH;-3789.0
1mTwJbLrv2VQyL$_s7MVJB;-3797.0
3brh8F8tn9MfdBTwH6JIcn;-3859.0
0sXFFOTo9FfuvZCZzbO8K_;-4519.0
07sPWOQ1fCsefFTv4D245u;-3451.0
1o5G$7h5L3LQht0Br4W3X5;-3451.0
1oborS3hD1ihZxPZqsDERP;-2287.0
1CGcMHpHz58fgfEw9I5fLq;-3021.0
3TTDoKIsHEyBIYZAfg8lgb;3021.0
0uM_7U91XEDua3WtRXQl5x;-2835.0
2yzNfDwPHDTRi5NGoQzSXb;-2629.0
1AusuJ_d56Tw4iRibeFjqp;-8494.0
2ubhRmhvb4ePk3LoCAvqid;-2434.0
27bkPnNx92QvGJHl8AVLNY;-2621.0
2nFaQFoaPFuxnb3Tcc9ogM;-2811.0
1TAyYeh4bCdxJu789CNFsI;2808.0
2dpeKNOhD8eBW2cg0U6DHq;2620.0
01FqVE3Ir1VuABhlpNYKvP;-2634.0
3BA$XjOZXD8eLq2vRnREhn;-3021.0
1F9pldd6T25wr_uxlfIJro;-8514.0
1lYTZ3KyP50hzvnk0D3_Xr;-8760.0
32njGsjTz5LQtLl9jzPUJm;-8545.0
0nxFABrKX5hwTWRYXZugg_;-2610.0
3zN5R1zKf3fv4sbKvcp9CX;-10350.0
1f34HTjQT2PheoAkt3$808;-10455.0
2IHupJKkjDXBcPo6i28DKS;-2242.0
2nP5IFLw9DfhoBJQZXhXlQ;-6185.0
3bhrGK6OrFEfIasysbzidb;-3221.0
3X73pLGKH2BeIlsqgs9NSI;3221.0
1rgE9Utm9Dk9bqgbKvPgQN;-3114.0
2PbSJgf2P0hercXWmtbiGe;3114.0
22urEIR7vF78VvgOrUQdVQ;-2935.0
2L3PpOXRn1BgUqrdBB7kgx;-11370.0
0ULuiDiQD4GfTkUyyk9LrE;-2837.0
2o5fAQllz0p9vemsakCRmm;-2862.0
2NgT2ds0vETvgySyHSXldr;-2837.0
29iBAKA9X9uxsPqd6dkvUw;-2935.0
3trJTg22b9QejLjEGXdF5v;-3200.0
2BYMGHyar0_xB4a_tfOYwE;-6955.0
2HPyi5e2n5vP5ZUeVYuL7w;-6955.0
0xIpkwBlXFvhdPcAJfxl22;-6167.0
1z7vXJD4LBFwlAKR7S40NI;3618.0
0fUFbbHf940huE3O3LAUUP;-2821.0
3pROoBCbH6aP_3KWS7n78S;-3221.0
1ByAuQcnD3XPN6coXKzNj8;3221.0
1n_M7hMnDD0xxd$V$hI2q_;-3602.0
3yIaDdkwf4ExU3agsmzx1V;-11370.0
32BNpBIYT56BVwpiLaUfPk;-11370.0
1xqTkj1tLDLBDJcLuAf2f5;-2733.0
2F0fppDU18k9A7szPTM_AY;-10350.0
27nF2Y2NX9_xoCTaFVECyB;-2733.0
307QHoSgnByvTptnt2$pQ7;2158.0
2dFPnD4M91iRxoGvJirFC5;-8514.0
16cjlCD5163hPGTP2diNbd;-8400.0
0zvcndJh15zB7K1I1NYHvX;2809.0
2tuko5tTT3A97Hbcm5ZCBr;-7880.0
11TSbKtdb1D9uv5QXvZIPs;2622.0
0TkI361nr0kRKafBFMJ7WQ;-6551.0
10vWVxjUHEAx52TFc7_IaN;-11520.0
2RzNnRubr5gQ5uEplT5omY;-10350.0
2cmIAdjhD2FR5gaJKw4OiI;-6950.0
1Q0uXviQv4SxoX_jkMmIbg;-6950.0
1l$xS4N9L3oQ4hL6zH3oPf;-6020.0
2aQt9uGo99Yx2$eVIX$3A_;-6045.0
36X$uS7NzA1PyeCufGbHTI;2993.0
27bkdbWJv72fOhQ_BEGMKw;-4360.0
1d6RjtcjfEBAvdXHwlsNsd;2834.0
0tTxG0cvLBS8KzGr9uZgqp;-10510.0
2PK7LFGrj8ZgI$O_9l$C1L;2764.0
3c9xtg_KXDbwEcKIVQUA$V;2821.0
2wKqxWhoD9uwMU4Hfw96R0;-2821.0
0uoPA0n1X38AHFf$V$HWFt;-2764.0
0uKvIj_kH5hwna6fMTNJ$G;-4350.0
37ksW4_jL3WxpeORuPCcZe;-4945.0
3kjzvCRsf67eRvol_bv4j3;-4365.0
2MRWzmTs53av7kwf78CZO6;-4365.0
0evpXL9Yz3A9J21YUmzeBm;-4360.0
0YenyPyWP2DQ7URme$7QDW;-2821.0
3lyesAhLXBd81lnhAhUlcT;-3035.0
1zEP9rTFnFGgbTZ1MOtE14;2821.0
2rF2ppyDDA_vs3NXqhTUXz;-10530.0
1NduQMNe1Fi8UzVc1r8jsA;-10500.0
26_CU3YGj4$OgihjyVcx6a;-2834.0
2fNuMWj1n7Zg59f$OrTYQb;2820.0
2sfdKexGf0dQ5rgzbZya98;-2634.0
1kLm0WT5z2PBPOSvh$A5BB;-10525.0
2tqJTpls59Wf2Q9QaTiuE1;-3070.0
31eDXMbWj4ewE7nghiKkqR;-5906.0
2Y9y9D6sL07R1kHVv_Pb6c;-2634.0
04xwpDDFD9Xu8POvaBQ4u5;2620.0
2qKJWl$SvAdhy8sCPVGcgY;-2811.0
3Wr2b1x4LBcOz74f6tM9zN;2620.0
0KjFuFmQ11IBp23OaXx8uw;2620.0
0scm5Qc5n7UBeHslZFR0_Z;2820.0
2Pz21TbPTEsunUnabUm4nv;-2807.0
1NEMIPzpz0_Rxg3Wk27uXy;2411.0
0zRSEOlMv0UhkOW70rgYSh;-2634.0
1zEFPUQJ19iglJBNICUGEX;-2608.0
1f9uxf6Fr2CuxTvTy5J_Jw;-2608.0
1AX1_G3tf60BKa0rXx$lSP;-10505.0
0paHPGa5nCXerMyGCnqtMO;-4360.0
0fbMFG0gT2yuzi6JrZ$VIE;-4360.0
23ZB3taTDEuRlyJBQ1elnB;-10500.0
18l9P3A2j8Yx7yHKBcxiZz;-4928.0
3Je43pIYH80vhrbeMjmp8q;-4350.0
3KskVlGxnFy9aeKwO_wpeX;-10510.0
3QwTwpKuP9_eVUa_ZL$WEu;-4360.0
3GiAaR9gbBgeaXd0OGC6$k;-10350.0
37xDHXZDLEnfyJ_SJTbdqu;-4360.0
3j9VShYcL0FQuiNr5a_kTz;-8750.0
3CKfcfGPD6XPwZWNa_5YQM;-8494.0
3yJI_2n3v7sRpNsxrPqnJq;-3030.0
027Xlacr55OPsO45CmtGqf;-2282.0
05g1ugqPv6MQnHQzEF3M73;-7915.0
0iBPZO0KTBZvf0DB6mG_jm;-4284.0
1QU9lal4D4NP9U6WPCkool;-4284.0
3C8MgQyDjCR9mWdCa5e4bB;-4284.0
2$7HIm5Uf0XQBoQfdXfAbQ;-4284.0
2MWHubYhv338hgItNs71Yb;-4284.0
1m6laqGaD1SQiVMq1tuCY9;-2222.0
2cnIZJOi53svOsr84TkNf7;-5850.0
3Tv1BE3597uxJ67ib19mZm;4789.0
3n_y$19FfEeuFJ1ODq1$xN;4789.0
1YKxLMxaj1ighIx47oS4U2;4788.0
2Y_jzrGgPAuwCs5tuxPjlq;-11370.0
2qbudu9eb1OwrtUndE0M7Y;-11370.0
3emNj_niv7NxzKWQlsp6N9;-3200.0
3dZs3alvHFhPlJDy_Se1Tm;-3200.0
3AlQns0ez5ifaMninAyz_1;-3070.0
1NZHb21RD4zRFpd$Ffu8cQ;-3070.0
3TmhoW5jD9owAEFhZxElE2;-3070.0
320v5EJZbBtPLRh$$Mrkkc;-6516.0
1orL8b8fz249Eyt6nR3bJs;-2590.0
2xEyRheo5EZe3c43BTX4uh;-6950.0
3W2IGjG$n4cw4_Cn03KVK8;-3012.0
0StZ5$0MvFb9bCkxgRVwm9;-8514.0
2Okk2$ew98IRF3UiM9ZXpB;-2233.0
3WOXb5U1j73BZN7gXirzRb;-2233.0
2s4sx35tXFdwVSzUIesVEn;2233.0
0azKh3inj1I8MKpnYvQtuh;-2233.0
2$ucqkTEf8HP7m6bpOdn1p;-2266.0
28Io5cBV13LRgeuVF55qfl;-3221.0
277CERZOfF$vNechH9sPxt;-8494.0
0Ii0oax$9Dneq80QbBYeJo;-6950.0
2RhV$bpyXBkBr2Q$Eh0MmN;-6950.0
1MLr8_K6vCx8xlDQyScMxR;-8514.0
2DATUFmen8xgB9CLtY891K;-8514.0
0qTdcjU9HAyAPk7Z3_Ts01;-11475.0
23aB4iAhr7$hrX$9gtglVv;-11475.0
3zk87K7nbFBhf2Y52Gm$cr;-11475.0
2C94Osdof0IPWCx_4VIlIN;-5605.0
1p_H5z3tv9tO_Bmp9$d479;-3000.0
11akUWdtL1o9kG5m4pm8Cs;-3000.0
1m8rC0MA5369UVCHlHyA5r;-2425.0
08mevecSz4_8dtol5ut4aM;-3000.0
2ruxNYb9X3Q8zfCmbzimLT;-3000.0
09Zf3XNIz3ee2Yf$P3xRCR;-5906.0
2kD1tFBl576xKOD87o5yGe;-5906.0
1C_i2VLL96FungTpoF2w$M;-5906.0
3ZlNMU6BbCz9MrQeRisO2t;-5906.0
0zrFLPM$z3P9wt6N2JwSDF;-5906.0
0AtyaQLDD35Bd25PaduV6A;-5906.0
0lYBSSs611M9fkVxZ6uAs5;-5906.0
1b7LjpBhj6oe3EOG8w4QUa;-5906.0
1qa6K72AT19Q26sGM3VYhR;-5906.0
1Kbw4o4Kb2qh914XF9yU5N;-5906.0
27SXUgBEH4jehrS1JdGEoQ;-6520.0
3VM8hhA$9FKAjRN8EJ0EdO;-6520.0
1pHJLzRa552xje1jxOgYR9;-6545.0
1kna2INoT2$wE3BJxsIDAK;-6545.0
0lx3XR9AT9Uw_IWi7$PSub;-6950.0
316iim4sD8yBX9a9rlgCaf;-10455.0
2XWn1d8qn5Bxf0YJPrWxbA;3221.0
3DmGFuDeT6$e73vBhvIZuW;-3221.0
0bFbN3BIz9whbqx2BFvc0S;3221.0
32zX7dmrL5OxilZAWc4GGr;3221.0
0qbxte4aPFHgSWcXdBlg2a;-2733.0
3u9lBcJd10$Pn2cef5W3xN;-3221.0
0BMdV7Jqn8VAykaV8NmV6B;-2733.0
26u2hIAsT4JhumqJDLrTkX;-9455.0
12g4R1F5vC1ubQpqGhBmq5;-9455.0
0mv43Gc6j8mvjS$nQo2xfO;-9174.0
1GqsNB6ebEHe909RBgZLrV;-8980.0
2BXpJ$e4r9FuNTwdBn$x5T;-8980.0
354nGFOlr29f$k6DY8FcTC;-9165.0
3bA6zZQBv5GA$28dI5Kpu$;-2981.0
2fgMcELZj8DxVS5duAfEiz;3006.0
1PAP6Y0R10zR4bjaHVn$fb;-3009.0
2qnXbtfcT9CRQy_XjhuKLo;3021.0
301NEmWkX5Gwn47_AGoFMs;3006.0
1d0g_8PWL4R8Ssy8mgDwSb;-3009.0
2pJ$1DcTL3Jff82R8Z0Sny;3021.0
1sZx_gMxjAdg5iX1bW2PpB;3006.0
1JLmf7b250YRMMlCTP6LiX;-9030.0
3NeiIBsxbDPQTN4i3k7jP1;-9760.0
1Kn4aGWrTDg9r3dH9Oowsf;-9760.0
2iiKmQpuD1lPvm0mt9YfFR;-9165.0
2VH4b$WV58rgyX8xVaeaHU;2258.0
3Vcz2Ffm1DOAoZbZPXYWCp;2260.0
2HhALPzTPAe9WB22hL2nRk;2260.0
3NNn$T_YnCr8q9pKWkSo7l;2270.0
3hcXulYTn2TB6p_xiNkpEw;-9030.0
2rRlnx0Wf81hzjHORF6U48;-9000.0
1YRMJM1EnDuhmiGkQgQ3DC;-9000.0
3vNQ$Vb_fCLO7MlGth$l08;-9165.0
3aoSAV_xr0Bgq9gNMHSO69;-8990.0
3mCZYKz4j0P9toFjcUgp5f;-9165.0
