GUID;ExtrusionY (mm)
0OJ1V$qrn5WA9y$ImDOv3$;-6831.0
2RqjJ1qq5E$gBaOIjzcKs$;-5871.0
1IaGjeEHLDyv6fRss3vJ8b;6800.0
1HDpDbmEf8AQNbzSKIvNHc;-3614.0
0yYTp_ENj1jxtAJ1j6b8ej;-5936.0
3dJLL3Ieb9IvHX4fgxBsp8;6395.0
2fO48GNXzBNBbtxm$Fz7Qc;-6511.0
3BZ4xGa4T95Rvh_4Hn2R8u;-5236.0
3WDz6XBbH3NvcIFJTpcPAC;6381.0
30k_g8i0v1jfDQrgByekg0;-6655.0
0GpYRq0aLApPysoKDFAQMp;4519.0
11dwSN9rzDIAmOn2_OWXvL;6431.0
2fxfK3bgTDS98TkcrFGxmd;-6431.0
0hEuynkLbBWBuRVXbOACBY;8380.0
1MKqHdJP1A$fFWnRq7_nGH;-8380.0
2rsYd2GY50XB1$aOmTxrWn;6655.0
1JZNe2YbL7E9si$87PBlDQ;5936.0
3OroBFNwLCEAm5ZJAthJeW;-3825.0
2nmdBX2hn5QOVKCWZb0Obd;6042.0
04BZ8OL6b7yPSADbcy_PIi;-4216.0
2iVlKJpu5DZRF0abbgS0WW;4540.0
3nyYpWRIz7mQok940paGP_;-6521.0
0XhnEcRBrDLOBFe7Irn07F;-6994.0
3dhFzORAH69e7YzIc03iwy;5900.0
0$nqG6ZXb8_8ci43Zfe$Ad;3825.0
271SCxhnX4tOwM4gFjaAF7;5936.0
1JzStaLmz32R4hv5otuy_f;-8456.0
0XBgowntDCAfcTTqt$MQ6p;-3033.0
3s1ssSyenBPANmt0TRr5rt;-8338.0
3XAvGLT0z54AlVtCoa9DuZ;-3716.0
2ipyrMTNPF5x9gwFfCCKW1;3614.0
3bP8E5PHr6EePMr_DUMv6m;6241.0
3bx0_DrDP9Jg6gGo2l52t2;4519.0
3G7X1P6fHFlwgQJjmIeYg$;4519.0
1CV4R8lOD0IPVWEbkCLKQh;3796.0
3t4dEBEB5EIeGtgB3Pd_Fk;-6236.0
22F7rQIRX4deox5CveRzWb;4519.0
2h5WrNvED6FBHSkJeuvdE6;-6521.0
2dvdn5_Rr5RwcfHxGoGGyZ;-6511.0
1dkWCbeSzD4Q8wns7sSQpY;-3757.0
0mXbLpN0zDsAmHVlb1lPus;3757.0
1oAU8p$l19TPY5xqqKU2uM;6830.0
1QYGJ9qV959unHu7NXYpKb;-5936.0
2r0VFvHtX4Dv5t0sHb02nK;6416.0
1ZejYKolLDE9kztMOdEtfx;3796.0
1vz2Bfdcj6V9ETNv9JnNdh;5936.0
0qive3rQP5xQ8bZ0BQl2Cz;4188.0
2sKUFHIFvCGg2LIJqDbY5D;-6511.0
30$TOb5lbCruI6v1MCZYwe;-5936.0
3S3TgKZbv1wPWKmB5Ll7SH;5574.0
3CkRNKobv4cg0FQQcD0gR3;-3208.0
1MQW_qab15gR_0UgWVYeGK;-3041.0
0r3kANUM99LRLKxyE_o7Hu;-3060.0
3Ap71FFtb1uwr5wmof$bB4;-6150.0
0aqUDVYAz5hAZRvOiTC6G6;3198.0
2TQw3wsm5C1BeYXhys63wz;3131.0
1L2JMtD1n8OeqxiHyv1t$y;3073.0
3H_B3hSLvC8eU$VCwSWoQR;-3128.0
22pyQYAgD6oQ1tgRqGvawg;3062.0
1lPn1HFh9DC9f2zQ_ykWC4;3256.0
0QBsih6rj6jQ6Jxe$Dddmb;3231.0
0X782xjv56XROwvaFXm3jr;3189.0
1pcJTLEu55hQA3QbOR1vdL;-3139.0
0FQHVhtB54Kv4WzChcUNal;-3106.0
1wPzpl_GP1ORWEv6Ic2ifr;-3231.0
1cmp2y3FvCJfBW$N6j7M$b;3138.0
1nz7G2ULL1xRfS_L$Avlf9;-3199.0
0XqQAgXsD8uuEBbN9O7RqF;3139.0
3FexdH3x58ZAzaIzeU$NGF;-3058.0
3sFqqY4if0M8zV1a6ZlL4W;3009.0
2naibOD4n7nOjEB9u$2nhp;3060.0
09zWcS0vP7ffgYailXKqjA;-3199.0
0S1WVcK$T9TPNEAz_7_8d8;-3131.0
27mJ446c199v3q$8i4RrjL;-3199.0
1ewoIivnLA_hX2DirraF05;-3132.0
1h3UCtE2fDR8J8RGhUFHPD;-3199.0
2GNfYXFcHCC9n0Lbb_K2n5;-3190.0
23GCuCB3DCYuzTQTdjHkM0;-3981.0
2tCB617kT9Peu1ZyfuvMhQ;3981.0
1lRE0yB_56mPMYCvD_G_kT;-3190.0
2xlNmnhpv5xuLBGeFOVqlb;-3190.0
3epsH2rmvAZglNv7IfMJb_;-3010.0
1Ctsr0dGzFNOi2oUFtR8pU;-3175.0
3R96Bw3Wr2_wAyh3wC_7BK;-3190.0
33Ux2ovWvBvw89K7evSBDp;-3190.0
20$vLDP$n3iPf_zQ1j4nvr;-3010.0
1GEhSOV6L8wBLZCROioGB$;12000.0
3mO2SZXz57Euc60_KK0DQb;-3400.0
06ohcOtRD5gv9jVw5PkxcU;-3400.0
2mMzdEX5X1BwglBbdU5Vrf;-3199.0
3IJbsHWyj0XxvC5NUC9$pj;-3255.0
2EInbrYhPBthG0GAOMtPc5;7800.0
0X43iISazA_hkTm3jgxIbC;7800.0
1rNF_KULT23PHexEMr1E8R;-4389.0
2NnOdjZiLCl8JgXOMqWC3R;-3047.0
2yyc4inaL6Wv2FZ45QRIaT;-3046.0
0a02CNDu54mhcEu6TzJeGm;-6160.0
3UCR0DKYr8De$KCq8wDN0N;-3199.0
2N7wXJUxnAhuMMoGSwqWFO;3162.0
3uYgpZA31DFBDKxB1sShD9;-3199.0
3$PKuWljn3PhlQ5ufxsKvS;-3199.0
3s4$eta75599rfu8BWt19N;-3199.0
3YO6YWnOD99hnLfAqCwajR;-4390.0
03S5xu0R13M9f64g7$duSL;-3199.0
0fvuBr9s17rgSmgmwCVt3C;-3199.0
3SQTcN$lb6EfQtvUady$00;-3199.0
2RiQNsVTbC3ut6ScVX4JBV;-3199.0
1l2KItK_b0ceAdJVs5Srrh;-3199.0
2BoV2QUDD40wRLv3iQiEoN;3190.0
0cDSqFwzb5eRuVNXuQymR9;3199.0
2LypDO8OX3vg9JlZJ6kX8K;3010.0
3hNUEBiID8LRyKEpiZQ0D6;-3199.0
3QEkwiofj1jxy2cd1hzuD5;-3199.0
3Xx0oi2gL40f_eAxALMxvp;-3199.0
2mBNsT_Jf6QRpJpjx7dMwo;-3199.0
2h9hMks59CthN0eWzsxAS4;-3199.0
0Jm6TN$H9D4BgH2zvD$HRX;3199.0
3KfDCzSVT4DxvUr5QX6mgl;-3199.0
3DNS8QDXrDUQ68QKuKje$F;-3199.0
2EENfQ9iD55A4roGsLrUZF;3134.0
2D5JWpAXD6bvj7WLJCWqcW;-3134.0
1v$tXviDL7qBGpqxDNmyd9;-3199.0
0lCIb6ZlfB6Q0uMegYLt5h;-3129.0
3u1TwsA7H6NQ$iCmva0z_w;-3199.0
0STGYMu418LgYTUTSMARcU;-3199.0
3m6XFT1kf2Zx7wpg1DRIOI;3014.0
3COaik1Kr12eVfkAIbQL$x;-3199.0
3JhTBkh5DEFevhFi2YwuNU;-3199.0
1xQ10sBOf8TvOZwxUS_e8r;3190.0
3Rl8f0RkX4turXngDo$fk9;-3199.0
3SSH7JBpj9GhF3V8QV8S_f;-5088.0
3pWcZbah99OB6JvRe6Kfwm;-3190.0
2q4Rwzc2P6W8aSDsb5g21A;3175.0
23RFUDvM16mQnShl_SVT08;3255.0
0KDtZCodv13PCEQhdBbY0x;-3190.0
3oEZR_Wnz9DuFzjp1LWW0O;3127.0
2N4SMcAIPCCQKacL4RoMIm;-3190.0
2kROMIbgf6xg_KY_9xL23_;-3190.0
0IJPKY_L13se$p5MuHundn;-3190.0
2FmnmC4bv7RuimNTLVtkyv;3118.0
3hZbMwxZT7UwCGE0R2mbC7;-3190.0
1ELp0fhxD2vOK0lCGZ16A8;3303.0
0SeJkvMf9EAQ60t_nDaYyr;-3190.0
2QL0mq$k16mO5EbeT$Qf9s;-3172.0
3h79hRior9OBzFZ1BHc$He;-3190.0
1W2R$EErr7FA7kLDsV$tIN;-3190.0
3JiZka1U96UQrsT6VlgjJA;-3111.0
0eSOf1EWLCg9anJza5e9Wi;3190.0
0Cjqe$xZXAwg1SkRTITnHV;-3190.0
1gr4rh2FD4kfLEdkpUComg;-3190.0
3z$PMLk8nCaggu_REg_S09;-3190.0
0X9Fr09kfFBeFnMH1OlrU$;-3190.0
3voZ85rcX3IvYFUu3dfH6M;-4791.0
0U2YT54onABRg6cA$tZWdZ;-3112.0
1N5JfD6tjBSestW4mj_84x;-5000.0
2dgKX1Jpb9WumAkbpRmYlL;3122.0
3eYAlyfKD6Gx5D_eu2KPle;-5650.0
3PqouWp5D2cPYCdLezJnQO;-3131.0
1frb3JrB94ahcu$tifxGMG;5061.0
1XzbuHXdvEhRgDiD5DCng5;-6103.0
1gGCoDmn17ivn4yUX6v17k;-6076.0
3KMMXEDov7sAY0f$htUoSl;-4820.0
3p4KpYE1TDOfK$bmE24Mzd;-5000.0
3BMeGt41L95QDdGI3TjVDp;-12820.0
34JgP_1fHCA8xNHd8hWiEf;-4027.0
0E$ojDU3L8fP1c9gKBR3Pv;-4027.0
2$e0N0_Mr1Uv2HbPf7FxBG;6205.0
2sOiaQhzjC0Rdx9bwP3uOu;6205.0
0mBv2Kx$jAfvOaCSjnqWlb;-12760.0
30TQ3KTz9A8PXIUmzqipdf;24959.0
2CI$VP055E0Q8DuWC$zbF9;24959.0
1NVOZiJEr3V87Mta0h1Zbi;-12921.0
0XBs92eOP8t8p$0fhexxZv;-12921.0
39SHjGI6H6pwuLB3aUtRkR;-12921.0
2TIZivcQT5hup4iLKQm9In;-12921.0
2DjGlBWETDnQ3oB__s4B8T;-12921.0
26oiCf3c912xOTVEMMzogn;-12921.0
0JFkPDZ6L3_gMHnhqyUdhQ;-12921.0
2cLG4bgzL61BunUo3luhDn;-12921.0
0vZ38lpQj8_A7MxWrN5VgB;-12921.0
1JqadP6aTEpBx4zYCGKV6X;24200.0
1XXHLJywzCMhxWXu2s3UNJ;-12760.0
00$U$WGU57uOho7T1_YgKs;3190.0
2b71Dk9$n4ue433pGIpAVl;25118.0
2vkzxOxFTFExEv4ZVjjFBA;-5000.0
29KGJnvNfFIAuAP5gp$xnW;-7510.0
2dVyWTw1P8ie7qhlr_PcCx;-7510.0
1RsuSoZD9FJwgUvPLY5DfN;-17930.0
1wEvtrb3v9j9VTa2txvfXJ;-17930.0
2T9A_$f7X1e8G0dJF9tUEL;9090.0
2$cTxi5rz69BDc046cJ_Qz;9090.0
3kAztxMYT0be7aQOofXsZE;12734.0
18qFZrVC93evYfQgJHF7yb;20550.0
2BUffmaNf0Eu$4Zkt9YLvP;3190.0
1zSzEx4FbA6hADgwbviX0d;-5650.0
3XenRSBLr8Zh_cm6TmHxzp;-5785.0
3cAk04LSr8uhjLV_od4TPv;5320.0
3WvWscZD97kxKsxLRgqD$H;-4780.0
1bVJ1dts17EP_JAg9IIIsL;-3705.0
1KOeE2Hoj84eynSr7ic6Dn;3760.0
1OrxEF4av6WxMnpyANbwge;-5200.0
3Ajlqak_f8ExupMc6of3VC;6292.0
1pl1mlgQ17CuepS5Ymh7zE;-2919.0
1zco7JgTfAPhlSywA2dlIv;-3701.0
1FiTc7p8v0y9UhgzQdJALz;3055.0
1Hr8PsfiL8PxGE1GgoGr5I;4346.0
0qImv4fdbEGB6_w27s1kzp;-5330.0
0J1rHt1$D8vhyd3Ns7PWDN;5130.0
3bDkxPuwP3GvO2nR8H3aUK;-3468.0
26vfhSIzjEduJ0VEx7GOlO;3538.0
0ux$moMmjFavZBOPtN4hEJ;5279.0
3fvBEsmav4_BG6LCB0W1L3;-3381.0
1U0OiDtfzByAxO$saMy84w;3055.0
3r6oHyBev6ueAlnUbNED9l;4500.0
1zIUDfxAXBBvw3w$Can_XV;-4108.0
1oq91Z4JzDvgRVMIcdP_m$;-4788.0
2Ai62SIV13o95U4XoONIEB;-2964.0
1ZWDV0O6H5Kf38htfizj_l;-3354.0
0$SJyBqHT0Gu$xYLtTUr5m;-4319.0
1RdLOwzDLBhRIOwlTuJVPK;3006.0
1DbgUGIX59luQ3BTn1864e;4250.0
02STYPPMzA7P8ou4EaaHFD;-4530.0
10lp9HzNr9ex6eow8OuBvZ;4307.0
0x6g6PgCHD_PWgFxmPb8xM;-3465.0
2k32IELSrBJvWXjbX8G0fZ;-3226.0
17qPDKuB56VBG20jGW4sZl;3379.0
1iiOcnYFf2qeAfQtKvmXt8;-5660.0
0VHv$9idH2XvsgInQJl5qj;-3900.0
0w9Y0cUBXEb9cmNTjArjU2;4730.0
06AAIjqKjCpQQq2Wx6umwF;-5395.0
2Fh5WydKnD481zGYgaBcsk;4900.0
0VL53kfyr579n5c2hPZLGt;3960.0
2lxI1x1wv8TwkLbEdON2OG;3226.0
3IDOQ82w57lPf7wSnomSZP;4071.0
0mC3sY8x50OxzV3BDBgedS;3080.0
3jAkK7QwTBqQhkxqax8yCG;4805.0
3ybOh1JAzCsx9wQaH6lN3N;3354.0
1CJTOHc2j2ZOTWr$jrgIaO;-3610.0
1BPC6Z_F19wQcEB7w3GLdp;-11552.0
0CpcH1i3b4eg51PzNgnfRs;5917.0
18DbZZ$bn5YQvPw3OcTdLX;5871.0
1XnO$SsDnBeP9wH9ZvoCg_;-5872.0
1wGKT_2iP7me3dlXPeH8lc;-9889.0
0XEUIGMff7_f1a7b5_xeVj;-4349.0
3Sq1k3yiz0mxmEG0ZJqexr;4936.0
1Vv3B7t$DC7Q5ZUNgVUmkO;-4936.0
21VJNvUYD8UQ2dpasFVuEu;5000.0
3kA6gK6P9EYQ8eeV9Szvey;5922.0
0Zf$QeSNL9TvEzzb1hW$Hk;3033.0
0hPgCSk5rDqhRQ29hmxDkx;-5101.0
2xpxKhgqT6zhwOaKXmisuk;-5145.0
3jAiQ_uxz3Bx4eqvQ8kBTl;-11178.0
0$zW8IPTnFRvf8MA9l4pWI;-3482.0
3DVlSQs1T7L9$nGPSMvRBN;-5086.0
3eowycTWrANORH5EyMmJbd;6338.0
0AG3Wgyer4k9qZUxjEv3lS;-6128.0
3WBSZW5vvDRPiPTm8OotRR;-6076.0
1dMIz3gZb0EPIObTuIZYU2;-5634.0
1gruZ$vKD4qAueNOeiPwsD;-3095.0
2tAo_U4yHC6wb3qkm9iU1C;-3131.0
2$Qr$uvNr5g8rp3ggXjGt$;-5881.0
2cFWso2lzAch2zw165KO32;-10679.0
250YD__rTAgOOQZSo81e7G;-3175.0
0ea$h1AjP08xZ$1dyGWz6O;-3380.0
3TedQDBlj4CPc2lEdffDCS;-3033.0
163UDu9UfAd8r0fhFindXp;-6380.0
1iTpcuf4nBtvQwcT62EGeh;-6380.0
1zKKvo8EX8vB1knzz1NwvN;3146.0
3lbHoOZD53pvmdAHtIa3xg;-3014.0
2fQLjhZZD2sR0rvzDiDS_g;3437.0
1V2uXuH09Bs8p1y0$PjtKh;6338.0
3Sq__k3sfEBe_rUU2dqpzn;-3190.0
2QUYW2fUHDyP4AYQCXFrLE;-4476.0
0t0mpF16H4Pum1nAobqGsU;-3408.0
0_xkTinEn1g8KwE1jzX0B8;-5186.0
1HZU6xoQr3jwZ3WJBAfhqO;-4250.0
0jX_6foDr73vmU5PXnMXT3;3600.0
1ZLqoSnTP22Au14bnEsCkx;-2998.0
3nr216uZ9Ethl6MJ1rp$nQ;-6153.0
3tzVF0Kuf4kOLhAKjtmxd5;-5448.0
167ZLGh9z0vfjZ9hKPudfN;5660.0
18NBOigA980RCUqbV9Nn8s;-11723.0
3kJr8yTyvD$O8NFKUdLk34;3226.0
00c2TUDvT4m96rkHvKA$Bs;-5236.0
3LwsbUAKf3guOuITtqBm$5;4868.0
2_6jwhOdX1CPPGiR$Hu6ka;-6080.0
1h8X1ZR3jDduX2fgI2nngK;-3146.0
18t9IZYFbECgut5lI4bHXG;-3190.0
3pJ50_K8bEVfO625YCWlFw;-3146.0
2gC15EIr5588by5gZMrzlV;-5151.0
1sfasX8tz2nwmJBNej7$9F;-6160.0
3d7y1boo99DRSsXPWlXxl9;3014.0
0K0OX2xljBzva_nELJoJe0;3610.0
2Bd9CEW4n53PSsALFeweGe;-5086.0
2nH06q5mr5hPMeLxFQN1Lz;-3284.0
0jCoqsc6fENAAdXWNlxY7m;-3408.0
1cmy15TyPFTAYI4wk7ryUE;-3131.0
3lgxPVmD11oBO8Lg8TvywI;-5069.0
1UtXD4R452sgRVH_JfKakw;-5380.0
1QjC6S86zAWhXxQ6f1ssyW;-5151.0
3sXnV8UwTDRww6h9a6ap3m;3142.0
3uueHxvSf8dwM57GQvyYtZ;-5831.0
0rhXYCWm1FRfRMF7Pu9CSl;-11723.0
0QLBb2cYDFs9GJKywcxUC9;-3372.0
2Pm$ghSnHBc8xShEOZDlB2;-5186.0
0I_AVc2JXDYfDyHFNd7cYK;-5667.0
1YQfdLa6XAt9aSv2e043Ri;-3190.0
1hrziJ5gLEaOpUWupxqqLY;-3190.0
0WwhjCmm9CjOaUO0c4NrIk;-3199.0
37co$z9jPDBO7UwbuYZSHm;-5267.0
0TyMqXIgH4vRlkaWiYyRaF;-3023.0
0smCXq90b1OhDM82LSAd4D;-11723.0
35t$vZmUX3uxvCSeSeSHAM;5495.0
2Wexsi7Wv2yO4ON9cXzBpJ;-11340.0
0ZvI2tNd91zfzqHwDG8XRp;-10679.0
3RWaJBImjBjePMWNA4mgeH;-4298.0
2KrqYv3b15M97ajr922E91;4263.0
0vpAmfkIT8YAmy8XthBiV7;-6080.0
390x56y8L3FfpAEkQ7umNV;-5110.0
2kysLHNcf6KudXxWQPA337;-3131.0
2Quaq_mJ97ghTPf_R8Bxne;-6128.0
2SEphE5D92r9YAgloZ9_PT;-3190.0
1_vdKnizXF$8zk8G32_tss;-3019.0
3n$24Ni0vBuePycYcZ0kR1;5508.0
1koLE6UB14ovgkM8Fhwlaq;5276.0
0cfFvPVCv6HhorHPsxGS0C;-10826.0
3uKENXEGfCqg_ebBh35Tn7;-5136.0
0fgAhDPE9B7AAntyh06uoM;-11723.0
27s5jsTg99ARTEqisEqw1Q;3072.0
2_tJDDL4X26fSGtk8PHX6P;3072.0
27FkjutBjF48A1Vm3TNhSF;-5151.0
17hMtwEJnDde9MUfM23Q5F;-5536.0
3oXg9wMQnAxhBLawSsQ5Xp;-4879.0
2uMeFWqkf4XPoLmGtjMBrg;4238.0
2c1nLVx3H709pw_C0uXGKf;-3244.0
1MAXrB$lv4qgfARE8VEFQK;-5409.0
36C51NLyXDdQjdK56pczB0;-10884.0
0FWlyaVJn3Sgk45UY_U5bu;3482.0
1bvgXbII1ByPrEJlMxTZWx;-3258.0
001hr5bVHCg8iq2GGqDqat;-6028.0
3N8CLnI0j0sgz7W4jv5Nyt;3316.0
2RnoeJvvL0KRTOmh0qUUC7;-5201.0
13t7VeX4zEwv4S2136G3uI;-5251.0
3WHZ7SqZT8Svu0VNMh_JEP;-5251.0
2fJu0I3pv819aUY6h0wNIu;-4552.0
0mBZ5ejsr78BkjryqPsfys;-5332.0
0S_lQaY9zE2xVZLd4gdBG5;-5110.0
1v2Ipa86n5K8Sap06bxTOi;-5536.0
2Wvfh8bK98QPEekYOnHnFc;-3033.0
3zQ6PM$5j2QhotjntCyNEX;-3033.0
3JHJn9izn0R9Nvv0iTfXuN;-3033.0
0Y3atxel1EzQJ6RiadgFWR;-3027.0
38RO313FjF$OUd82MCbSGU;-3199.0
0vPjcenzb86Ow8qrh2yTYy;-3700.0
3QHyNq1L97mOoEeMUO3BaX;3195.0
3kkT5i$crD_hmX89zqAXbC;-10679.0
1JQHsGyGP4VO$$THnYP07g;-2987.0
1hUFqMzVT6IfIORu4uKH$_;-3175.0
2413AvugHEh8v0FmlkSezG;3372.0
27uwnUaYD7KOjcmogvZGbw;-5068.0
2cnsQQlm19C9i5bgb8Tg4y;-3017.0
2rP7CkGV19Bw9CzvR$Czzz;-6160.0
2zy1gxGb1FyuYlZX9$TLCv;-4777.0
2Laf0s3SvDyg74Xmct5HX9;-5095.0
3rIPGADOP65QtXWcBJZ$ED;5067.0
3ljtuwPIv579MKc5dI9BiP;-4683.0
1djC9HF$17rAJ6Zq_R1XfU;3399.0
08yuXrvaHF0xhkreQgO9b9;-10988.0
3KbXK9kJ5FYev3$p5Tr$d$;-3245.0
18z5GiGDv3kgSSOYap$GQf;-2987.0
1f4W_dvO13$xwB0azR0w8u;-6082.0
3_k1v23tPAyRbglMT2FZp1;-6082.0
0rZRRtaZr7SOUIyKujHPth;-3986.0
037sKVGUz8wv2Q0rczlujJ;-3408.0
31TwDjH0D1DhEzeP8Ctvln;-5881.0
20KzNuuJb8kfUhfywNkQqX;-11178.0
2s3B8k9fLAVuctjByQvaal;-10327.0
21$MzOTfz9Xui00x3YP1Y9;3146.0
3iW_a9grPA3Px$N8Pe$Hh2;-3146.0
3Hvk89BVv1AwgvjeFJjzyS;3147.0
3BVjkNEpfFxwfsQ$Jcpyun;3072.0
1nsd_fAhn35QgwTt6leCt4;-5747.0
1N9VLKMPX5w8hxRIPUEJOJ;-3670.0
01ULJoW$T8EeGg8zRRQTWg;10679.0
1t9$oGWX5BJeM4PErgsmqa;-11178.0
39g33VbuL59fCWwVy89Wej;-5831.0
3KRSJKeer1$uO0IK$gcoZm;-5831.0
37KHbun1f5Vgi3vz6cTPP8;-5831.0
1Bf5OYMTrDjQeIlYwMmgNt;-5831.0
2$Tal0VDT9MBWza$SSxMds;-5332.0
35O9fj_M99$BUbXtNERMIx;-6103.0
3rtuKvr5P5yeHkvkEah3Ci;-3014.0
2Mdj6KNz57PfP1MKK5vU8B;-3199.0
3uU7qJrePDNQlM73x_Pw2R;-11800.0
3ZK3G_pPr5Dv8Lzj__kzgt;-5636.0
1u$Pl8t_bBfxZdZsRA2aGy;5816.0
0lfGhfyDv7XAowWfczecOY;-6103.0
0O0WCRivL5qf3Noe3I7cUp;6796.0
3adw3BGqv06OJUJH2EIXBG;-5636.0
1wKt0J8Fj3XA33r9XBjsPy;-3190.0
1P$38Yoqb65vHd7Y4TGO70;-5766.0
2SPisE7aHDC9PjPNU2l2UG;-5716.0
2B7KRXt0DCYhTdaU$eTQ$H;3072.0
14$pHyMUv1FupPGm6H$BOg;-5650.0
2yfe3LHPHDivH7QfHWR2VD;-3190.0
1pPiaTKsD7RP1rXVrOs_aM;-11178.0
1cHrykctX3iRe3JoFeayy1;3276.0
049XI7Ybf0_fTD0eHjecsa;-5513.0
2uXLjRjjH1Of8YuAIWNv9l;-10679.0
2Q8_0cKD9CVRZYjGWXUqds;-11340.0
1FceQaQKDCvvKuuRwT34ZY;-11340.0
2B81k6TQ17oQkY9h8_6M1F;-11340.0
2YWiQnMz93cRWzeAKTxgBP;-11340.0
3mdjkKf4n6hxwk7WzlU6XR;-11725.0
279qzK_H1CHhZ8vJaXHo4R;-6160.0
3vxQ7RUOf389dvqH0MFWgH;-6028.0
3Qk4iQynjF_OTgummgbl1b;-6028.0
1axJjXcSX5u8PR80GxnEgM;-5196.0
2jkN8uhen0Fgfs1xLmhapr;-5817.0
0YEhHLbIX36g5RVK6eq9f5;-5976.0
1zgVtahHL3Z87fdNG8dEpJ;-3950.0
0TV5f3raf1guO0i_V6OHv9;-5000.0
1AUTDW97HEj8JMmxFOfABT;-11178.0
3wm_kwNDT4VB9j8giEXxQA;-10956.0
0RZ3vlHVX9B9hycDPo4UFd;-10956.0
37uxM9ENTFwApngnxDwybC;3230.0
0R0IMQEO14TQG6F21LYGaz;6338.0
2kSHpRN_9EewDTAojCoXP4;-6338.0
0cMw8qoMnEne0mO6ZUqUME;3272.0
25hjkxPEf17Aeoez_cHrdf;11416.0
3Uss8aHZj1MOKL1hzRaChA;-2952.0
0RLmQh6Rj2MeApnfa76Cq0;-3051.0
1Wkdfbpt58vAR54rJYzG78;-3307.0
2U9RPjwGnA8v8KkZB0ExKx;6475.0
25IJFANn54HfvKZglhb0qK;-5992.0
2wqo3moZjAbuema_AH_R6F;-3753.0
1IZgUxKD18SwNGJCmfNE_4;4642.0
1NPLpsqPr1KR_D_N61TWLF;-11373.0
1IIMZr2Qf7WQTL7G7EVUjf;6560.0
3Rv6HsUab4VPSEqNM$xzHK;4185.0
1L8z_wVwz7Bx6l15kOrTfS;-4763.0
1AgH6zXyv8ewLFee66w5eW;7540.0
37oymJsaT6wRXjX$hXGtIE;-2918.0
3Y0w58jWD3Eh4iKb73Ihqy;-2923.0
3hsaXS9iH1RfA9Rp1FbfwA;-2916.0
3geZof1rjCxxhOok8nfJxu;3601.0
1o$8cylFr1PvKaC1QMCAKB;-3750.0
3BACRwpF1EnhMUfIs8fcie;2991.0
04_QXaqvz3Jwh4yxo1u4GI;-3357.0
1jOhQI0vP40vXd$nm1AAgu;3015.0
1KtUg1sUvFeg8A214iZrNx;4642.0
0iO3BwuNPFPwt$$CTeAqgr;-6785.0
2EwuhYtUz3l8$DpKdAYqzd;3271.0
17xcPYIc12Du4p$DQo0R$M;5800.0
0pwlE_F7f7HOeI0MLHzt0G;5686.0
3zjTOmT2vFogK4Hw65ARmZ;11300.0
19Jx86$Nf58u9O1DjgoH2b;-2991.0
33ZCKCQjX4ag6_A6kiiG80;3272.0
2fzu_9tev8CuSjVv9RUsQH;4221.0
0FSI5GiPzDPR1polCI_Ex5;-6261.0
0q3Uk7F79AZugAPHSBoygM;-3388.0
3VE$SWAeT1_QY1Tiqltzq5;3270.0
0UncKpNlfE6hA2GhlNApgL;-2922.0
1l8XloFTDD9fJT$dfxULev;11626.0
0vjd$FMjf4TQJmO1v7D7Ol;-4830.0
1JTTZMKpL6_QW9emrRmhvv;-3188.0
3Tx3EgH3bBnPDeKY3cJsiR;-3500.0
0euGykk5X7SONvjiCJA1Yb;5760.0
30vF$GH9fCpPnifQ$xgUiT;6382.0
3kPsOXmxzF7R5QYVymn1Ey;5326.0
0sdT_e14DATxY2RbvJAfjv;3502.0
3ln85el3XF6PiWyZ5dlVvz;-3988.0
33TCWthlXBNOU8TxpeNf3Y;-3682.0
3EPW_qV1D7lP2aeN_OgTaL;-3717.0
0F_2ZUYN5FOuTwfpjpRb_0;9803.0
1d7U3j2qL1PAEFcc$hGs1f;-4167.0
0xA12$QqT7hPELXap6Ocv9;9797.0
1Raot1sr51W8Uk6J13YjCb;4198.0
0UzBs7Zm5BRv96b9PS6x7o;5334.0
185QlJ8L93kwhqVzKwttYl;3885.0
2T8U$DAt55a945$YwKmJMj;3329.0
1BHfhbn3r0NeBj4bDZr50E;3123.0
0T7vT9e7D8K91A4BV9wekc;5261.0
0wVDqLz$T8g8dLlzYE0uJk;4048.0
2MN$kzWhr63xO1p6X4PyjD;5724.0
0QebZsge1D8PhoA$RH4mQA;5956.0
26f_TKlcD27frLozuZmz1$;-4905.0
1oNBsHgMT12ew$7cv8B8Bt;4483.0
00zwI4OqfBLubH7BUr_7Xr;4483.0
3vp6RJPAr1HAxzwioup9eY;4483.0
18pQFVQ4zD1w3bV4E72TVi;4483.0
39BdUye3XCqvIR3Omklp_u;4483.0
2gq49G5jvECgjKnj0gIrJQ;4483.0
3xvE4rOSvAPwDwwv3MFcXM;4483.0
03133q9X9E_Q7Gn10KfSPg;4483.0
1eNelohF532whpUrjxQRl6;4483.0
1xJYkJhXP9iAqSMAL9ukPj;13044.0
3oG7gjiyP9EghhmnPNoCdq;5736.0
3Q_hp88_DBPxO2rAUjHkXf;-13135.0
1XmC6pYKX6CPmPP5JzLUG5;6392.0
3u5fmT0mb3UPnSeN5TJLwx;-18572.0
1KT$iGQ4H4HPAOg0QWLyfz;-3978.0
2zFFrCS0f85PX4NlxtAaT2;-3978.0
25Gb8oOlX8SxtF4wBQNFDX;-3978.0
2dJmMmDj1029J_bE2xLi44;-3978.0
3dl6E1JuD6iw4DIJK_jN13;3481.0
0Ac0_WOsr2rB4g8ZieOLZy;4815.0
1psXTnlp97vBOcQYtSC_Ci;3169.0
39mAHjCZH04OwPVDpTiMv0;11514.0
1y9sE1ThLEWf4zMETpExSe;-6243.0
0PpMWXztfAbA0NQPZaA3Ji;5260.0
02mxX46418ivDfCAqxTZrg;3138.0
2NqnpXi9X1FeYH3918QWDi;3400.0
3TdsVX9sv02PKsHTuNExWD;-3475.0
3qoqMHFlH4JQu4zA5VfExS;-3475.0
18k4m0wZP5Qg7Mp$raByn7;3352.0
0bP$P2mNr5NQL6Jo6caRw2;-5219.0
21aP3lY5HA59pK7c0NEyZx;-5219.0
1wt8acxkT9i8JSQQ3FgQ2w;-5219.0
0GUcEiULPA$RCN_GrxIx8Y;-5219.0
3r88SVr8j5CfSD5$BXLQBF;-5219.0
3Iu3Hy9RH0SBOHMWUT16c7;-5219.0
19A4p_l2z6GPQEj$EB2Ssg;-5219.0
025$oh5d92Bxw0Br8Wz7UL;-5219.0
2t8cX3Cmv769N7_PMxifee;3225.0
0UMKSW21zDcf1EO1auRudJ;11486.0
2DlNPjmGrEa8f13g9whQhf;-3648.0
0nU_Oq4rn2R8SQAIncjqXI;-3175.0
2PdHVNmtX6gugKXzMuXsOd;3175.0
2$NbrI38z4yuHRlkFPwcM8;3175.0
2cHu9Ic9n0SA8QiOhYhd$D;-3175.0
2JTxM8wpT9TBSk97xzrzvL;-2918.0
0z3tVE1Qj2_wjMT3THl8LW;3501.0
2ph7e9LUvAkOsHdgbEVa04;5548.0
156HlxF698LBMkhyhui3py;5548.0
25hnEoXwTBfuuagK6LHWYF;-10449.0
1XDiBgFEj9tPYR8cClzwB1;-10449.0
3DhdhnUoHFiOS69gOVAxcr;3979.0
2zhvwRCAH8gu18EKP0KTM7;3457.0
3IxIoO3NrDTfL$twSU$G8F;5000.0
0_Ee$pc29B2vCmGYutmXBU;5000.0
2sUijpWtfAKPD9MLyhpAA5;5000.0
3Qiz7g3jPBJAJAUxcXkt8V;5000.0
0B3WOCi550rhUdCQLnKmdd;5000.0
33iXzTKEr18gfUEOtid6eA;5000.0
0urSkLE$P4yvt9N6Slqlbn;5000.0
2Tpz5IZarC6vHJeTc$QLwt;5000.0
24oLrfyGHEoQAu5krDC4DW;4653.0
2sGfAsQVj5WAYvil$ODs70;-4917.0
1ljvSb2XjCW8C0xJHHGARC;-6098.0
2hIdUVhS5CgQUKeYKRyHGu;-12222.0
0DWUNGLLjAzPF3b$IfvTDR;-12222.0
0jrk$iocf0RBSMlATu2TJB;3175.0
3vKMgzDUn38vFD2yjRBabD;-3175.0
2nS3Jh_yj4LfXfBaNBKGdW;-3175.0
0YeteFwJX5z9D6$mnYYIdq;3175.0
0eFbjFGfT0tebLbvMhdClm;4506.0
0M6EuLImnBlw7IRIAzNiWn;-8661.0
3xmwe6qr9BQvOS6Ins15JD;3949.0
2_lYpGyfXAcQwWn7mm48xl;-2960.0
3x5DuyBX548Bt4AC5ovA6h;-3500.0
2K_Be606HEWB9PNu2LuEjt;-3268.0
1E80ZMz3jCdwab3E4yiQxz;-3175.0
20aM2Wl2TFOQD7FnYPf5Vm;-6350.0
0M5G00xzjChQmcEFamX_nq;-6350.0
2k2pW$OLvFaRRvCQoN79mc;-3175.0
1OaMzmsaH3dAeBny5MrIdl;-4575.0
1kKZrjM8v9ZAmnDmXh$FnP;3050.0
0iggJHdcL5hAPXhXoytMxx;-18381.0
0H08jvRjj82AcmikocpIvf;3501.0
30umzaSbHEzR4R0CVC7mrE;4640.0
125ohiH3965wiirjJjPGum;4640.0
2AoHPpC110pO3M5lmRaC7b;4575.0
3Rgwz4UcLCeBQi2hQM_$nj;4725.0
3u2_b2D4PE4BXwzFL5vsUe;4489.0
1yMUfVb5n7sPrZIF5Y4MbS;-9843.0
0Y$gap_y93NhFlLde42yzi;4845.0
2TaqVVYODCi86yh9NOEi_v;4845.0
1YrUqHlV9AWQLaKxuBHBch;3056.0
1uGZ_LQEXEaBxzOE4qf2MT;-30895.0
3SndM3HBjELx5w9z0eGHiH;-11464.0
1ZG$FyvDf7lAgIZWrCQvTi;-2988.0
2kPC7fH$f5jQDsPERTnw4P;-24434.0
2HQMV2KL5C0O3jJwvsnEp9;-10918.0
3Co7MhN6DCKApg2bRPzOyO;-4636.0
26vib08ZD1CPXXI6Hrnhrz;-4636.0
02aVrcszf9o93jU7C3eM7g;-4636.0
0qkFwIA8H3n8FOrg22A2pp;-4636.0
143B8uW9bASueJudXjQ4tK;-4636.0
3Rw5RaGAHEFxsOWrH7qpZ$;-4636.0
2SbD55L$jDMvkjIjDihmIK;-4636.0
053eak$jj4ABAvtJlv8tra;-4636.0
1HCgeZ7tfBxxU3qa8v8JEn;-4636.0
2uyGdU1gD4DeRHv_C3q9pg;-8092.0
0qGss7yUj4KQwfMkQcH2lO;-5614.0
0c0zvc9Dj7kxlSILmnGqI7;-3648.0
2ItK$jDGT60OkKxDZ_0rGg;-4430.0
0$7LMsva98JRCJubBRio3A;-19787.0
1RVTcDYzTExxcBPf1vSNA_;-19787.0
2$RKLuVZH8e8WRb$e3erPA;6056.0
2TBZ05ayP7AfgdnoB$NFjK;12952.0
3bhKYlkfrFcv6A7y94PwvQ;6450.0
15ozYG7ZD00gWKswDYO9ea;6450.0
1i6JJaphH0Rfsa$$Ke07k9;6450.0
2bA2PAXeXAcuBz6jgaAFXb;-20880.0
1WHAIBszDD2h4sIIwt4$2w;-20880.0
3M5ZV0GgP5CvI3_0Zy_$Ck;4822.0
39LibHLfbC_fQv1ZqOPnQz;4822.0
2GKEMSLgD5LwEtabwp3jW7;3070.0
05YtNwyG9DPhG5u7NQXvwE;5968.0
2SC$yA5yHEXB6OnuV8iskC;2995.0
22ItjnkwbFQPWHh80fDnJJ;3175.0
1lzjONkoT67ukIHm6qYBce;-3175.0
1s1nWg_afFqe3_SQXN_i$W;3175.0
3UUlaYZsTBXerHgnj56EMC;3175.0
0ci52xXxX7NxvVd6qJDJc5;3175.0
3BwDnsl1H8HfuXnRG79vgK;-3175.0
2oCjx3FjT6eA2TC9qfd1AR;3175.0
2GO6FTkyr3XxdvltgXAOFm;-3175.0
2aQO0MiczELQGV$tv72qFt;3648.0
2BHNoJj5rBZxReZ4zyhAu9;3175.0
2Dc5Y9cBv05B8dA_6YBd44;3750.0
0M64PXBmTDeOY4nktLZEnU;7740.0
1v9pWMvKr9dBEgvW9VF6gy;-3527.0
3kjU9sbZT6vBYjKE6no7pv;-3527.0
01UXCIrrD0rQzoQ$ME9A4I;-9818.0
3o4SAFqjX48AU6P9ExnZ6O;-5438.0
3a1XuySk5BhO3Wr8ZSAcpV;-30663.0
1kWk$VysTClA23f3Ns2gF7;-24667.0
2tCDlJQvP0QO3CuDl8mP82;-24667.0
2YfMbShPDAsOVAAiBiGzoq;-24667.0
2E$sEdbYHE1v0U29PpNnm_;-10470.0
1MLvUJbhT9jQN0FOBuMNJE;5374.0
13aZYzxSLCpxrE1DbC0L0a;5374.0
1J971mA$5Bzvp6ULFXyvJ5;-7888.0
0wdIiaYkX8lxrjoFrLeiD_;-8660.0
3RcVZSs$XDngel$RWbVVL6;-28243.0
2hTPGSyuX5Ye$ZrgNKPdwR;-12898.0
1Vx3$n01H2Ng3DUIbon7Qi;4543.0
3ey9AM$eb2JhcUSESlaOqO;4543.0
24B6Yd9I14PhvPpqTu2Ibt;-11555.0
1ybNwBL9DCKurPkFHbUvVP;3250.0
1puKdJVRj4QRaB$XD9ZFHU;-12229.0
3j$U4xhKH1f9nKoAhuvCRD;-6136.0
2NE4nkdxD1iBvCPlbOkK2g;-4905.0
2nbWSYrILFEvridi4aae5d;4905.0
1v$VKRr$PF9fzuU7JtPwtZ;3225.0
2hZK1xZl15GfffRAMKLZxk;4905.0
3tuZLbt$z3CP24DY7b6YL3;6475.0
1rslvqXCf9wuwQy7snwrX4;3596.0
31j4535hf6zvRIRZky6nHA;3052.0
07cHnOAV96sf_bmeU3WOua;3123.0
3CBCbFlBX1$QQ0rfNBJdXE;-3500.0
1xKMrdvzPFiBl6UvTd9wN3;3305.0
1kkfBWcKvDPvNhPCwLfFhv;3400.0
2OlIdaR7DDMA0wdc1nCl5N;-4260.0
3ScymKMpLD39uVHDRD7Mm6;3620.0
3rRwrJP7L7uwQHlkhT1oyB;3169.0
1Tf22gnEPAJuQJtibtFaG$;-3807.0
1EX2MIbiHDJgyFS6o0t$nV;11646.0
1C4GOh3cf9LeWPZElupN6J;7940.0
0U$0uQa0P5Z90BRjppq6JS;4383.0
0EGuLS3y566gU6qqEWj5OW;-3988.0
2Be5Xjn$52qf14IehUS0bC;11600.0
0UhZLm7yf2dOoWx298ol2D;11646.0
2RyM2zJ75AJBxdJXhL_V5r;3177.0
2ER$O9Qx548elWfLz1mJZB;11486.0
0wAiZzeMH4B9jrnk7f0lXp;5237.0
0eMt9MKKH3yuE3xsKAajqr;3354.0
1HtBP1xv93nfDXo7QzvC2G;5207.0
3inuJdUBz8j9lXKI1YLkgM;-5220.0
3F5cfq2d58Ox$RVFJdXAMI;-3710.0
1wlWBXH$L2nwWdmQhKDBAe;-3710.0
3iihVx0i51ZwqK9NneKHdL;3990.0
1Xo1MKYs19Bx__NB2tmyhI;3596.0
09F4_$lYHDmgRR0RYlB0Wa;-7519.0
3co_DV0Hv0Lwxlt8Mi7mJv;3698.0
3PvaaVT5z48xH3ZhtcMITV;-3019.0
1vWMkC1lH2WvL2YzlokaZ0;3070.0
11ppOQvoX76x1KvOqNRvDr;5171.0
2TCpSCaPv8Vgv1pV5aqcon;3272.0
2j4YCIPdv6mPdTEH3bfedO;-2945.0
1D6qP$2uL2XALJa$pczUFT;-3719.0
0XsZAIqFj4wPzX9wTRIolv;3641.0
1rwaRmg9j4f8d_HZD4uGN6;-3978.0
3wEcEM_lL7gRc69sW5JAkN;4198.0
2xIuq1n$bAFgRZ4gYUQJ3u;7940.0
1CeZbcBo5DnRA5i8fAOMt2;2995.0
2yR4Ye5QbEdOTayZPFMW7l;4106.0
3_xzPz0UnB7PQ9XzGI$$dS;-3080.0
08U_7BYZ13DxWTmiH55NpB;3168.0
2LzcD5h1b6jQcex5dPNTDq;3468.0
1V6Ys0vGfBaxYHd$eESd8V;-3978.0
0VClj49BLEzhLDqE1DdCyd;-3006.0
1yrRi8jh53weMHMinrXJwb;4005.0
2Pe24T1az28eGKR1wUyE6L;5821.0
3Z3W9bAp5F5BWoJw9_DAuX;6086.0
0QcdFz8IvE5ARY8EASRLeZ;4254.0
24yVnHOfbBjwLDKtXU4gxt;-3390.0
0_qCNS_gb7TPCUfuEjYtUp;3169.0
0KhVJs681DsuINUW1j4oou;4540.0
1YrmZfkp9CfgKFx4dx3MsC;6172.0
2a8Caiswv42ga_I1AsjcWN;3169.0
0zUheQYq99qAYs2CTKyxp$;11700.0
3KYWsBtJb4bO33TPjgfKFM;3995.0
35f_NMqED2OhaCTIcfYP3F;12300.0
3mtyZLeHT1$eIVP9BLGQuv;9099.0
2uJ$58kYT5tA8izHRp3K_Y;2992.0
01zlZARuP20f6qL9e5dtAH;-4749.0
1JNwuKFeb2FevlNds3Bzz7;-3002.0
31zGEZHN95vANsG$qOYE59;-6515.0
0Mt6qctXvA5ejP5QqVKQLr;3123.0
0T_vzGKRn1lABYAkmPV$AJ;4157.0
2aUU3AHBTA6AtJoYe5aokV;3960.0
19mPNYSfr9y8ORHX1e4TlQ;-5244.0
2hCACoTD9CGxWhbf4FEeIC;-5184.0
0CgUAs_AzE4Af28nzArJun;4300.0
1pYfO8bIj5IRxsRNn_C1Po;2995.0
1zNo30qC94l9enNIvf9AZx;4221.0
17WZj8gQ94qQg1aZNXabwS;-4640.0
33JjTg3iv7HgbtklQ6fycI;-4640.0
3ft3nWGHHDcv1khATaChJY;6170.0
33Ji2JHar7_Rf6_a$0rBS5;-3978.0
0ZV9DCrufDE9txeWs9Q86E;-3500.0
1RjeKFFc5ElvlE9Kpog45E;-5158.0
34co4FNpn6kPuAPXaOcb3I;3400.0
12ttJsYTr7i8FqW7jAsr8a;-11384.0
27DlCDS1150wviOBCIPV$D;-3975.0
14rAbT5PDC8BQKY_m$SEll;3776.0
19ZHiwTA52JvIOqTlTgrMl;-3797.0
1nT$rFo0HF3xTavvktj2Vb;4211.0
04rvDV8Xz2XRIPZJpjjgfR;3390.0
3IxrE507jCYxHd3x_0xpd_;3781.0
17ZRT0nLvA3hDplIB$W0HK;-3280.0
1DHwRplaPBPvfKa6w7UH5L;12964.0
1KkpM8XN52ERd_oP1y4$Q4;3463.0
2XBvUdI1HCTvUzu$_BQh2u;11506.0
2GiSflc_HD28ioSqzEIj2r;-3680.0
0FSFAVO_v8UQUsV4g73LKp;-3709.0
3iymjN0P1FKBROE_0t$Ljt;-6409.0
1cp5wDDkr6fwnIghZcWFFw;6295.0
0nnbbuJK5EIRH3m4MvSNyz;3161.0
1T9C74x$H1iQuy3dff3k7j;5476.0
2sIK4Vh4j0rA$yoG9l3d$Z;-3978.0
1tioXPTCr7ZOwpE2gtepLI;5776.0
1Nm$mGXq10Rf$1y487miEf;3169.0
3g$CuKD0n1CQmoOiV8ZCxa;3070.0
2WMre2CUD0Txaln$xR5sM9;4446.0
3rq_ssSMn9iRwLemcgr_eM;5506.0
3HDRPnVqD8qQoskrJc_Kz$;4100.0
3CshFnWuDDDhsbViq9c73j;2986.0
0NEtdSW7X4J8uBRUUZnN7C;3095.0
08IjYHMV1EhwRIYOMHhRX6;6410.0
3h1wX5o39408IdRArcFPkl;12943.0
3pzea8LMn35uUpbUf9RcxW;-6384.0
1MvRDpmwj7H8lfMfrRHHGB;-11375.0
3tTGfkCDj46R3DVkMTGt6m;3272.0
0LZxmfGJbAWhuMFs3chSAp;-5678.0
0HPg0wbb1F8QXp6$c3UfAK;3169.0
3Qsn_4t1b7ROyQ1D9dPrFV;-3449.0
2oyoKeLk57aPHDX99BPWoc;-3177.0
2Dm0ouMEj7$QqriH33ijYh;6350.0
3RMMBDQX917B0GJrokNoGa;-11382.0
3aM1grbn1DEeMsNjwpfroc;9099.0
3eujKs5wj73vSi4peNwt5$;4295.0
30voHl5Q5E8f95SKzL1EBx;-6173.0
3xifuU26HCNuv1iiOHpFaG;3450.0
0i_1vjbDrCevSWotHQR0ei;5694.0
1W_SFM1iX2ZfVecXPVichx;3070.0
2VrWz6Uc5628VjkYFlolL8;3501.0
13YxXWcv17nud3Z2K_mzmy;3148.0
3FXZ$mAOz69g9k9_McSf$_;3070.0
0FXGaDBejDjRq8qIEUTwfq;3690.0
1XDLFYaPLCkRePPKqcACq6;3400.0
3r0BHLrhrA_vUzE$oo4BH9;4540.0
1J6$Urncn9YA5N1YQUTp6H;3393.0
0F0xTwRmn2TPk6gF7DYc2A;3305.0
1YkXpFPH9EdOsBMWVZmSza;-3116.0
3pCavfBAnBefbAF9gSbvET;6465.0
2djYQxbFr92um26VmP9BJm;6170.0
33uzIQrYrFbBka_rygZiWd;-11375.0
0GrhJNjpL0uQp4rw5C5rpz;-3437.0
1qwt8NBUn0$Retd5LJjMIY;3171.0
2WQpBo3nb2FQyYQ4sCEwrN;3169.0
16BUGWN1jFXPb02mGSWc5B;3169.0
3O0vq8KUzFk8RQ2JXX9GZ5;2995.0
0T9zxUzwf8wArSNtf1P2u3;3437.0
3ooC_0uBf5wRp7BMLp8bHa;12945.0
2rOJNDtNTARgC1xXQZ$nnI;2995.0
0Jz7hzWCTB6A7UZSyP7uvo;3169.0
2YgMCWn0bDXhZUUJBgHVOy;4812.0
1172EQhB9EYwM_O28$wBBe;2995.0
1zLDlkq3X0lukMpo8LJtZI;12610.0
1DVs5Ja0zEVOG$Y2jCIvxw;3904.0
2qwNl1IZz8deGDFy83XDQ2;-3171.0
3A_tJxcjvBzO0DJB9n1CbJ;6295.0
1spA5zKEDExgFa1H6a5aBb;-3904.0
3a1LYpUgj64fyHb0MMncVS;23900.0
1BI5Slvsf0ChgNDRmLyHnx;3225.0
1gi_baEu5AW9lY8GGZK_2H;-3604.0
0D50eskGX4YgmUKauuk6Nw;-3269.0
347piRzUz8a9zhr7Na$W45;2995.0
10C2eSd1L4DAXFeNKDmx7n;3169.0
09sjmuPsD3F8sHMjfoW0JB;3169.0
19ztVhNCrFThK125mTWxAo;2995.0
0vbGc$cTDCuAT4hg8jo4NE;3690.0
1tp$VuF6jDLALur_Zu$L9k;3070.0
3TrBoXVZf3bOOCGn9E$KXU;12847.0
3ts0At23bAeRBnC5A1jOEO;-11382.0
1SqMFY6612kgjXrMQTF$2F;12952.0
16z0uiWxf8JOLfyMFji1Sy;3468.0
19P$uG0GHAGBKQf$Zou3PT;3468.0
0F0$8n5ePAtgiDk$IzsDUs;3169.0
3EG9$FcSjC1QJU3J3tJA9N;3169.0
0lCnJ4Aur6rgl0fYfkyReY;4226.0
3CYWFINE11Yu3WOBvl73xm;3158.0
06x5_pbhf2oPzflXgzN9tO;3005.0
2cof8TfPfBggy3Nk0ivcMQ;3158.0
1DgPikNV592heb5xnYikp_;3169.0
0m6x0OxELFRxRzixO8n0mG;5614.0
0QHYwfdwv18ghc_6X5uzuB;5846.0
0BjN7FaTLBIBfyJHbZ4s_7;3460.0
1ipk9ZM51AK8qoBoW2o4bo;-3978.0
3ixf1fLFz6Nw2uN$QwMmYp;-3978.0
3pY2G_bV9A1OMyspyEpfrt;-3978.0
0TkmxFdx94$hnSJFanzjzw;-3978.0
2dI4h5zW1AM8eac38pjKTI;-3978.0
20sDDKnUHE8OvqqqssW9OT;-3978.0
1aT3JPvLD9MBYhnvF0LCQq;-3978.0
1uKId3_zH66PtKmF8D7OdR;-3978.0
3PT3oKOO92DO9vEOF9jsop;-3528.0
0LdpFpDB58jvd7bLtslJss;-3978.0
3cpVqXjEH2CxhitB8ESiOQ;-3996.0
2KDDU9Dwj3FumFTpQdFxFy;-3996.0
3rBcmI4xj6pw1t3OU6TgRB;4536.0
0xM0kX2dPD982V2CGV0Pmn;3501.0
2qVbCvPGD1RBa9qqMuk6lu;-3500.0
3EztE_BWj3_PaV0yrZyK5V;-3500.0
2IMbeNGqPDag__p_2TflqK;3501.0
0DB5LlWZ5BdBG5F7HBNSSe;-3500.0
2RhUhD8WvAE84BGJmLcWu6;3501.0
3CNP4HL0z76xFratbwBr1q;3501.0
1axRiagGb1lgT0NH$rrUGZ;3320.0
2tfnEfGyzDbf6biALN5ooZ;6399.0
36MTFi8nzEIOKEuMtVoZHL;5752.0
2ByibzEUX7zRNgpVXHcNFx;3463.0
2HXAnWm4j7SPdXrbvPYr4R;3372.0
1XE8DD93LDeAynz3f1dMlv;-5381.0
1hxeIOEbXBIR548UzdUYgx;4196.0
2jWNBUi$17IfZSFHUBi4o4;11728.0
1PpL35$w58DOYwgopvVK3F;-3129.0
2O$2hnn$L3$eSF$fuCAbPP;-3207.0
23FjW5i0v6PA7w$SXs0D39;-5541.0
1eQV$qEIDDq9QiStyWmoOi;7426.0
1x_On6$FrC3etU_9EL_f_2;4575.0
1At$YT73P5WO6DHwou2fNH;3980.0
1X4FHUNdX1zhXhQwcYIRv7;-3141.0
3QFP0HqHjENPRrisl0Ggog;-3463.0
0LykIVPsn4LgUu8cwlZ8B8;6096.0
1oR54k6R5FRQQBN7ENuvQd;6688.0
0KcDvmsW1Fdx5mEf15HqAs;-4653.0
3ypTbpwAL1reNDBMbcqJSb;7900.0
2JAk60YbDBlBnHBZoROL3M;7900.0
2mMa6$6UD788EEdqoLNLdk;-7519.0
1VRp2lFtz4sg1iBac8kdp8;3717.0
2uouAtddv2xBAhqbRzddPv;3168.0
2MQmL2fED8Hhn$$2WBVsqI;7540.0
3F_fkKaMH9jxO1D_Q30tH6;7540.0
2QbojX$zj7CAyE55lGv8CN;-3463.0
1qNWdR9m53BRRCIjtzmywu;5756.0
0Amg8sjvv5cBrG$vEbtIri;4115.0
3sTLx4IWD6FfOUyv80F4Il;3949.0
3JqiMRViXCCAustW0zUE$0;-3118.0
0aK$kitRz9dhX7wb1rR0u7;-3481.0
30l8PcdHjCKfmAo5ZsEDAU;-3416.0
3viVizgU14gxthv00yKbSu;5856.0
0NKzrxkV94dxXvc9mF90_Z;3118.0
2FvfURbgj5rfIOd9898UKI;-3202.0
3B3hr3VKT7pvP47vsttBhH;-3051.0
13c5XbconEKBJqFyD$emRe;-5056.0
3BhwAFw4H1N8fohi6jFiEQ;-4226.0
1t81jwRLX74fUSLGmBQY2I;-4540.0
0wWiMx2tnA0Avowsr8g4pd;3070.0
3TPrnHwEj3h9Oa9gHCSyzF;5158.0
2GtUL1OcT2dBt7w_u6W$sy;3070.0
2vUGAldyv42wQkEHvCxuTr;11736.0
2fs1wsRHH29uyI8v1Mbgi2;-4159.0
2dRpPp13PDyuavlEXRZsZ2;5591.0
0nMX0cFubB3vVF$wMJknzF;-3742.0
0Q6vGqX0fDyBxAXhj0T8O_;4254.0
15yUkH3M13ahU4b8P6UyxD;7422.0
03J6oejWn8EhTROSuleI6S;3287.0
3kYdvcx$528Pw2oszxTeSR;4254.0
0$d2E0B2bANPwjjQfAn2f1;5866.0
2PY5ir7Zr0NhC0DQTWO64X;-3002.0
2JqeHsQ7P6PgnAl8XWc8Cv;4306.0
2bhsIqrpL0qvc2ABC0krDq;5856.0
0mqMJssof3lvx8qyDpzsqa;2988.0
17v_n9$Ev2WwJRkjGZQmpb;5788.0
1uiJjv5qXCMQQvEEWp84ar;-3026.0
0rbQnQQO5BNObRLwwe9aUj;4392.0
0_furTxRLCCvknkhBJpbLa;-19559.0
0PGSNMJwH2iPLDnk82IFFn;3400.0
36M7Q1smn789X4a9RpSqIy;3305.0
1SRtYyrqH3Q98IL$FVCZY8;4468.0
1Bi3VhoyLCqP9qnBgrriEy;3070.0
3ZuLrrxRbCNgjr6Fg_w3us;4442.0
1E4olJD9zAF910r529LA1k;3070.0
3dnL8wJeD0$PHFolsuuVRZ;4830.0
3kC$FmIBvCjgjIwWwBa5OW;-4769.0
0qpy3rVInF7x3JP4AHNa2i;4742.0
3wxs8ZbxjAyA5P_oOuYuF8;3070.0
2gAlCfE710vuWDHzexi3TN;3044.0
1RzlxMJLr9YOdCQkO3J20B;3070.0
24O24XWO9AoOF699t09_KX;5344.0
0uV3bNaEDDAx3TKtMUsC$4;5552.0
1$CSJnkDb0IveM2V18K69V;-3085.0
27AMU6vK54jvV5paL8SM79;4905.0
0uLuTOmP53Qwt8UHtgy$dT;-6031.0
3grMfIZL92ah7ljY3u1Yxo;3880.0
3ZJo5NuS1BGf36v$RvsXvY;3392.0
0Rh4LAq_50Ngr$Yamz6cAU;4446.0
15nEhnYK56ePbGaOOxjSkX;-3270.0
3pRMH5aTH6APYr3vqW1ay9;-2972.0
3UNQgLHnD69wCAXga2ke3t;3022.0
2lS_mqImD1QAauvsI99biR;3027.0
1adN0A8QT9YPuAC$kcIFyN;5506.0
2GsYY_RHnDTPa9_BWLimXS;5602.0
02kVv1IcPEYeM9KvNYIkS3;-17474.0
3NzA_lz8rDgfLmaOKC4iMk;11659.0
1SeA3MbwvFLQA5Z$6_V3R2;3070.0
0p2t0wHZP2EuGN$9mDQvmK;4450.0
1llDEciRn4WuDh9_NP69_t;3815.0
1gDO66DLDBiRWCuENxSovN;-10406.0
2KtD16Xzn35vXjrn1zX3UE;3043.0
2fEikG0a95k8xhi46MfbVb;3881.0
1XSEOElyj2lAuV7pL2$7aC;3188.0
0L8Z1di7vDhODq0yTGSPZ3;3135.0
23LGZdowf6EuUdbx4gjGiq;-4890.0
1dK3DPVNT9GxNqBuaBe6kW;3277.0
0u3pVlbk5CSBnhTgCTGCNO;-3199.0
1yhduytqj7d8C$qgcP93sw;3241.0
0dp3V7iBf5LwExIWOKVYj7;-3241.0
1unmeTPx94HBbnDHxQCHFQ;6601.0
2aTpKgDtPDbe_js6zpv5GT;5996.0
1SQZerZmH6_Pmxhwrjn2BN;2990.0
0gyZiJDLP9uw0fRVq7XHSA;2990.0
3KSKwoO3P2d85xtJb5ixTL;3070.0
13idMtPfD0pweFK7WG7xpO;4392.0
3Mc3_c0AT69hWbiYX9WkjL;4536.0
3fZAC$1HT8vQ$JedWLiUe$;3621.0
1rL0Xm5Q9A39wyb5L98$6N;3123.0
0gSfQswUvBbREKW81DMw67;-3317.0
1e4O6q5RTALv5JwiTE2h7f;3287.0
2Pg_CZy3X7MPhpMbtPVYOK;-3252.0
2CNURL5Uf1OgQRkwD3kmcs;3412.0
3yx0hzmwP6genbvDaSwieP;-4445.0
3I5VC8aYDBf8U1Ll4bkx2I;4445.0
0hJxnjKAT3tgIvXHUbx04K;3416.0
21QXSZYtPDhOZVoxOQ$fsJ;4254.0
1Jdda28HDCwAMymsCWp$tX;5724.0
2ZdEhX5257Kv7ceoAugv8s;3350.0
0ZxfbNeS576fjEYx_mIjRx;5263.0
3nuYLKhKTCKhnNyYt1lfv2;5804.0
1hQepUwcvFkPIk5ZooWTIE;-3246.0
1Bwlj$VS1FAxa0wkuXWa0f;-3070.0
2Hsef9UXn8Nf1kBfPZ0rkO;6475.0
2pQV_kZijF2xNdbidaUW5E;3015.0
1DVAUsclP1bf7d6xxKBySK;-9750.0
10aur_tPb74hPA6U_xOCxr;5752.0
39lK211En0uQQrRywUx66c;5996.0
0Rql0f39932vv_bHXySWtC;4555.0
0D11OHB494YRYcx3OGjUor;-2976.0
2HOV9el_fDRgfvXTQwKuLi;5549.0
02VMTxCub3XOtWLrJw44ZG;4905.0
2JUNdlwZ9ESOr53a0BObgb;4905.0
1egNkT5HjABgOCFjIcUg7l;3070.0
2R4DxSHkz0$eHMWrZdJ0GU;4723.0
2ldqnixlvCrAjST4Wkt3UL;8370.0
0gw92K_b91VxSa1AyRYSLN;4576.0
2Uai7dQWH2Tw3_IU7IkIXO;5760.0
3hkIVBa3j6JuAO5jnyPuW9;6560.0
3kp4VWC$L37hmT2OI3xV6Z;-5180.0
0FVKGKlNz9e8W6WKKq4le$;3517.0
1KlMnCCvzBXR_iWGjDHnsy;3091.0
2fe2xgjB5CiACCB$8zHXtr;5549.0
1mFNZVfTb8LQuBHvj5oFPT;-3083.0
1j4vdo_YD0FOAhUQ5Wxvgx;2983.0
1HmCt4k8j8HukBf4DvQthg;-2993.0
0EkCWKJt581BJpQmxLqa2r;4955.0
0BsRkNFDX75wY5baZYLc_a;-6688.0
3o$_NNxsbEJw$xj8Me3rH$;-6369.0
2ADYBqJAL5exILxqCX_3dU;11656.0
3Q7AleZRrAzRJKN0kv9jR2;-4166.0
3XiHhPZh13WgP7Sa61WwoN;2991.0
1h$GXmvVn28Ra__NWqVaKN;-2941.0
1Zn3wsYnHFMf7RIryVn6ys;3225.0
3b143qEIb8X8$nXGFp75LA;4870.0
3InnJExQrCdP$Kcu4D5q$S;-2918.0
0QI$txrTj9Pw7xaLubUpBF;-3123.0
0yLWvb$tf3ZxOsAxbjL6fO;-2991.0
2JT2AtBHv1WuaxFPNFoRXJ;3975.0
278Uvec3nBShGnmZEmp59$;-4540.0
1TK_qqg4j1Nw5nGB50_dQj;3052.0
3NMf1HL9z9EBAT34PVTF6z;3304.0
3J98HvetP02hDMWU86G1Iq;5266.0
14JSCkm6nBtueCVyDt$hmP;4086.0
1IjYUmlLT0Bu0xez9QHQqS;6000.0
1kWo9nbbX4qwBvS0H_VHY3;3148.0
00cqiaidrDmuUMDC9INiqy;3000.0
0qxp7abU1FsuF2$qU$N$d9;5760.0
013Ch94en2dAJOFSkLJqzc;3070.0
2NSpxedUv3_QUFNMhmy6g5;4396.0
0AGGF4s2P8lQCJLTmjTr_5;-4086.0
3RgFCa7gfBGPWxBzLlHYXq;-3416.0
168O7QQuTBRfz8e4Kgux7l;4496.0
0rBmC3_aT3_PwqQny0WTIw;6056.0
1hPzWMO$z5SfOGFgrU2kSS;3070.0
3XaxF7wHP2qB8h1VIiAygM;4400.0
1B_6Fa6r15lgRMr0DO5e8M;6412.0
2X0nvMuWHFZPI43CJY$2FF;3055.0
21KYKnXGP7v8l2APbfGp$v;7878.0
0L3trPYO11nw26tTwaVeDM;3015.0
28e2$hT1X3VghnnFo9JoUl;3305.0
27xdB2Fk1EdOgTA4fgObUn;3015.0
0Q98_ngGb6heKha2upygi8;3305.0
0ftaS3Wpr9VPe$vIkAlRJ9;6056.0
3Xaf7UDvTBeviR9$eEnQrw;4196.0
2IhYFGjJf69eiRdpMJjM2u;4396.0
0MfCmNgozBcOVVC8_JMnXD;5760.0
2Z7I3cgv1CJf4iyN5Pcb$8;3357.0
0dn9UAalLAQeWai0taI3Ow;4383.0
1gD4NjNfj6kPIa0qtVq1kL;-2950.0
0XPBiJv5L33A6V2RCOjXEk;5756.0
2$ywGTM_TFZ9x40LkrDR88;3176.0
0I$X$X$I95fRGujl954IV$;3176.0
3mxqvClW97IR2CPWxorVDr;3475.0
3U8FMq1_PC_8va5APJsbBI;3005.0
3cFAk_1iD7l8idn0Xtwh9e;4306.0
2d58Iya$f0SOxYb1ZKw_0C;4296.0
3_sT6rYJDBVAjQc9HAhrTI;4905.0
13UY16_v90IgucDTdMj0rr;5331.0
0Fq0M0jF5EIwozA5XDm8FF;5331.0
2adK6M_d99FxP3DJovVPJz;-3247.0
3V56nKKdPFDguvAfgph5sa;4383.0
3rvuwwQpHBtO6g0rcK37PP;4396.0
3glh$QUCLEyu3hJYZ6Ppil;3173.0
3evG_JFsf4yRFrLR$4Q1xa;3270.0
2J1mSkkw94z9cOAHXMDrI6;4905.0
3JK6rJg$9D7gJoILgSR_X9;3070.0
2M9U0nzOn1Tvk9aEDHv6$_;11516.0
1gVw_2wZLEMPa0ftKCl5mN;5326.0
2v6ZK89uvDwuZwwFqxrT9a;3070.0
3CpZQSrwn6cBEDO4njLnBH;5756.0
2ZoY198FT1WAFDct$4isI1;5796.0
1fL9MWTfP3Jh3myC0jRPU5;3070.0
27UcaayZT8Qv4hkF5cOu6o;4905.0
1ngzdqp_j2dvGpr8_6BQC_;4196.0
0zvRD0nevAxhT5Ar84z_NK;4718.0
2LXH7w1KbFf8$qF9IkGFAA;4151.0
3cifiQsEX6n9ULvNF6GoMj;7878.0
2ILSrzMZHBRAzTHXzLbyKX;3305.0
3pveQ725z5QRxKRM4ADnKa;-3161.0
0ZujOX_Yj0wuqaGEATIWZd;4100.0
1jLmYLFcH6jRKhdLzmqNhn;-4545.0
3kyb$Or815ZBK6z1O$w4F$;-5943.0
1oyzrV7snEDvCDj6bekaZs;8340.0
1Y0HdeSFbDBBmR_1i02fE4;8220.0
3RVH2VZnr17BvrypayGzHv;11656.0
00fhfHq_9BSB$UtIgC31Us;-3346.0
3ikq3GsvbDku0BM4HoEQGb;3360.0
1wB40Jgv57JA2BvE3Mf19O;6201.0
13Kh_KTvb779PtCkg06rQ7;3880.0
3QPW86kzL0zQ6fmsi2V_L8;5971.0
34HPPBXE10tBwwgBL4Wig6;3191.0
3LSbsfWzHEyhfaqDluyCBD;-3119.0
397p4kBFvAOfR7qIgags6r;4227.0
09c_kGmYn0Mfpf5RWyy2rj;-4227.0
3J57Collb56QGtSSA$E618;3614.0
0umsiveY16lfS5tmtdF2mA;4506.0
2n2yzqcE14BgxqIiGeZIzH;4221.0
3cRODF1GHB19E8HMk8QxR3;4211.0
0c_saD_zr0Z8Lg193cfJ8L;-3367.0
1MUB0G6_n4CPcJfEOj4PFi;4166.0
0ZcadzfCzAO8bnL$qCXpU1;3305.0
3aPERHg75F6ReLsGWUTN9d;3070.0
2T$FRf8_HBJwNgO7BjJXcs;3135.0
3ltiZkLvTFhwaWzdDDRdcV;3070.0
2FeU7eKXTFYOZOvv3Arp5$;3816.0
2KFBHGzyTEI9WPQHnRm$qb;3816.0
1iD6yNvwj9xwV9$_uHw4Q$;3817.0
2w9_s1eWH9JQHmRKE0V7ko;6056.0
2oJhHRiSP1vfvt5OkZML5l;3203.0
0dpFfkAPjDQQa6e2pTSoVy;4905.0
1zCmUaDrj4EQ4m_T83x2H7;6350.0
2Idw4Ql8fD9BZKz67dDRNi;-3280.0
1RpJ2Kr2r5ng2Jbm7FWqmz;3070.0
3hEKL86erBt9mhztlERnl6;4749.0
1RAS0K2Zj5cOSQrtVXcNjJ;3297.0
1mjqLSkAP10OjoMmabnvZC;3297.0
33C60VPajE09BrJ2vtdhZG;11486.0
2pxu195S9668LuEiIhK9DD;3880.0
0QFNW3bjr8YAQqLo9kYuwO;4157.0
20CAaGAaHCuv4xe$5JvRR3;6350.0
1LcgqypFj3pxE0tMQylM$n;5846.0
12$IPrwg10UeT_L8xe4BIc;4720.0
1L2C47feX8iO560YASOUnF;5576.0
0eTU0Dq1j5iR2WFx86BqQe;3609.0
3lP5tVVhD6O9vCvoI0H3x4;3297.0
0G7HoWGSf6dwx3zAtLZAwd;4905.0
0U6Etbc9D3$BkkQNMnoQJQ;4870.0
0kzZvw3QvFGBQw1LtTSccp;6350.0
2yZ3qEN4L9VxiN0hOBZV0n;4201.0
20zYbdFxn3MAOlHPddcDjW;4221.0
0oiY2ZwJf9yggHmAvPYjA5;11333.0
0HQNYIL9f6$ezxSiywxbHk;5856.0
3hCdzH7p914vRZA3kAXp35;3305.0
3ek9zkAjbC4h1v3TwhE$8B;11512.0
2$FTRWZI18KvbOb9NVTXRj;3280.0
1fx3$boCr9uQGtTyIwQSCe;3070.0
2KYHKb7RXBfxXYr3MknhwP;11506.0
3NL8u3tVj1lfvUUzat3QFJ;3280.0
14bDtn_er6jQEAZkIouVW3;3280.0
0qVijJv5X95A8GeQcR84X3;3460.0
016lGlSfH2J8HP0c_8fbBI;3280.0
1BnXuvHEL1Re5AjDoAyP1R;5948.0
3ffOyvXSrCfw7D1bHlcj4A;3542.0
0pTMEFLc1C0u8g$$Ofwot4;5678.0
3$5UYXT2r479jhTeH4kjVo;3070.0
0YeW2$17nBhxirC6yAOTeM;3805.0
25jnVR3HTAExh7VFKXTz8V;5576.0
17ZXMQlwzD3OONf4XuGCUv;3070.0
3df_duL2v2gflS3qh6Bakw;-6340.0
0zfzjncjD2yxEWk0_4Z3dN;6350.0
3_8CD0$OLFlguV16FcuMap;6091.0
0q$00rGUD7BvCQGMuCAskm;3070.0
2PppeIKs55V835_mY0BF97;4905.0
3arZ_Qzf9C8QQmrwmSCJjU;-3013.0
3DLYoqzK54LB_AYBugKfOV;3013.0
0WDPwm1EvBrfIIj904E_cP;-3270.0
3$7ynsszb4chAMI7tQHWe1;-6000.0
23HYTyxnf27fVXheQiJUG_;5386.0
0Hu8FG3nb89P902sREZR1c;-3545.0
3dsqfcatfF0Ae8mw6Gr8$Y;-3614.0
2$CazrY65EreCoyXhRY6Me;-3805.0
3d5MGlKpDAnRNnicBTPueL;4905.0
2g_T4WJnvAsQYW5IZTQ6tS;3271.0
2pbeoEkCrDrOLYeM$5HWk1;3070.0
2hCmwx0Hf1e8BqFE9MQbfI;4495.0
2xtGM9nyP9Dx_H2kYcDur9;4725.0
1Tg890rgX8PBHtZv6uk3_3;3305.0
1LwbUb82n0bA8M7hSnQipc;4416.0
0x78xqhoH3EO9$VY3ZzWLJ;4416.0
0D0o2ZsxzFshKqP8FtuJdv;3070.0
2jwi7xhtb2rRPtsY3Uap_5;3460.0
2g7J_UYpjAmfOrMYiwrZZU;3135.0
1h$0Fev_117Qz0bSH_P_Ck;3135.0
0eYuqHCMb2AOraxZQ6s0TE;4291.0
3d9S6OkLH1RelsD19YELFd;2990.0
3mpy5woH96sgd_AONWuXdF;4389.0
2DBCQ7K1XDZ92ahNQzMuP3;-4558.0
3VbCw1XtHBNe3bKy5GjVdu;10918.0
1L_udEqZz31RwA7qqirgeW;4087.0
1Wfro6Py19bRTBOWedhto2;-5568.0
0pZhKHx6L2Kufc50GUMd18;3295.0
2UiszRJVH0MRUVvKVsXWXh;3215.0
22Dno7ke53cRVhS8uYToTW;4442.0
1f20l7FZv3w9F7KPzZQgle;6002.0
0YyOYedYz8_erBtCy_FedQ;4094.0
0ApTdIIfL4kBjpVnoURONs;3070.0
1wofEneIzBvwBsVizZvCt1;6002.0
3QcbZy2hXCIx7Up6zA8d5S;6056.0
07aSF9O19CS9YjuKrXcR2t;6006.0
1GWRw$Jp90JgBgIOpbeNjb;6006.0
38EafTt9LAZA3ZxrGKapLl;4407.0
1KBbjlBs5DIQZYSFQ6XOTG;11736.0
2Yhbtd2yv5hRE3JeeGKUp8;6056.0
24kvz9hrTCYhfyR4$da2_P;3070.0
12pGYYqI59OBAQRNmAbFgf;7416.0
3hxKY1BXfENvxZ_LR6s5E6;11656.0
1R7V65evfABgPcLNRYl4$7;5968.0
3k$Vj587H15PNQKFBKgOcl;5946.0
3XSJv8KGr3$wNtoNdwI9nO;2988.0
2fInIj3TD7oOcMFLr$pnXP;3070.0
3v3qHQXUjCnPk2VwWN3HIj;3070.0
0OFF6ZBSPEfwS$kSKaA6Ov;4506.0
2O3PEUclf2wRO53VDWY2Co;4850.0
10WRHEFhb1JRDeiU_XGgvG;6196.0
0bxgv1iB9FCgE2f2QLvpp9;4506.0
3g7exrsL99OPPC3wowi5ZM;-2938.0
3aw10Xiq19ku4tvYaDVtyn;-4145.0
0Ag3FQUVTFqwRjf0A5XPtm;3976.0
3uuv8kOon3HBMao9MnuCrH;-4650.0
1MYeI$8Uz4K9ePGYFGf22b;4650.0
3cmA7jQ$j1ufDB3TZMgds3;6560.0
2MwTP3elzDmxJuiEnROzzN;6056.0
1qYQYN$qv0twf5sEuxDg7u;6560.0
3C$e46Gjz9lf42VT7R1Cbg;-11636.0
0xo4dYtvn7UBTYHiaNk$Yj;11616.0
2tP2_VUBXDdfQTWIs49tte;4650.0
3Lls6P0oD93uLe4DnxYwJq;6303.0
1oy0cLSFPAYQOxZdTYmvIy;4581.0
215jp2EQzA_hXc58e_Aoot;5386.0
1fBwRZ$gn7nveleXBv_w72;4723.0
00xDwwfbHCJA3oe$Mfp_RN;3000.0
1pzN9UGLj2EOTw9Zt6huaL;3070.0
026hQjN$vBxBb7jsQ$pOrJ;4196.0
2PfkLq0wL7nhOHEPPL7JKl;-3043.0
0UJhgLjVP3kuO9tqXJguy1;4106.0
0L1J7smQH24Rkr_jqp$Q$j;3366.0
0WRK4vJ09F6uJEP7HeoBTS;7129.0
0kRiBCLXX6aPNWKUGD9IbQ;8110.0
2WGhK4v3X8jwy6YJLi$y8b;4311.0
0yrP6dxIH18Az77trp5lYg;3000.0
2Q$nAUMO90S8R_nC0CA7GT;5956.0
14N3xTxKT1PxxIo9qtqHsz;5956.0
0eju7JZaDDFA4UNtjByDfJ;3070.0
2OHMXkvq9DRQ1M6r4$_M$V;4349.0
3ltcNNnOj1UAMil6bqMAbX;6475.0
0sGUDmRuf0eQfC85hw5Zmp;5866.0
2NawgHS6r7sgPNO$XdDX$g;11506.0
3SscM85VvCWAFj6zjHlXcI;4221.0
0xP4arMDz5_8OJeINrIyvs;3070.0
1nXT$Fwh1CYODbNFVWp6Rw;-3200.0
0Ay7DTzI5AWRe22S96bieX;5876.0
0dwlUqt4r4oPVznmIRjfAG;4875.0
3LmusuM5nD0h7zJu8p$m5W;5170.0
0AeU32zCX00wYH$bTZl1Q6;5752.0
3I$DzzkKz0FwK4HTituplh;6083.0
0UFX6hYYLAZvyQDmHACth_;6252.0
3iWtjDlgfDcurhxaY$kmKd;3302.0
0KkIH81YTCIg$16HRNOlJu;3305.0
1oU_Vaykf9z9lB775pqAtw;12168.0
1gmTFq6HvBWRryae6CkRgj;-12168.0
3TfPnAzR5BAeNG79YRQVwN;5756.0
1vuPguUA9EwupwDj2bayt6;5218.0
2wEJsvjpj5EvJG9I128mPw;6056.0
2Ee_WunwPBUhXwydKSQyZG;3878.0
096Vqhjij2xfHuCgun32Dd;4411.0
0uzop1z0f5FutcgSP79Hwa;2985.0
117firucnCofUWnEnkh5DG;3018.0
3Q_j1q33X8mgQYwkU1YfRy;4714.0
0PnoAOkv9DTOn1e0T4PLEx;4415.0
1Y9qmiWHf2MBGPnd4ztCvR;6090.0
3IoKPvuHL9rwScXpSrWqAs;6056.0
0NnIUbiT17QxoAmejZGYem;5756.0
2XEZu_76T40RnQmbKEpDu2;9410.0
0CS1r0SbX6JO1HzBg81XAQ;4196.0
0g_t0sdcn0dPlZhE4l9UKM;6126.0
0dGvAIAJv9gAOge9c5nlOg;5558.0
0TWYKNPPL10R4d1gGs$yET;5558.0
1nzsiswLr2hhmHNodvLOj0;5506.0
0pnZH4OZv7LeKNKUa8qy4K;7950.0
1JFUq7r8v6geZ5aT929sj2;5736.0
26O8$dnrDBueX1ziRx8ynA;3035.0
18yY15fGr5rPLP_ZHxMHXc;3018.0
2Pkf6RJDX7fuFKmchowky3;-3946.0
0VToVTGHLACAkdTHGQbWvi;5549.0
2x9ajJjoP2tPIUcnK0IbX8;11616.0
0zkw7h9KX5TBaqIgb8Dx22;3116.0
0RMJ2OXvP0dOU5INoll7J3;11486.0
3tY0W3T7j2rRho56RSVn22;3070.0
2z4PFYG1z96fCFGpR1R0OK;4161.0
3MvM6IXxD6IBUMih__I9va;4094.0
1Fu6ORFP14$wL5pTZV2Vnu;3205.0
2pE5KVB$L1I9505gFhCdFo;4048.0
1ruZlSlgX5ZubfN9GqHjxB;3283.0
1nP8gCii9CfxY_8wJfkvXS;11616.0
0R9jarxh15sBdH4Ms31VSX;5381.0
1SSoy$MArFO9qNEFr0AYzN;4100.0
3EO9Rj_4r4Ne8Pu$eMrq9b;4100.0
1k1CPZmSH5OQ8KZOTkIwIf;5503.0
3kRXLqNdfDpxPAp$mfH90W;-5503.0
3wW3NfBtj2Ah0hFnMGWvD7;-3018.0
34VLIoYuPCNxHUiPBGSqZ2;2990.0
0CpY1i3h1FExQh1olauuVK;5760.0
2GJh4WNzbEZABljc9SAi9C;5760.0
3PPp3tE5b2DBBRtfcjFI3w;5763.0
0R237oY1HFcfUtCI6fQ1_$;4719.0
2$p95K_FzDov3q3IZ8Gm1v;4586.0
1IKfekh2LAQBNwbowLyhRe;3225.0
0lZrXvRdD0kPrdk7HBDtHe;3225.0
06SdV5OUjDnwiQWRKGiE$x;5170.0
1dOWtBdIz6$ONhLOMS6LKb;5170.0
2_mUI8JDX5vPrKBycEk7$S;3305.0
1$JmcIcQH04hKHlerAD6e0;11596.0
2a$eZ8dCLCHgge1JtckLRE;4650.0
3tCZSkLjz9ifNgyyeL1GsJ;3305.0
3vf3DkJ4nAvx1y4cI3jXEd;5852.0
3BuoprZFLDhPUR4d0_mD_C;5552.0
3p2Dt5pUrBLwPjulLLtVzm;6252.0
1JhnfjwXbEXf_PRZy6$9vZ;4107.0
09rcJ$CHz9_BSkzq_wAFTH;3072.0
2Pv_k1ugTAjBo3gSQe4Kzn;5752.0
3uTdVfa4DAk9tsA8beTHIz;4107.0
0eXeQ1F1XBWwLc5pE3sqn4;4381.0
2_PqarfEz23fvorHkVrmZD;11596.0
2ZrVaiu3z9EeYRtFyq_WFP;3305.0
1vyT6oJpX2XhkYM0qhDnKY;11746.0
0dUBH$k3T5DAdtFUtqRFho;5752.0
1qilW9M2f7nezoqJG7mnRD;4107.0
3nY1aHfOj2IAQ3xQBkpSFb;3400.0
0WH7SUBR92Y94lSEacQuVe;3400.0
0m2xaMAEj4IeRn1NVZ_dfR;8928.0
0m94slS7v5qv8mdPA$VGsZ;5170.0
1K2bG3iYL9_AsRVMBBvStI;5752.0
3deGFgi9v14v7d9EUNclSX;4192.0
29X$7$8QPA$P40L9KnrjM5;11512.0
3rcE0HPrfDgRd71JOJ3Hpv;-11626.0
1ZjZwSaP9FcRuhIHFc9yId;-11636.0
1KoEHsxsX1A8iRwqXJZCgV;5821.0
1hVl9inRL5MwX7LjrshbHH;4373.0
0ukse2mz92cQGWFrwS8P_x;-3001.0
2F1ZatpZ58_ulzo2goajKy;4018.0
0lDpEYYzDBJu8kGkLpcymH;4047.0
1Fnyvhi8D0teHB45MtO3Lz;5846.0
3P46jKc3bBdeTvVsp9aKEa;-6083.0
1MVYlyalDFRfal9D3$Ip8Z;6583.0
3g_rNyadn3WBpyclI$SAby;-6583.0
0sZ8LH5FXFxeKbHRhENKYo;6360.0
0armr5WtL74ORg_fJLHteN;5650.0
00uTQbiP9DHOXKGy_nbnqH;4506.0
0sYem7mYbDsOjvDk8d__gM;4506.0
2A3aGeQmHByxN89IuxBFAn;4723.0
3F59Huxm9DW9UWuJb0Sz3j;6560.0
0cYaibjrz9BAW_wd4iTedt;3070.0
1ZHp2PtLbDVv4_vg1AOcC5;6468.0
3GHohCcJX3UfiBUUUATawc;4406.0
1RnrXukt50t9tIp8trqmMm;5856.0
3pKvqZ6vf4Cx$SvMUtFRN_;5964.0
13UOvTRNjBBf04FyDOguB1;4406.0
1lilOr8yfEKe2S4Pw1gCKc;4905.0
0zJloMT_fAffg9ylOz7aEe;5856.0
1Of39bOdf2FhLvgO7Ldj5X;4905.0
1Y26SVmcb2bPayENd513Q_;4306.0
2N4SZO8H56VhEUIJFQxMao;4306.0
2gNaz4xMLAev1d64_1ArWp;11506.0
3KNUYN$2r1Qw5DG6GKXgNu;-4166.0
0j4sM5a0r92hnevXQM0LMn;-3601.0
0R0JKkfKvE_unE55wlADNV;4166.0
3hi1otha94BAwWVfDN3_nH;4166.0
2VsTArQPn9ce1mGG2HoC5C;-4166.0
22hWTWh7fDHQUKgbS8m$gg;-3601.0
0rMXSynt99J8cLknYDMHFj;3601.0
2kISZhfcL4aeZ3KBMiVzSJ;-4166.0
07keUbt1L1tuj6G54sUum4;4166.0
0wohLcwbDByRRN5vxuWKMj;3057.0
1P3RfYWT9Adf7HsNiI$pPg;4575.0
1wmaXXigL7yvDCq37KF7tI;5846.0
1nfpRaBYj8Yvof4rpzsnHM;5846.0
38JU6kaufDyekGwLIf5$9Z;11520.0
39yOL23h57ZRDrJ$keCE__;11512.0
33WxnBUW9C9enpmCyIv4oJ;11512.0
2FMamycUD4Oxtvn7FSCe95;4560.0
2IPTNdn4vFwus_2IPRr9jN;4556.0
3aSTKHq_f0q9FMb1$x3rVv;3070.0
0geIypgmb4JgLaDQK0$clH;4560.0
2VSTMsdwnFU8RYYnix1hE3;4560.0
2LprYxPgfBdOMWrZ1UIe8j;3070.0
284L822ZvFWvZ3CEGHhcR2;11506.0
2h$rCdWmb2FQS3mKtPWFNm;4560.0
02mUS$gnD07QC0bPiua4WP;4905.0
18eg8zNAf5$R$CdNRIZC7R;4306.0
2zz89AZIfD_ACihpLFnAl_;4406.0
3A_C3TczP3tfey2gumf0gP;5956.0
0zrgjsr4T0Rh75tZhThQRT;5488.0
1TlotYaOnECPDlLfsGWzvH;3070.0
16pVm0MK98TfIk3X5JywmL;5768.0
3rAE_QrfLAEx_D5dEd9SzU;11639.0
05ar7DAPD56gul4DBflaPM;3305.0
0Ceo6azmPBPgxiIZYRcQKf;3305.0
1FbrNdauf0nwhXq4IdCDj$;5549.0
14YdXqMl5C5Bz29YZVQrxH;-3018.0
2GxvpqRHL4$eeGSU9AFGU4;-3018.0
25qiMiLzz1Sv8kY6q9g7N5;3018.0
