GUID;PROFILE.CROSS_SECTION_AREA (mÂ²)
3JjOlgpg1AwuG3OpFczEVV;0.02
32xa6lpT58ZRlzIFh_CNce;0.02
38jJAWI3z3seZrZB0S1l8r;0.02
0pczJlO0P94Q90OEyCTKat;0.02
0LYtq8Nnv1zgcJ$mnqJnwA;0.02
0NzknilubAjw9cjLN8p2wn;0.02
2uvbGFQ3P06w78mTjiW0Rh;0.02
2ZNhGNBE1BHgr$o6l5a6U5;0.02
0GW4Rfjp5Ckgs1RJyi8_Lm;0.02
0ANgf_X8bD9f$WMnZ47cBS;0.02
1VBuPOvn9EdA1w7WjnlIUn;0.02
0yYTp_ENj1jxtAJ1j6b8ej;0.02
3VPg63iWT69hxlbLSpKqzu;0.03
2hXJ0izqzDhwHJmLlcKF63;0.03
3j8CxBPAHBjPW83M$u83oE;0.02
1ioEdSDfX1qAtK9eNlbwfC;0.02
3fXTCEJcPFY9Tt79LPC04X;0.02
1JZNe2YbL7E9si$87PBlDQ;0.03
0O1CLkPVv1Ox0AinYGtZOh;0.02
24W0ZznHT5JuwR_eGjJrmY;0.02
3HItRFFfT3tf$4buINqjTB;0.02
0NGCRtnuH9eh6zbGjH8OdT;0.02
271SCxhnX4tOwM4gFjaAF7;0.03
3pi_ZFPzLDhOUUrF80TVgG;0.02
1sTiH7eKPEnhrxMT4nIA0P;0.02
3egTI921rA3O0NObX7N4v8;0.02
1gtyFNsj5EzOh9MDNEDCVl;0.02
0V3wLi$$j16OFwuNhsmESB;0.02
1byvDN5B98sOjzDgoag0j$;0.02
1CV4R8lOD0IPVWEbkCLKQh;0.03
1d5lAH6YjBDejbuhlS9HC0;0.02
29_abVfk55fQNscr1Jd_Uz;0.03
097RDePAr19uwjsSzVopAF;0.02
0q1c36vCrBshD5jdVTJpFR;0.02
0BFk$zbG5FtRbDV0iSo0Ya;0.02
3azJTJmlb3Cw36Bvm913Yy;0.02
1QYGJ9qV959unHu7NXYpKb;0.02
1T1d4wG4X9SBLFmdodz9Ch;0.03
2r0VFvHtX4Dv5t0sHb02nK;0.02
14siqg0DnAT93UqfOM4AcW;0.03
2ylmPRaQHFluiNWJh_2U6L;0.02
2Pb2EZWOn65er8A1ZBI3$h;0.03
1ZejYKolLDE9kztMOdEtfx;0.03
1vz2Bfdcj6V9ETNv9JnNdh;0.03
2jULNp3_HBMBmUKE$OzkvN;0.03
0FtifLCXfF2ePRiAl288qt;0.02
1v4m5yml5DlBtp_ryG$vhP;0.03
3BTBzRL41BVAGp0ZrX63Vx;0.02
3xNhEWxSj5LRQ2fhYCmP6b;0.02
0QmX75ni1EMx7khf_SYVCm;0.03
0C8KoQV5n6ueIMM$iVCU3J;0.02
03oVSDoYb5KORmNH_Y6e5n;0.03
30$TOb5lbCruI6v1MCZYwe;0.02
3rdQVR8n95GhQRBkQjmSqb;0.02
0RX04iad5AKOZ7bvFTMj5N;0.02
1RsmOLiCzFFBu6pJnMqoMf;0.02
2fvXV8ljH85fGPPIsjcNkB;0.02
1xmNsqGm18evc06Xvk6luG;0.02
3IHNjCvl12QA0i_9r$por4;0.02
1F6H4nBSv8ZRODcko04i9F;0.02
0yUOUPRB97RgWVILXvtz$2;0.02
3qDTCQRlnF1x4vrCu6a01_;0.02
0xJcYG1Ub46RN$M_OWmU2L;0.02
2R6V0dcz5BSPJ7gImGpbG8;0.02
2ej4PbcUj58BWfANFdKx4a;0.02
1BYCmhvy186OGXwrhlRz1g;0.02
0bQxchLNf7SvcFKi5ouHyg;0.02
0C6c2pROzDQeuZoOML1H7m;0.02
0esTbIL95Dj9RvU9ZrXOKu;0.02
0aSk1WzaX7e9PaNAAuyt_U;0.02
1QywwHhOr7zQ5QMNBEHe_e;0.02
2RG6XMrhXDmBtkBM5Keos8;0.02
1ouxNIMl90wARYZ8796sS_;0.02
0ykYBz4vH9UAQ8mxQWidNt;0.02
0Lkv3jdNz5rwklngspNSGV;0.02
36nr$u$zf9NhoYcFR56cwu;0.03
0hf64PH953ZA0P2BCpbybU;0.03
3a7YDBvBT4je0B0K0b3RLr;0.03
0am4DmCrXE68xuP3YOUBey;0.02
0X9_3uRET5r9KG0tnbUWam;0.03
2Q$35$vmf3LeBHutcwp0np;0.03
1yExSy$sb9svrU0bLea6XN;0.03
3vVLpkJwLDex_vkqHChSBh;0.02
0qyyCAbEf9FPOnC8vNvdJF;0.02
1w8w_Is3n2IucSnJQPDsrS;0.02
0z$0XC6hXEfvoG8ujKo_tb;0.03
1e_hsO0v14zBLYXuA_fb8J;0.02
2InAuQ0GP3QhQF91jAsonX;0.03
1rjGXVdoz2iBEO$GJokQtz;0.02
2hp8MayDvEcRP30SA_jI__;0.03
2O$ncunpv1z8DPZ79KUfjc;0.03
1XzbuHXdvEhRgDiD5DCng5;0.02
3aP69VqtzAgOpG2Og1FM$n;0.03
0eKdOEuWb10g_9luxRpuhD;0.03
0ciRsuve195uxfvr4J_UXG;0.03
2RSgYjTbvCuAGOjnbJLawc;0.03
0kS6TbERrFExof2kGUsK0j;0.02
0Vwd2kdPnCTwuugH8tiUWS;0.03
0hDKpbWcr0z8vvQXUZWPUv;0.03
3nAKby8515DQQvn53lDGOH;0.02
1NiyB4dIb3JxzvNfTB1GA7;0.02
2snuUr0_TFlhFt$Gr91uoW;0.02
3Zx_H_qz974xRugg0z3xpL;0.03
31q047yNT1wult$_MfZF6u;0.03
335zu18C58BQi2v$C1vwci;0.03
3XenRSBLr8Zh_cm6TmHxzp;0.04
2rbMJRixz8ARwgNNUG0cZF;0.05
1xNMSSYfT07ANf$slzAkTe;0.02
2sOzDxZArDSPiEbXCnMf9c;0.02
1dyRo0AaD07BJv_Y2rxSfl;0.02
1NpQLVqPf5zgFRZY2h4EDC;0.02
3CZVDIkTD8RPxq7u48qRld;0.02
2MqHjj1zD459GzYUPDxR2$;0.02
1zh15rz2z5eAo2XV757PrK;0.02
2Z9Eb6qT5Bu8kgAOvjCUvQ;0.02
1ACFrLIVLCgf4yhEjlaf$p;0.02
3jAiQ_uxz3Bx4eqvQ8kBTl;0.03
09vWfbD$57xA9I6ygHIgUQ;0.02
3vjwjOew54RQhQr_IX$lWT;0.02
2cFWso2lzAch2zw165KO32;0.03
2ffXG8YIX7m8odCfbFclBq;0.03
3tnK7Ei09DlPc_CcOaJamw;0.02
18NBOigA980RCUqbV9Nn8s;0.02
3Cg9fJNPnBMhtBnQ3m9N3Q;0.02
0jbmfUi5f8oxiFZ0MhW50D;0.03
1N$mEC7yn41QIX6ed5wus_;0.03
0YuZBMf_fAqh_lta7bW_fO;0.02
0nfgJ6TUb5whvYkG8NfCXb;0.02
0rhXYCWm1FRfRMF7Pu9CSl;0.02
1966FTjAfET9p3Qe8tvnzN;0.02
3BqhBeQZn1ZeLYUxGXKaS1;0.02
1ISA4MjcL1MBonql2Fs2bA;0.02
0CzDk3V4nEuxTNVA6MIxlZ;0.03
3lMndcoMv5d9bLbI_6l8Y0;0.03
0smCXq90b1OhDM82LSAd4D;0.02
2Wexsi7Wv2yO4ON9cXzBpJ;0.02
2iX4pyCUn6iwOqhId3Tk7D;0.02
0ZvI2tNd91zfzqHwDG8XRp;0.03
3YPgnarq14rQNj1t5xiZrH;0.03
3aZ7iM28bF_OF5r_n7IAdf;0.02
39hcE8ec1DexmxmUYerK6v;0.03
08jBImEG17tgGlmv8gCo8S;0.03
0cfFvPVCv6HhorHPsxGS0C;0.02
0fgAhDPE9B7AAntyh06uoM;0.02
3Qpb$zvwPFl98yBijJzZZG;0.02
1Oxk2L2kH5ZQNT$$UJWsb1;0.02
2W$qFPnh946uVCQDnF$uuw;0.02
3wNegBgLrECOzuq1cbrvsR;0.02
1Ei_lF7YbEquH8_Yh4hAyb;0.03
1qg2HOTinAnAx0Z$1PW_VP;0.03
3VE3VklvzAeeb7H4IbQXxZ;0.02
1BlqhMxX54tQfObszxKCpZ;0.02
36C51NLyXDdQjdK56pczB0;0.02
2sm7HGFGD4ThMpVyAAbu8W;0.02
0O7TleE795yhAEynE2aTQA;0.03
23JdM2xN5DRumwmqmzgpa6;0.03
0S9xwG98963gnLgoaYEYKC;0.03
0AgLniYH19995s5cp6sfnX;0.02
2OObTRslbAhBB79PHUzJ$k;0.02
1Q0M7BdFf0hPQzJvo4ZObi;0.03
3kl8d8Riv9LA3JDmHbuY7j;0.03
3EVaTHP7L5v8Puq6D0gXf9;0.02
1CCYDW9pb22xlFgxU_GjIX;0.03
3$J7aFYOv1CRE7487zVCHu;0.03
3Y8cPj9nT6nfdcVD_SD2Ea;0.03
3kkT5i$crD_hmX89zqAXbC;0.03
3cgV$cyR99sB9$Ni$D4FlZ;0.02
2P5eegQa1F8BwSeRcZ5glR;0.02
275je6eS9BYvPDzsw2mJ$7;0.03
3eIvCt3Cv1Exs55tfnaBZ$;0.03
08yuXrvaHF0xhkreQgO9b9;0.03
1f4W_dvO13$xwB0azR0w8u;0.02
1Wpu9vAAbFsft1nikUTMVk;0.03
3_k1v23tPAyRbglMT2FZp1;0.02
088gnzjPzB5fDrIM60DcS6;0.02
20KzNuuJb8kfUhfywNkQqX;0.03
2s3B8k9fLAVuctjByQvaal;0.03
01ULJoW$T8EeGg8zRRQTWg;0.03
2gAR5tTxn1iQDWC7cc$6g0;0.02
3rdUB2_jDEguWy_20Rreal;0.02
0GmTsbHkLDvAUN74ZXPdHZ;0.02
1t9$oGWX5BJeM4PErgsmqa;0.03
1QJl0jWYDFz9U2g92RxJgq;0.03
32q_BBZIf96glwijwu9eAK;0.03
2fz1$Mvzr9DwqGJdukKnaE;0.03
3E7hTDoeL7CuFXvi1C1uHH;0.02
1l0cvgwR1EzRsPZ352cid6;0.02
0EwG3LyxL4$8$5pCWpr5DL;0.02
25H5lxxo56jve5hthHTw24;0.03
1fAMNlJhf42fOE1EXxmcfI;0.03
3ZK3G_pPr5Dv8Lzj__kzgt;0.02
0lfGhfyDv7XAowWfczecOY;0.02
1dICwu9avDyu8IYLwNkVGP;0.03
0n9JTEiYL3KQj2disxhiW7;0.03
3adw3BGqv06OJUJH2EIXBG;0.02
2CA6K_my9C8Rz8JLguxB9R;0.03
1pPiaTKsD7RP1rXVrOs_aM;0.03
1udsjpjIP878znX8V7FszI;0.03
2uXLjRjjH1Of8YuAIWNv9l;0.03
2Q8_0cKD9CVRZYjGWXUqds;0.02
1FceQaQKDCvvKuuRwT34ZY;0.02
2B81k6TQ17oQkY9h8_6M1F;0.02
2YWiQnMz93cRWzeAKTxgBP;0.02
3mdjkKf4n6hxwk7WzlU6XR;0.03
1hpswTKrL4iwVLJMeZzqSR;0.02
2XFqmfSrP2EhzWlHvagFiu;0.02
1AUTDW97HEj8JMmxFOfABT;0.03
3wm_kwNDT4VB9j8giEXxQA;0.02
0pxoq1HQXCx84$Di8x5NYH;0.02
0RZ3vlHVX9B9hycDPo4UFd;0.02
1$pNslrVP52PPS2sGHao$9;0.03
0X85A1SCf3QAHeeRP1gFtq;0.03
1XZRA642D2xe7v$25dwLL8;0.03
1cK_aCNpbCDxaSMgmB13gG;0.03
1zDUdEBlDEGhhg038E8UR8;0.02
177yK2UX15sBEuFAOPS_um;0.02
3F9DQVJDH3cvp4Jm8EvHAd;0.02
2c5wPVQlL8FgBODqu9DKMR;0.02
0U$sjDdfH7$B3iepPzs8U0;0.02
1eg7KaE35DIAyVRooz4dit;0.13
1l8XloFTDD9fJT$dfxULev;0.03
3fPliuQb57JAbNYmE1Qx8B;0.03
3ln85el3XF6PiWyZ5dlVvz;0.02
2Eca3f6$DAcPM4GDiPnryz;0.03
1Q5m$TWCTCogqRLv6HmMwi;0.14
23gd8_0bv2XO9IJFL_2fa5;0.14
3YHKN9SMX8VxxrdMTFrHa2;0.14
3GJcUxY0PARBSvrhWJCoEe;0.14
2r8spvIc95ThAAEDzv5Mup;0.14
3wM_JDsFP5pgxOJbGyi$43;0.14
19DLu7KbnF2vEOaG6kMjP8;0.14
1UPERcZK9Blw0Xd5J$dMNP;0.14
3QVJ_MbpHC$OyPO9vK6NMT;0.14
0SJtipnOr1Q91KjBbxvaRP;0.14
2jBOA79Kv2k9k1JW1ArYh$;0.14
2XmY4KrvD608eUXpwTY0Xl;0.14
3p52n0_FL7eeo7gitjyuHL;0.14
0sMvEAi1T7YeibubzkDGdv;0.14
0OLQW4MA12WRc3$2$i1aWh;0.14
1WId8QNAb6HQGRC8iPyAYu;0.14
1rio3VoGvCwg1BzXsfEjUI;0.14
2eYSM$Ua18595r61Ny1wwU;0.14
1lGzjxAvb7GhafZ4dLEXol;0.14
3055xznh19SRXxlbkSxy4d;0.14
3gd1CXYA1EcfOmWyf1ircN;0.14
2j75bjee11vhUZvoBtH$3d;0.14
3ZNwwqKf528hMx6kUFLswu;0.14
2FarNVaVvCg9YQsmUGTTVU;0.14
2n2rjBObv4fgUx5frDMZjf;0.14
0$U6sMKK53nhkQXD1iiuH$;0.14
3Pd1CDvmD858r31Jlp8FxX;0.14
0NDtDhFCfEZxJmVHkrzg66;0.14
36J_FluHz7Rwewoa8ykDlX;0.14
0Xc5K4WV9A4hTX9KE_AtJB;0.14
1c4lgmGjH4PwOaPRVZbruU;0.14
0otah4VJnB992$9ReQCQch;0.14
2lP73uSG54BOetgUH5gXMX;0.02
0WCYipSbH6N9nzTUHWZeCZ;0.03
0jl0TIzj5Dl8HuPurrGqyY;0.02
3bM0dzP0b5fBk1EUFSg3y2;0.04
0ZzN57UEr7C9Eg3dGOOXz_;0.04
0UMKSW21zDcf1EO1auRudJ;0.03
0ey1AbT59AC9zKI_0HgNlE;0.06
2DKkTkmWPENeGghRQK_g36;0.06
0ZUM88m4bBuAdt0$PHul7L;0.06
39qDQGXrb6deuprJHpCcIa;0.06
2d_5RK2Gf1o80czlYJRXVD;0.06
3d656G2Bn6YALWdrMoZhxr;0.06
3DhdhnUoHFiOS69gOVAxcr;0.02
2tEPuS7EX0JwrZSsDmTDdf;0.03
24oLrfyGHEoQAu5krDC4DW;0.02
3pZqWQGSLDZRVN5R1cZpNs;0.02
1zsziNwsT1VBXAxu_B4kb_;0.02
1B3hAasZzDmRBo$LOX3NDZ;0.02
2qH3L5YvX9jvSUpQCMeXF$;0.03
3B4xpbc51AhBEwuHatZ9sW;0.03
3_SjHqt8vAUvpKyVGatxqL;0.03
2k$yfvA5bF4eOQdTaYXlcH;0.03
3PkGfYSVP09vSDDC666GD$;0.03
03FGn4r058LQS5qFv1SI7B;0.03
1mHscqTBT5mOHUMLhGwLcy;0.03
1tagWvSm55vfnpxfRNBxP4;0.03
07HvAGfdP8YB$MWu$nQC$4;0.03
2KbK0x2hP7EQtoa9rf0ADp;0.03
0P7n11zNj1Tv8gdpeErXy5;0.03
13DL58idzEIRle0c5kCmrT;0.03
1ZtWjLmIP3OgFH_QZqdon8;0.03
2i15HsPCLCgQK5KpII6wUy;0.03
3AIlZREIrCGPQtRqOslsMP;0.03
0gtjBBCjjCK9L$a9OZ_SRv;0.03
1jIxM6nED4fxE4mPm_6Hm5;0.03
2m_mzQxlj1pO6BqL5GWPgu;0.03
3XQMi_CsX0tuWAceftpK3O;0.03
32ErGZ6q5DHu1s$8u93TIn;0.03
0k1JKgdWT1zg_OMdA8XOtL;0.03
0cuSEzVb9Au9Z$JUwmDLLo;0.03
2a$F627Ob1yf0A7iwDO0vP;0.03
2Mtgs6KvrCV9Lt2vX1ZF7v;0.03
2E1n1dezv0VxZ3EY7XR39W;0.03
3QLPTe7szDcuiEtGlX0U4R;0.03
2bd7h_wkj0TAB2BahE9Zp1;0.03
1zRaqBlDvC_BPArPKsyA8X;0.03
1SZekn$Ir8Mgw6N21_npVQ;0.03
1uT7RFUDXCKRKLc_fxyHNs;0.03
0N_7cOE6XFkx5q$ebpzuNj;0.03
0nFIR6L$L6bBuCppQ5ert5;0.03
3RwdKOfJT23QG5$Z8oPKyh;0.2
2t7bwXqqbAj9HV8HX$oxaR;0.2
20s5$o7sv51vzChm0c_PIZ;0.03
0fdrMrf$jB39tZwoVyvmwv;0.03
32nEwqdQDCoBAeTlySeLjr;0.03
0gOMB5WB9DdOWyFBFQsKJ7;0.02
0G0L7hk4rBWf2lGbsAYMqJ;0.02
2R7mAnSAn3YebKzsA9t9Af;0.03
3H_NOarX1F6hg2W$I$ifAQ;0.02
36udqh2I5BtwMrpAjw8hiT;0.02
0WJqsmSvP6q9JuSOmVrNhl;0.03
1NQDOhqgbDl9fIF8VV_71K;0.03
1U5UtS5q5EIfoKatJ5PNk$;0.02
1EQACTaVbAn8RiE5opO5TB;0.04
1KuxFDld95kf6roE7ASVSL;0.03
3CZHIIgWzApwDNqMBZa0jy;0.03
0xhmvPNif9BRhPtbCLtrWr;0.03
1EX2MIbiHDJgyFS6o0t$nV;0.02
2Be5Xjn$52qf14IehUS0bC;0.02
0UhZLm7yf2dOoWx298ol2D;0.02
2ER$O9Qx548elWfLz1mJZB;0.02
3fGkVIULX6$9ojewVRF5iT;0.02
3ounQvibDDt8y5IQn4OHsp;0.03
09F4_$lYHDmgRR0RYlB0Wa;0.02
1LRidEQV9EsxIBqeVM1DPN;0.03
2TsxBsHzb8MeHw3hwvuioH;0.02
3fqQl737v1SgqVv$iclz1b;0.03
2i5Qbe$ln2cRRojAzERLFr;0.03
1k_CswBTjEj9S33ZNI$loZ;0.03
1aMRHfmnjDWgUBVvb2PEoe;0.03
0zUheQYq99qAYs2CTKyxp$;0.02
3mtyZLeHT1$eIVP9BLGQuv;0.02
385LYSlG9CjfFSCkpXIVpX;0.03
0mjrnrdpv1tf_8Pkhxr43y;0.03
3u76NPqdfAYgPUO4rmxFzI;0.02
0upXk4yoX6WO_wDtJVAsFP;0.03
2m9lFCOHv4gQbRsfiw8XY8;0.03
3Wgs2SvtD5zeP87L98MfRH;0.02
10xGwG2wfFog4uDGY0H9U9;0.03
1bTNtLT45ELAPVrAjluiA2;0.03
0S77Cl0sbBfgn46sYaII0y;0.13
3CuFfkwCfEvxXEGGiQ7Se$;0.02
3xpUXrl6D7RfsKRTjOe3By;0.03
2bTwjsfB905uVnJvVi2FQG;0.03
2NkfjTSWDA8QpjjhevH9kJ;0.03
3aM1grbn1DEeMsNjwpfroc;0.02
3IPXMrk$nAJ9fTEjWjK5ng;0.03
3kaiXWQg90u9qR0wkzrBNM;0.02
2EW9ToD9j0OBnd0$OIa136;0.03
2oKwhqTdD4geQp195Iisqy;0.03
3QZslNddr0fwoCMuzjk54K;0.02
0QHYwfdwv18ghc_6X5uzuB;0.02
270NzDNyHEBOUxBpuxuc4O;0.03
24I8P_a_H5gQCZI_VeVG8X;0.02
1QNRglFK91CgS1B$ZJTGpS;0.02
3FIZk0ZCD93QgjLiSmEzPE;0.03
3os4P1vLr1UfwsNwycRso7;0.02
0fctJyn0H5hQHelIB1yaeK;0.03
1fhM0EIOL2G9zdKoeNw3p4;0.02
0KcDvmsW1Fdx5mEf15HqAs;0.02
2Qh62OV2rAaPswjoR449Og;0.03
2mMa6$6UD788EEdqoLNLdk;0.02
1gN7Oe7mD6JuGqFyzP6OAI;0.03
0fRtLULRj9VQ4h3iUfl2nv;0.03
3FakJZPHP88gMd4PTNYtqz;0.03
1iOEFvHXX5OvQDs3Ope5Op;0.03
3q1i43w1PFhgPmWSKu4Ifb;0.02
3f80sSpbjECxIuSuewVDb$;0.02
2gLOhCk_L6Dx6yfS$6OPL7;0.03
0wgsBaqMfAff_S3jXYD_ct;0.03
2tU_1MqnXDUu6u$bRRxVNs;0.03
2WOtR3Cdf2h8aWjvOMBwru;0.02
3vKLCBDGL3XwRGfZtpdOw3;0.03
00yTYuqrHE$eI5$XvqTJt_;0.03
2bhsIqrpL0qvc2ABC0krDq;0.02
0wIeHOXtv0hwRNtqyDchQb;0.03
1thAkh35HEGB4mVV8qZBTv;0.03
1FHjU1T1z7sAuJskNgXlVh;0.03
1rRqBwdvv5MxQ1C1rumx7D;0.02
3XA9TvKv18FBq3X_jDnqCb;0.03
2zHcR$M0DDJOR4hcYcsOFd;0.02
2voX1SpCjDuOnXaS3lErNE;0.02
3KY1iyM616yxRoovAS4sIx;0.02
1XKClQRpn4XBgRoQt83v$_;0.02
2Aj$DOuCv0nfNB_x4gkUDi;0.03
1f9pzM_FD7Ture_zlzkaOC;0.02
2HfaJQMrzEtgfkpyUdXuQt;0.03
3NzA_lz8rDgfLmaOKC4iMk;0.02
0r7nCwCsfDlu0JAlvl$2ox;0.03
3apOjM6WH25vT5Es0Pwf6F;0.03
15Dae_HX54IRqso9NlW$wg;0.02
0Q4uGmEy96g8CfrJgp$QRH;0.03
3oxGY$1X1DqgruEbFkw6BX;0.02
0i3IESx4H2JuyWvnPymVFc;0.03
2vbJVBLbj838QcEiGsfF26;0.02
2lZDKlMhnBIO0IF_TgdpX8;0.03
3ZmSiqtmP7kuZKP6W2HyW7;0.02
1KfYwH1wHCYhHeO3ZzIFuq;0.02
3hj_1Sx85FJwmeG0E1BdgO;0.03
39RggZBhn5wwCzVsPTMk78;0.03
1v5jd8Swf2e8fZ6ozPVnyu;0.03
1kn5K4Nzz2IRjGYMyUCg0n;0.02
1U72yaZqfBvxCTX_ThwsrR;0.03
3TKsIpoT96H8CHI$$FyJGb;0.03
2SL2cAncPF6OUNYvR$DKyy;0.02
3qslxNIlXEJOm1TiREebA_;0.03
0vAT8S039AzvI8PMtSGm3v;0.02
2EP163VJ1EKRMKlAJjlbBz;0.03
0rjCTCwMD21AluE47FVVCx;0.02
0ikeAGDxf2Fe$TgjKzE50v;0.02
2Q0_ciMIf5XxiTamWuLQtQ;0.02
0znxj1$U53VRvxCqYH6_co;0.04
3qabqeten4eAhGnCKf0BXw;0.03
1QazKsn6v9xQuiSCPnF6RD;0.03
016W0VPuH5YgpP9qSHJhik;0.02
3mBFzYZ2r1kOiDQ7GbdrMg;0.03
308kQtsXT7YhfkNacT6Wzp;0.02
24Cb6hO5zFj8Awe047bxNQ;0.04
0AoYyWAdLCi9z_$7O1FpFv;0.02
0Q9cjfd_5A5BcWzg82AMhe;0.02
2Ljeo_fjj2wgZ61WZqh2MN;0.03
1Ojo2cywPDjfx$RjLVcUgp;0.02
1wtthVX_55aQ$C1UX$5MOM;0.02
2QgdZpFg92X96Av76RwJHU;0.03
2lBDPxpgb59vBVxxilT4yu;0.03
2FitWNw9b7rvA2QBbMVfyg;0.03
0NWAKnp693uR0vgqSRmAx2;0.02
0garrvrQHDRh6XacFG4o4f;0.04
2YM99W_pfCzgIgQ9a5ZlS9;0.03
0FoPSqbEz2P9RCuqseFw3W;0.02
2idGA3QUT7WPldgf6H5Tsc;0.02
2TLZylxJD4su7$FgY0VV2d;0.03
21KYKnXGP7v8l2APbfGp$v;0.03
0frv6Cm599zfI_Vt4QHzgF;0.02
05lZPA8wL7fQrVVH2GdgRY;0.02
0JWLl0l6X4XvSSDMUHkOYc;0.02
0d9FRPIDD7TOCZ5UZFXP6U;0.03
2PdgxwL754z8qrDt4e3y$K;0.03
2h18uU68X02Pj6Ku1R4Z4x;0.03
2gmiYyabDEtxFff33zSDO$;0.03
2LzmWI8_P5yBGqoSPnwrtr;0.03
1JO1CK1f522Ohf5SRWsO4a;0.03
2TuFqYCTTFZQB8bOkWWDAa;0.03
2XmVW0Rb56kuC$$PGbqvWO;0.03
0Tp1NzIQHCdRKPXgP1PVOD;0.03
2MdbZZWCH0q8yAr5DrMBCm;0.03
34dkKBAk17EP54$L2dLOq7;0.03
1jZNzVwsH4ZgDbG_3B6zHH;0.03
3mCEmg1Fn7R9l2Okgt$cPN;0.03
2LraIiY5bByPXNmHFWQPuw;0.03
0XsHHMMcPFBxqMaiLrmF2B;0.02
3f$GhwhDf63eBpkK$vz0Bn;0.03
3R71juWw1FmuYWHD6Bl5O1;0.03
13UY16_v90IgucDTdMj0rr;0.03
1olPJLZRHEIgCRlGlupnFh;0.03
3IhtQf9Nn9G908RiIhO0by;0.02
0Fq0M0jF5EIwozA5XDm8FF;0.03
2HUwmiQyD8$A5nU1XwLJd8;0.02
0$gIuNrxf1efEDq8X4b2RT;0.03
0WXPr2_4rBif5ohS7qx8Wc;0.03
1HQIrWKAn71Q3ZifNzZyST;0.03
0P_2A47fP2uetd2pF7wN9v;0.02
2hOOcACoP3gBTOHVJkyVNM;0.02
2I0rb55xTASROo8rNxELjv;0.03
2$1MLWAe9AcPuzaaQ4YifB;0.03
156tQlkKP7twcQSUgVKxoo;0.03
3swtIscHn4hBL8$i6mLRH1;0.03
2iC90y19vFBe$SqD2djq1e;0.03
1OTQMjTzvF8eNNF5GBXj8r;0.03
3TWkG9z3f4Jv05rupAayI$;0.04
2S4FSbNoX05PAlurFNDWJ_;0.04
2KlHqAdZT2wwhkNaibEHM6;0.03
24wcAcoGr3axvZjai4taVt;0.02
16T4HH2Pn5b9z0A6Pl4V08;0.03
17NwSKYPPCpvcO09_Hdiem;0.03
0Sdbxx9CTDre$WYxabFyT$;0.03
2pDLAiEPP6zwPyuTa7Y63o;0.03
3GFXKT4vf7Gfez59T3WRU2;0.02
3cifiQsEX6n9ULvNF6GoMj;0.03
3G7eoebfr6uhvnV$l2wZJ9;0.02
33LWxCKTTEM8NpCK7WwoL8;0.02
3egQDlIKfDuQ7FMM_JmF69;0.02
0O2IKMjITCEArekiwhBe3w;0.02
2Lrfr1HHr1fP9ejUiwej4O;0.03
1UV1Qqk7T0sfvOTTn6W6D0;0.02
01ASJaoXjByfX4RRcAfjky;0.03
3A20ga00n5KgzqHbWdmqPh;0.02
0xypNqlw18qfew5Zg$EArI;0.02
0S75Z1czr33v_b1sFl8Qq0;0.02
3s17D0QyP1GeObd27FKBOM;0.03
2eLlmQDsHCvfIbHJlk1jIR;0.03
1zCmUaDrj4EQ4m_T83x2H7;0.02
33C60VPajE09BrJ2vtdhZG;0.02
2bdpJr01zDB8X$hL2$BlYf;0.02
20CAaGAaHCuv4xe$5JvRR3;0.02
1LcgqypFj3pxE0tMQylM$n;0.02
0iMtUDQ0v9XPXztukQWy$t;0.03
2W_Q3ewpv8tw5cLjJCOl_b;0.02
3Q4Ifjgrn778ifakj49Vgn;0.02
2KYHKb7RXBfxXYr3MknhwP;0.02
0cR4eQfJD7j9Pbr5QgnebM;0.02
2rFjJ43fv9z8TBpBc38ztN;0.02
3RsFZOKDHFKuDQF9gEL7EL;0.02
3OUn8vll5EVf5hhtPu84Ai;0.02
3jN$HtmNf2bRpBNmpDqxTB;0.02
3zgOWwS8D2p8BSVnb9rDyP;0.02
2IsBmGnKrCtvHY0WLZjmrr;0.03
3cRZSvHgH8ZOsT8BVuOe_j;0.02
1qwnAEfofASuyAEmCGZyic;0.02
2$nEzimyzDXhslH6LuYdXx;0.03
3Ju6XC5Dv34AetL$RPGne0;0.03
2pc_u0ASP6dw0YRQWTtYVb;0.03
2F9VHS2ZTFHvA9NFxWLLFA;0.02
2Be08Zvg52Og6$VxleuA71;0.03
3T4sw62InAcxD6BDn38C8Q;0.02
0WjLl4lxnD2xxHXa05OzTZ;0.03
0xvleaNOj9$Pk8rHx$ByuK;0.03
2guM2_P7zA2g9XAsYrZo7w;0.02
2ZggdJ59P8IwT2cdyhTcZv;0.03
1obDTX_krCTOcZnGLSOvsn;0.03
22cJmgUrj508OmCQlORrG8;0.02
1oVAlWBur5PA9NyHmymPEf;0.03
0KI$vKynX0Vhv6o2y0CzwC;0.03
003aUR$zT6Txw9ANOKhRyR;0.02
2SnUvj0kv8cwRckfd78P6g;0.03
3ORIDGdaz129FegszbXxDw;0.03
3bH6$YepfEDgCdX7KK$7DC;0.02
3KbstM0G10PwaMxCculqy6;0.04
1qdIhK7$f2ZfePu3DEZKG8;0.03
2_ug5JsCz4SvMDRgoRnmqt;0.02
3YroeYYGr07eAByeIuLORf;0.03
06XBAaJ_5CLOzwf$5NLgL9;0.02
2PIHSLdEP0Vx0SoyCosFR9;0.03
03$Py5S2fCWvzje2PiUYVw;0.02
1Lj2ME8Bf9j8aU8h$QIg$T;0.02
2A5mu4K3P6pvWXpE3dWeIA;0.02
1k_IJLmRj1TOkekw44rzMT;0.02
3LlkzRDU1DKAYqVQsH0RE7;0.04
0lb8Nv771A5wwbzI92KteO;0.02
3hxKY1BXfENvxZ_LR6s5E6;0.02
1Xg9Zq3Kz1$RjDdz_yvnoB;0.02
22M4ZPOxrBpPHPg$VbA6tW;0.03
3pahifk6PA39YdP__txUeb;0.02
2NZUhVdab1aPPLOXtu8MAv;0.02
1BGvFSknf9kvGnIYZfk6hd;0.03
3PHbgr0fr009pu1eTzEwc6;0.02
1F9pldd6T25wr_uxlfIJro;0.04
1f34HTjQT2PheoAkt3$808;0.02
3_cvXaH0X7AuKZvymYCDw4;0.02
0IjaK108XFdQc_ACShBmLe;0.02
3L2hUxo_D3Vh3fRadtaQtC;0.02
3QuqIIyjPArAPMpbxk4tXa;0.03
1QDLMJQ0rBJxXyOwt6eO_2;0.02
3CPkgMiqrFwP9N2JOZNVXR;0.02
1JFHbhXZvFoBs6DhKqpvvo;0.02
16cjlCD5163hPGTP2diNbd;0.02
0Xyrh$nDr95POpacimgrOe;0.02
0zmpQ0hd17CwRhF8QZ8w3B;0.02
1rt2OVzZ58aRLJ7d7_VByw;0.02
1ytdXETJrFYAcq3FtQs9g2;0.02
3rMUymCrX8S9edGM9rghdh;0.03
3uFjefwdP3zPPtSpgDTF3I;0.03
0E_MA7WMX5SBRHliDFsOJu;0.03
2cmIAdjhD2FR5gaJKw4OiI;0.03
1l$xS4N9L3oQ4hL6zH3oPf;0.02
2aQt9uGo99Yx2$eVIX$3A_;0.03
1cpoYiTc9CagSpu0Hgr30M;0.02
0uKvIj_kH5hwna6fMTNJ$G;0.04
1NduQMNe1Fi8UzVc1r8jsA;0.03
3P3ZUYJkH7mxPyaSXexD_l;0.02
3OwFT1TfnEEOgYbIIwSGmV;0.02
1kLm0WT5z2PBPOSvh$A5BB;0.04
1Df_R1QNnEZv1iPYkTBYde;0.02
0n4hmN_n5EVxTIOfxfRznU;0.02
3BwvJRPm507QDUyQfVpYsH;0.02
25V0gbWmn0TBxea1JGwmZE;0.02
1AX1_G3tf60BKa0rXx$lSP;0.02
23ZB3taTDEuRlyJBQ1elnB;0.03
3Je43pIYH80vhrbeMjmp8q;0.04
3j9VShYcL0FQuiNr5a_kTz;0.03
0RMJ2OXvP0dOU5INoll7J3;0.03
2RtY7ZwzrCAxQFR8IgQTR2;0.02
1B1uywk8HCKwR5ZyPXmEHx;0.02
2oAxIorFL3cQLwrKY9wlbE;0.02
0V3PoMLvnDwhySVPErDg8A;0.02
1KDHnRk$j0OfgIokZB7rMg;0.02
05g1ugqPv6MQnHQzEF3M73;0.02
2q4cHVjoT9fe$EPcEKbK4F;0.02
1vgqwSTqfCIAUMddKa9sJu;0.02
1$JmcIcQH04hKHlerAD6e0;0.02
0fWsRiR8z0lvlFn8CR8RkV;0.03
2$ekEp2Iz5TgA4llMWG$Cg;0.02
2AxEMB9$rA9Q22Ksx33Wvq;0.02
1mahQS5ELEWxF08zwe06bc;0.02
2_PqarfEz23fvorHkVrmZD;0.02
2U$QtUwrjC2hQlrpI57lsX;0.02
0agJqPXb1DQRnGr3nDqAde;0.02
1vyT6oJpX2XhkYM0qhDnKY;0.02
0m2xaMAEj4IeRn1NVZ_dfR;0.03
3rcE0HPrfDgRd71JOJ3Hpv;0.03
1ZjZwSaP9FcRuhIHFc9yId;0.02
0wNnG$72zFXhVGhk_JNhc4;0.02
2cbobN_nr01fxLR3ZxRLF2;0.02
2Okk2$ew98IRF3UiM9ZXpB;0.02
3WOXb5U1j73BZN7gXirzRb;0.02
3Bq3mWDGHERhewfkEAHrzw;0.02
2s4sx35tXFdwVSzUIesVEn;0.02
1RpfP4omLDdBdWHxnayCyR;0.02
0azKh3inj1I8MKpnYvQtuh;0.02
3_pvU5PbvDXBc_EZqGaWiO;0.02
20V2mNZ2DDNweoUeWrAtqi;0.02
2$ucqkTEf8HP7m6bpOdn1p;0.02
26YhwKniX4vB_XnjEtTf39;0.02
3lylC0ycH4DBnEwKl2gefj;0.02
3VRUl5mKv07wcmeTG1q65M;0.03
0s99vN3n14NgAjnHppLNTs;0.03
1MLr8_K6vCx8xlDQyScMxR;0.04
2oEHTxtYv5yeqZzpwsMtjB;0.02
18Vg_ilOXC1uNcxdBZz2ex;0.02
3$wSGIA5TDFRZR93WGMbSe;0.02
0wreuZ5R5C9eH5xxb4AksT;0.02
3vb4d6lvP0QRPFWI46X0fu;0.02
2Zq9nBLAjBBAq1TdGciSZD;0.02
26StA5C8jAGOXvhVn_zoOM;0.03
3rcuvg0EjEjg3mtf9Pz_$P;0.02
1C_i2VLL96FungTpoF2w$M;0.04
0AtyaQLDD35Bd25PaduV6A;0.04
1b7LjpBhj6oe3EOG8w4QUa;0.04
27SXUgBEH4jehrS1JdGEoQ;0.02
3VM8hhA$9FKAjRN8EJ0EdO;0.03
1pHJLzRa552xje1jxOgYR9;0.02
3gw3mLjL18tQfjJWjr3l6C;0.02
1kna2INoT2$wE3BJxsIDAK;0.02
1wtKSiv2H8K8rx8E3puXyJ;0.02
0J5t$ZacH0wAuFdigdZBcZ;0.02
19DMmIiiP66uDR2DcB7OUS;0.02
2gcsmlEYb6UxnKTEpdtXQ3;0.02
3YXJ6gw8nBqvxo334GCYc$;0.02
2EKXdwrRbDaRtNKSz0PF3m;0.02
3N5zuLXVjCl9bQG5y4jYvJ;0.02
316iim4sD8yBX9a9rlgCaf;0.02
1NOxbhF8D8NBdfmXOjyjEv;0.02
1GqsNB6ebEHe909RBgZLrV;0.02
2BXpJ$e4r9FuNTwdBn$x5T;0.02
2gNaz4xMLAev1d64_1ArWp;0.02
284L822ZvFWvZ3CEGHhcR2;0.02
3EX5e4vq91gAXj1XSsFMxO;0.02
16ZOB$kNv9quScSEHpkHtU;0.02
3F4WOhvhz1R9WpqA9Pcg8$;0.02
1UwqgdSX18nO5uzVyGcoiq;0.02
0dsh2Yu9z5Ph817ehtc9d2;0.02
2s_ud1MV50UAW8VqxLz0Tn;0.02
0Ck7ZnWxn5PxGlvIL1gxC6;0.02
2IS5pGcD977Qj2wQJ9lnL1;0.02
3rAE_QrfLAEx_D5dEd9SzU;0.02
2KAmAM3MP7AAShmZ2uZ2VF;0.02
11ktZ4igP90AAOUMRURxAc;0.02
2P6oNa$5P5kO4E$ZLWHIsV;0.02
0KBAYng5n0VeS$oynUU1kH;0.02
2rRlnx0Wf81hzjHORF6U48;0.03
1dR_CndIf0Ye0hDVx$oihD;0.02
1YRMJM1EnDuhmiGkQgQ3DC;0.03
0paiDapJbAFw0MPbE6Gtvr;0.02
3aoSAV_xr0Bgq9gNMHSO69;0.03
2$1r$BN$v6eRCV0Qsdbp_z;0.03
